{
  "type": "FeatureCollection",
  "features": [
    {
      "type": "Feature",
      "properties": {
        "building_id": "bldg_0001",
        "building_type": "public",
        "estimated_households": 0,
        "estimated_population": 0,
        "area_sq_m": 132.2
      },
      "geometry": {
        "type": "Polygon",
        "coordinates": [
          [
            [
              77.68680196306858,
              12.698305202722944
            ],
            [
              77.68691080376492,
              12.698214830443101
            ],
            [
              77.68695926926293,
              12.698273200316697
            ],
            [
              77.68685042856659,
              12.69836357259654
            ],
            [
              77.68680196306858,
              12.698305202722944
            ]
          ]
        ]
      }
    },
    {
      "type": "Feature",
      "properties": {
        "building_id": "bldg_0002",
        "building_type": "residential",
        "estimated_households": 1,
        "estimated_population": 3,
        "area_sq_m": 108.4
      },
      "geometry": {
        "type": "Polygon",
        "coordinates": [
          [
            [
              77.68672404452805,
              12.700592938217781
            ],
            [
              77.68680561133887,
              12.70053775720815
            ],
            [
              77.6868556557928,
              12.700611731325925
            ],
            [
              77.68677408898198,
              12.700666912335556
            ],
            [
              77.68672404452805,
              12.700592938217781
            ]
          ]
        ]
      }
    },
    {
      "type": "Feature",
      "properties": {
        "building_id": "bldg_0003",
        "building_type": "residential",
        "estimated_households": 1,
        "estimated_population": 5,
        "area_sq_m": 130.5
      },
      "geometry": {
        "type": "Polygon",
        "coordinates": [
          [
            [
              77.68750035170746,
              12.698900345317227
            ],
            [
              77.68754737401831,
              12.698976094508787
            ],
            [
              77.68744645039263,
              12.699038744182022
            ],
            [
              77.68739942808178,
              12.698962994990463
            ],
            [
              77.68750035170746,
              12.698900345317227
            ]
          ]
        ]
      }
    },
    {
      "type": "Feature",
      "properties": {
        "building_id": "bldg_0004",
        "building_type": "residential",
        "estimated_households": 1,
        "estimated_population": 5,
        "area_sq_m": 126.3
      },
      "geometry": {
        "type": "Polygon",
        "coordinates": [
          [
            [
              77.6856288232306,
              12.69683787932626
            ],
            [
              77.68559701425485,
              12.69675601050574
            ],
            [
              77.68570579501453,
              12.69671374527552
            ],
            [
              77.68573760399028,
              12.69679561409604
            ],
            [
              77.6856288232306,
              12.69683787932626
            ]
          ]
        ]
      }
    },
    {
      "type": "Feature",
      "properties": {
        "building_id": "bldg_0005",
        "building_type": "residential",
        "estimated_households": 1,
        "estimated_population": 3,
        "area_sq_m": 125.4
      },
      "geometry": {
        "type": "Polygon",
        "coordinates": [
          [
            [
              77.68753093667756,
              12.698867311455807
            ],
            [
              77.68764553826055,
              12.698898144064758
            ],
            [
              77.68762325046514,
              12.698980985469472
            ],
            [
              77.68750864888214,
              12.69895015286052
            ],
            [
              77.68753093667756,
              12.698867311455807
            ]
          ]
        ]
      }
    },
    {
      "type": "Feature",
      "properties": {
        "building_id": "bldg_0006",
        "building_type": "residential",
        "estimated_households": 1,
        "estimated_population": 5,
        "area_sq_m": 79.5
      },
      "geometry": {
        "type": "Polygon",
        "coordinates": [
          [
            [
              77.68697400613064,
              12.698038215113973
            ],
            [
              77.68699233956171,
              12.697942487806849
            ],
            [
              77.68705732609573,
              12.69795493384944
            ],
            [
              77.68703899266465,
              12.698050661156564
            ],
            [
              77.68697400613064,
              12.698038215113973
            ]
          ]
        ]
      }
    },
    {
      "type": "Feature",
      "properties": {
        "building_id": "bldg_0007",
        "building_type": "residential",
        "estimated_households": 1,
        "estimated_population": 4,
        "area_sq_m": 83.0
      },
      "geometry": {
        "type": "Polygon",
        "coordinates": [
          [
            [
              77.68613305738711,
              12.695825542308933
            ],
            [
              77.68616283445654,
              12.695733676087594
            ],
            [
              77.68622918603194,
              12.69575518296399
            ],
            [
              77.68619940896251,
              12.69584704918533
            ],
            [
              77.68613305738711,
              12.695825542308933
            ]
          ]
        ]
      }
    },
    {
      "type": "Feature",
      "properties": {
        "building_id": "bldg_0008",
        "building_type": "commercial",
        "estimated_households": 0,
        "estimated_population": 0,
        "area_sq_m": 147.4
      },
      "geometry": {
        "type": "Polygon",
        "coordinates": [
          [
            [
              77.68843195937566,
              12.69899812917003
            ],
            [
              77.68846524220257,
              12.698900387511149
            ],
            [
              77.68857490749804,
              12.698937730554933
            ],
            [
              77.68854162467113,
              12.699035472213815
            ],
            [
              77.68843195937566,
              12.69899812917003
            ]
          ]
        ]
      }
    },
    {
      "type": "Feature",
      "properties": {
        "building_id": "bldg_0009",
        "building_type": "residential",
        "estimated_households": 1,
        "estimated_population": 3,
        "area_sq_m": 110.7
      },
      "geometry": {
        "type": "Polygon",
        "coordinates": [
          [
            [
              77.68655423590278,
              12.69754725872328
            ],
            [
              77.68664806165098,
              12.697450031562962
            ],
            [
              77.68669590357311,
              12.697496199774854
            ],
            [
              77.6866020778249,
              12.697593426935171
            ],
            [
              77.68655423590278,
              12.69754725872328
            ]
          ]
        ]
      }
    },
    {
      "type": "Feature",
      "properties": {
        "building_id": "bldg_0010",
        "building_type": "residential",
        "estimated_households": 1,
        "estimated_population": 3,
        "area_sq_m": 140.6
      },
      "geometry": {
        "type": "Polygon",
        "coordinates": [
          [
            [
              77.68698596932809,
              12.701261770138965
            ],
            [
              77.68705811876173,
              12.701186207499065
            ],
            [
              77.68713712126002,
              12.701261641410776
            ],
            [
              77.68706497182639,
              12.701337204050676
            ],
            [
              77.68698596932809,
              12.701261770138965
            ]
          ]
        ]
      }
    },
    {
      "type": "Feature",
      "properties": {
        "building_id": "bldg_0011",
        "building_type": "commercial",
        "estimated_households": 0,
        "estimated_population": 0,
        "area_sq_m": 134.0
      },
      "geometry": {
        "type": "Polygon",
        "coordinates": [
          [
            [
              77.68613451554387,
              12.699311885526336
            ],
            [
              77.68600061684239,
              12.699303963209015
            ],
            [
              77.6860054050239,
              12.699223035967487
            ],
            [
              77.68613930372538,
              12.699230958284808
            ],
            [
              77.68613451554387,
              12.699311885526336
            ]
          ]
        ]
      }
    },
    {
      "type": "Feature",
      "properties": {
        "building_id": "bldg_0012",
        "building_type": "residential",
        "estimated_households": 1,
        "estimated_population": 5,
        "area_sq_m": 120.2
      },
      "geometry": {
        "type": "Polygon",
        "coordinates": [
          [
            [
              77.6879402004406,
              12.69836786446467
            ],
            [
              77.68808343375666,
              12.698340914723927
            ],
            [
              77.68809580790649,
              12.698406681238358
            ],
            [
              77.68795257459043,
              12.698433630979101
            ],
            [
              77.6879402004406,
              12.69836786446467
            ]
          ]
        ]
      }
    },
    {
      "type": "Feature",
      "properties": {
        "building_id": "bldg_0013",
        "building_type": "residential",
        "estimated_households": 1,
        "estimated_population": 4,
        "area_sq_m": 92.9
      },
      "geometry": {
        "type": "Polygon",
        "coordinates": [
          [
            [
              77.68728517095634,
              12.698382529414914
            ],
            [
              77.68727339932948,
              12.698295735879558
            ],
            [
              77.68735869225101,
              12.698284167777835
            ],
            [
              77.68737046387787,
              12.698370961313191
            ],
            [
              77.68728517095634,
              12.698382529414914
            ]
          ]
        ]
      }
    },
    {
      "type": "Feature",
      "properties": {
        "building_id": "bldg_0014",
        "building_type": "commercial",
        "estimated_households": 0,
        "estimated_population": 0,
        "area_sq_m": 149.6
      },
      "geometry": {
        "type": "Polygon",
        "coordinates": [
          [
            [
              77.68895559653683,
              12.698696037575077
            ],
            [
              77.6889496463312,
              12.698578496445549
            ],
            [
              77.68905268019728,
              12.698573280631363
            ],
            [
              77.68905863040291,
              12.698690821760891
            ],
            [
              77.68895559653683,
              12.698696037575077
            ]
          ]
        ]
      }
    },
    {
      "type": "Feature",
      "properties": {
        "building_id": "bldg_0015",
        "building_type": "residential",
        "estimated_households": 1,
        "estimated_population": 3,
        "area_sq_m": 207.9
      },
      "geometry": {
        "type": "Polygon",
        "coordinates": [
          [
            [
              77.68671803248311,
              12.700188789988767
            ],
            [
              77.68661330406486,
              12.700086461447658
            ],
            [
              77.6866938455414,
              12.700004031058752
            ],
            [
              77.68679857395965,
              12.700106359599861
            ],
            [
              77.68671803248311,
              12.700188789988767
            ]
          ]
        ]
      }
    },
    {
      "type": "Feature",
      "properties": {
        "building_id": "bldg_0016",
        "building_type": "residential",
        "estimated_households": 1,
        "estimated_population": 5,
        "area_sq_m": 105.8
      },
      "geometry": {
        "type": "Polygon",
        "coordinates": [
          [
            [
              77.68601996571361,
              12.697381772349608
            ],
            [
              77.68593683745397,
              12.697440273631448
            ],
            [
              77.68588820419266,
              12.697371167481204
            ],
            [
              77.68597133245231,
              12.697312666199364
            ],
            [
              77.68601996571361,
              12.697381772349608
            ]
          ]
        ]
      }
    },
    {
      "type": "Feature",
      "properties": {
        "building_id": "bldg_0017",
        "building_type": "residential",
        "estimated_households": 1,
        "estimated_population": 5,
        "area_sq_m": 180.8
      },
      "geometry": {
        "type": "Polygon",
        "coordinates": [
          [
            [
              77.68718269607284,
              12.699717800111872
            ],
            [
              77.68730216388532,
              12.699634178908363
            ],
            [
              77.68735987370424,
              12.699716627683747
            ],
            [
              77.68724040589176,
              12.699800248887255
            ],
            [
              77.68718269607284,
              12.699717800111872
            ]
          ]
        ]
      }
    },
    {
      "type": "Feature",
      "properties": {
        "building_id": "bldg_0018",
        "building_type": "residential",
        "estimated_households": 1,
        "estimated_population": 4,
        "area_sq_m": 128.6
      },
      "geometry": {
        "type": "Polygon",
        "coordinates": [
          [
            [
              77.68739951041553,
              12.698680047030546
            ],
            [
              77.68733746112501,
              12.698589106546983
            ],
            [
              77.68741576891713,
              12.698535676624982
            ],
            [
              77.68747781820765,
              12.698626617108545
            ],
            [
              77.68739951041553,
              12.698680047030546
            ]
          ]
        ]
      }
    },
    {
      "type": "Feature",
      "properties": {
        "building_id": "bldg_0019",
        "building_type": "residential",
        "estimated_households": 1,
        "estimated_population": 3,
        "area_sq_m": 96.3
      },
      "geometry": {
        "type": "Polygon",
        "coordinates": [
          [
            [
              77.68644903894031,
              12.69778126949558
            ],
            [
              77.68639137943066,
              12.697717548829031
            ],
            [
              77.6864588012073,
              12.697656540261631
            ],
            [
              77.68651646071694,
              12.69772026092818
            ],
            [
              77.68644903894031,
              12.69778126949558
            ]
          ]
        ]
      }
    },
    {
      "type": "Feature",
      "properties": {
        "building_id": "bldg_0020",
        "building_type": "residential",
        "estimated_households": 1,
        "estimated_population": 3,
        "area_sq_m": 115.1
      },
      "geometry": {
        "type": "Polygon",
        "coordinates": [
          [
            [
              77.68719634591403,
              12.69637142186699
            ],
            [
              77.68723628085388,
              12.696492080545747
            ],
            [
              77.68716652387786,
              12.696515168322525
            ],
            [
              77.68712658893801,
              12.696394509643769
            ],
            [
              77.68719634591403,
              12.69637142186699
            ]
          ]
        ]
      }
    },
    {
      "type": "Feature",
      "properties": {
        "building_id": "bldg_0021",
        "building_type": "residential",
        "estimated_households": 1,
        "estimated_population": 5,
        "area_sq_m": 110.6
      },
      "geometry": {
        "type": "Polygon",
        "coordinates": [
          [
            [
              77.68632142908304,
              12.700283645325687
            ],
            [
              77.68620162148989,
              12.700355068488149
            ],
            [
              77.6861686602547,
              12.700299778213697
            ],
            [
              77.68628846784785,
              12.700228355051236
            ],
            [
              77.68632142908304,
              12.700283645325687
            ]
          ]
        ]
      }
    },
    {
      "type": "Feature",
      "properties": {
        "building_id": "bldg_0022",
        "building_type": "residential",
        "estimated_households": 1,
        "estimated_population": 3,
        "area_sq_m": 105.4
      },
      "geometry": {
        "type": "Polygon",
        "coordinates": [
          [
            [
              77.68695779756115,
              12.700778834845554
            ],
            [
              77.68689401075154,
              12.700683619981902
            ],
            [
              77.68695602079998,
              12.700642077905368
            ],
            [
              77.68701980760959,
              12.70073729276902
            ],
            [
              77.68695779756115,
              12.700778834845554
            ]
          ]
        ]
      }
    },
    {
      "type": "Feature",
      "properties": {
        "building_id": "bldg_0023",
        "building_type": "residential",
        "estimated_households": 1,
        "estimated_population": 3,
        "area_sq_m": 170.9
      },
      "geometry": {
        "type": "Polygon",
        "coordinates": [
          [
            [
              77.68645404839917,
              12.69760887195009
            ],
            [
              77.68632112757176,
              12.69763897822962
            ],
            [
              77.68629864971156,
              12.697539737279838
            ],
            [
              77.68643157053897,
              12.697509631000308
            ],
            [
              77.68645404839917,
              12.69760887195009
            ]
          ]
        ]
      }
    },
    {
      "type": "Feature",
      "properties": {
        "building_id": "bldg_0024",
        "building_type": "residential",
        "estimated_households": 1,
        "estimated_population": 5,
        "area_sq_m": 96.7
      },
      "geometry": {
        "type": "Polygon",
        "coordinates": [
          [
            [
              77.68692341475882,
              12.698258358726607
            ],
            [
              77.68683578463427,
              12.698240995607438
            ],
            [
              77.68685286492833,
              12.698154792876148
            ],
            [
              77.68694049505288,
              12.698172155995316
            ],
            [
              77.68692341475882,
              12.698258358726607
            ]
          ]
        ]
      }
    },
    {
      "type": "Feature",
      "properties": {
        "building_id": "bldg_0025",
        "building_type": "residential",
        "estimated_households": 1,
        "estimated_population": 4,
        "area_sq_m": 153.4
      },
      "geometry": {
        "type": "Polygon",
        "coordinates": [
          [
            [
              77.68740796102506,
              12.697537609177868
            ],
            [
              77.68748548125983,
              12.697658344736599
            ],
            [
              77.68741247872569,
              12.69770521720437
            ],
            [
              77.68733495849092,
              12.697584481645638
            ],
            [
              77.68740796102506,
              12.697537609177868
            ]
          ]
        ]
      }
    },
    {
      "type": "Feature",
      "properties": {
        "building_id": "bldg_0026",
        "building_type": "residential",
        "estimated_households": 1,
        "estimated_population": 3,
        "area_sq_m": 162.7
      },
      "geometry": {
        "type": "Polygon",
        "coordinates": [
          [
            [
              77.6861805149702,
              12.699781808208144
            ],
            [
              77.68605699316319,
              12.699765177795914
            ],
            [
              77.68607113007644,
              12.699660176365605
            ],
            [
              77.68619465188345,
              12.699676806777834
            ],
            [
              77.6861805149702,
              12.699781808208144
            ]
          ]
        ]
      }
    },
    {
      "type": "Feature",
      "properties": {
        "building_id": "bldg_0027",
        "building_type": "residential",
        "estimated_households": 1,
        "estimated_population": 3,
        "area_sq_m": 94.0
      },
      "geometry": {
        "type": "Polygon",
        "coordinates": [
          [
            [
              77.68613932941349,
              12.699261097517068
            ],
            [
              77.68609691625954,
              12.699351658648274
            ],
            [
              77.68602781615499,
              12.699319296493199
            ],
            [
              77.68607022930894,
              12.699228735361993
            ],
            [
              77.68613932941349,
              12.699261097517068
            ]
          ]
        ]
      }
    },
    {
      "type": "Feature",
      "properties": {
        "building_id": "bldg_0028",
        "building_type": "residential",
        "estimated_households": 1,
        "estimated_population": 4,
        "area_sq_m": 162.2
      },
      "geometry": {
        "type": "Polygon",
        "coordinates": [
          [
            [
              77.6868470304659,
              12.699356098657093
            ],
            [
              77.68696527816384,
              12.699406590190081
            ],
            [
              77.68692507187707,
              12.699500750548713
            ],
            [
              77.68680682417913,
              12.699450259015725
            ],
            [
              77.6868470304659,
              12.699356098657093
            ]
          ]
        ]
      }
    },
    {
      "type": "Feature",
      "properties": {
        "building_id": "bldg_0029",
        "building_type": "public",
        "estimated_households": 0,
        "estimated_population": 0,
        "area_sq_m": 167.9
      },
      "geometry": {
        "type": "Polygon",
        "coordinates": [
          [
            [
              77.68658499753613,
              12.700181905465874
            ],
            [
              77.68653688671453,
              12.700046882023852
            ],
            [
              77.68662641781731,
              12.700014980786202
            ],
            [
              77.6866745286389,
              12.700150004228224
            ],
            [
              77.68658499753613,
              12.700181905465874
            ]
          ]
        ]
      }
    },
    {
      "type": "Feature",
      "properties": {
        "building_id": "bldg_0030",
        "building_type": "residential",
        "estimated_households": 1,
        "estimated_population": 5,
        "area_sq_m": 150.0
      },
      "geometry": {
        "type": "Polygon",
        "coordinates": [
          [
            [
              77.68728085292678,
              12.698182852326536
            ],
            [
              77.68733589486499,
              12.698090746547862
            ],
            [
              77.687433322247,
              12.698148968648791
            ],
            [
              77.68737828030879,
              12.698241074427465
            ],
            [
              77.68728085292678,
              12.698182852326536
            ]
          ]
        ]
      }
    },
    {
      "type": "Feature",
      "properties": {
        "building_id": "bldg_0031",
        "building_type": "residential",
        "estimated_households": 1,
        "estimated_population": 3,
        "area_sq_m": 157.2
      },
      "geometry": {
        "type": "Polygon",
        "coordinates": [
          [
            [
              77.68600383940885,
              12.696052456298943
            ],
            [
              77.68598332538652,
              12.696193822424783
            ],
            [
              77.68589495718619,
              12.696180999075317
            ],
            [
              77.68591547120853,
              12.696039632949477
            ],
            [
              77.68600383940885,
              12.696052456298943
            ]
          ]
        ]
      }
    },
    {
      "type": "Feature",
      "properties": {
        "building_id": "bldg_0032",
        "building_type": "residential",
        "estimated_households": 1,
        "estimated_population": 3,
        "area_sq_m": 197.0
      },
      "geometry": {
        "type": "Polygon",
        "coordinates": [
          [
            [
              77.68680276536796,
              12.696350425085424
            ],
            [
              77.68694058352338,
              12.69633364940856
            ],
            [
              77.68695449997875,
              12.696447978041853
            ],
            [
              77.68681668182333,
              12.696464753718717
            ],
            [
              77.68680276536796,
              12.696350425085424
            ]
          ]
        ]
      }
    },
    {
      "type": "Feature",
      "properties": {
        "building_id": "bldg_0033",
        "building_type": "residential",
        "estimated_households": 1,
        "estimated_population": 3,
        "area_sq_m": 101.3
      },
      "geometry": {
        "type": "Polygon",
        "coordinates": [
          [
            [
              77.68791217719881,
              12.697513801059666
            ],
            [
              77.68779827149662,
              12.69756861871016
            ],
            [
              77.68777006828746,
              12.697510015207223
            ],
            [
              77.68788397398966,
              12.697455197556728
            ],
            [
              77.68791217719881,
              12.697513801059666
            ]
          ]
        ]
      }
    },
    {
      "type": "Feature",
      "properties": {
        "building_id": "bldg_0034",
        "building_type": "residential",
        "estimated_households": 1,
        "estimated_population": 4,
        "area_sq_m": 93.0
      },
      "geometry": {
        "type": "Polygon",
        "coordinates": [
          [
            [
              77.68752340969789,
              12.69909908498949
            ],
            [
              77.68753009422286,
              12.69900450469196
            ],
            [
              77.68760950688315,
              12.699010117234165
            ],
            [
              77.68760282235817,
              12.699104697531695
            ],
            [
              77.68752340969789,
              12.69909908498949
            ]
          ]
        ]
      }
    },
    {
      "type": "Feature",
      "properties": {
        "building_id": "bldg_0035",
        "building_type": "residential",
        "estimated_households": 1,
        "estimated_population": 3,
        "area_sq_m": 78.1
      },
      "geometry": {
        "type": "Polygon",
        "coordinates": [
          [
            [
              77.68617841189722,
              12.695987003047478
            ],
            [
              77.68627534753522,
              12.69599886743864
            ],
            [
              77.68626746122193,
              12.696063300985884
            ],
            [
              77.68617052558393,
              12.696051436594722
            ],
            [
              77.68617841189722,
              12.695987003047478
            ]
          ]
        ]
      }
    },
    {
      "type": "Feature",
      "properties": {
        "building_id": "bldg_0036",
        "building_type": "public",
        "estimated_households": 0,
        "estimated_population": 0,
        "area_sq_m": 165.3
      },
      "geometry": {
        "type": "Polygon",
        "coordinates": [
          [
            [
              77.68755800940795,
              12.698686065212899
            ],
            [
              77.68748536034914,
              12.698583718273161
            ],
            [
              77.6875725105169,
              12.698521856358395
            ],
            [
              77.68764515957571,
              12.698624203298133
            ],
            [
              77.68755800940795,
              12.698686065212899
            ]
          ]
        ]
      }
    },
    {
      "type": "Feature",
      "properties": {
        "building_id": "bldg_0037",
        "building_type": "residential",
        "estimated_households": 1,
        "estimated_population": 5,
        "area_sq_m": 166.3
      },
      "geometry": {
        "type": "Polygon",
        "coordinates": [
          [
            [
              77.6873309074181,
              12.698748701214694
            ],
            [
              77.68734088493954,
              12.698887088016523
            ],
            [
              77.68724385666121,
              12.698894083638322
            ],
            [
              77.68723387913977,
              12.698755696836493
            ],
            [
              77.6873309074181,
              12.698748701214694
            ]
          ]
        ]
      }
    },
    {
      "type": "Feature",
      "properties": {
        "building_id": "bldg_0038",
        "building_type": "residential",
        "estimated_households": 1,
        "estimated_population": 5,
        "area_sq_m": 104.5
      },
      "geometry": {
        "type": "Polygon",
        "coordinates": [
          [
            [
              77.68841587536619,
              12.700478366884923
            ],
            [
              77.68833939936975,
              12.70056094690643
            ],
            [
              77.68828409678127,
              12.70050973209101
            ],
            [
              77.68836057277771,
              12.700427152069503
            ],
            [
              77.68841587536619,
              12.700478366884923
            ]
          ]
        ]
      }
    },
    {
      "type": "Feature",
      "properties": {
        "building_id": "bldg_0039",
        "building_type": "residential",
        "estimated_households": 1,
        "estimated_population": 3,
        "area_sq_m": 115.7
      },
      "geometry": {
        "type": "Polygon",
        "coordinates": [
          [
            [
              77.6884844380337,
              12.698036851793374
            ],
            [
              77.68843413043646,
              12.698161530259256
            ],
            [
              77.68836937708619,
              12.698135402367472
            ],
            [
              77.68841968468342,
              12.69801072390159
            ],
            [
              77.6884844380337,
              12.698036851793374
            ]
          ]
        ]
      }
    },
    {
      "type": "Feature",
      "properties": {
        "building_id": "bldg_0040",
        "building_type": "residential",
        "estimated_households": 1,
        "estimated_population": 3,
        "area_sq_m": 146.0
      },
      "geometry": {
        "type": "Polygon",
        "coordinates": [
          [
            [
              77.68785763214751,
              12.69775401731955
            ],
            [
              77.68799159518043,
              12.697702404288174
            ],
            [
              77.68802126201916,
              12.69777940537854
            ],
            [
              77.68788729898624,
              12.697831018409916
            ],
            [
              77.68785763214751,
              12.69775401731955
            ]
          ]
        ]
      }
    },
    {
      "type": "Feature",
      "properties": {
        "building_id": "bldg_0041",
        "building_type": "residential",
        "estimated_households": 1,
        "estimated_population": 3,
        "area_sq_m": 125.9
      },
      "geometry": {
        "type": "Polygon",
        "coordinates": [
          [
            [
              77.68622633335212,
              12.700875712337963
            ],
            [
              77.68626089880586,
              12.700780693282743
            ],
            [
              77.68635586594388,
              12.700815239850355
            ],
            [
              77.68632130049015,
              12.700910258905575
            ],
            [
              77.68622633335212,
              12.700875712337963
            ]
          ]
        ]
      }
    },
    {
      "type": "Feature",
      "properties": {
        "building_id": "bldg_0042",
        "building_type": "commercial",
        "estimated_households": 0,
        "estimated_population": 0,
        "area_sq_m": 178.0
      },
      "geometry": {
        "type": "Polygon",
        "coordinates": [
          [
            [
              77.68644754275692,
              12.697959962420315
            ],
            [
              77.68651743303366,
              12.697830349834343
            ],
            [
              77.68660381063515,
              12.697876926749897
            ],
            [
              77.68653392035841,
              12.69800653933587
            ],
            [
              77.68644754275692,
              12.697959962420315
            ]
          ]
        ]
      }
    },
    {
      "type": "Feature",
      "properties": {
        "building_id": "bldg_0043",
        "building_type": "residential",
        "estimated_households": 1,
        "estimated_population": 4,
        "area_sq_m": 142.2
      },
      "geometry": {
        "type": "Polygon",
        "coordinates": [
          [
            [
              77.68673920877029,
              12.69945149397988
            ],
            [
              77.68665224728936,
              12.69937393664127
            ],
            [
              77.68671816005369,
              12.699300031686557
            ],
            [
              77.68680512153462,
              12.699377589025167
            ],
            [
              77.68673920877029,
              12.69945149397988
            ]
          ]
        ]
      }
    },
    {
      "type": "Feature",
      "properties": {
        "building_id": "bldg_0044",
        "building_type": "residential",
        "estimated_households": 1,
        "estimated_population": 3,
        "area_sq_m": 125.2
      },
      "geometry": {
        "type": "Polygon",
        "coordinates": [
          [
            [
              77.68626089884698,
              12.696717940723238
            ],
            [
              77.68613420676303,
              12.696722474850572
            ],
            [
              77.68613133893633,
              12.696642342354652
            ],
            [
              77.68625803102029,
              12.696637808227317
            ],
            [
              77.68626089884698,
              12.696717940723238
            ]
          ]
        ]
      }
    },
    {
      "type": "Feature",
      "properties": {
        "building_id": "bldg_0045",
        "building_type": "residential",
        "estimated_households": 1,
        "estimated_population": 3,
        "area_sq_m": 169.2
      },
      "geometry": {
        "type": "Polygon",
        "coordinates": [
          [
            [
              77.68616525183903,
              12.699876127223908
            ],
            [
              77.686050923981,
              12.69983432362531
            ],
            [
              77.6860896628475,
              12.699728377444208
            ],
            [
              77.68620399070552,
              12.699770181042805
            ],
            [
              77.68616525183903,
              12.699876127223908
            ]
          ]
        ]
      }
    },
    {
      "type": "Feature",
      "properties": {
        "building_id": "bldg_0046",
        "building_type": "residential",
        "estimated_households": 1,
        "estimated_population": 5,
        "area_sq_m": 148.4
      },
      "geometry": {
        "type": "Polygon",
        "coordinates": [
          [
            [
              77.688137404073,
              12.699855663114457
            ],
            [
              77.6880957709142,
              12.699749322046644
            ],
            [
              77.6881940008815,
              12.699710864431802
            ],
            [
              77.6882356340403,
              12.699817205499615
            ],
            [
              77.688137404073,
              12.699855663114457
            ]
          ]
        ]
      }
    },
    {
      "type": "Feature",
      "properties": {
        "building_id": "bldg_0047",
        "building_type": "residential",
        "estimated_households": 1,
        "estimated_population": 5,
        "area_sq_m": 124.0
      },
      "geometry": {
        "type": "Polygon",
        "coordinates": [
          [
            [
              77.6871060275825,
              12.699252117560762
            ],
            [
              77.68699409788671,
              12.699189151302072
            ],
            [
              77.68703252350892,
              12.699120845382465
            ],
            [
              77.68714445320471,
              12.699183811641156
            ],
            [
              77.6871060275825,
              12.699252117560762
            ]
          ]
        ]
      }
    },
    {
      "type": "Feature",
      "properties": {
        "building_id": "bldg_0048",
        "building_type": "residential",
        "estimated_households": 1,
        "estimated_population": 5,
        "area_sq_m": 121.4
      },
      "geometry": {
        "type": "Polygon",
        "coordinates": [
          [
            [
              77.68619516985578,
              12.697213950353207
            ],
            [
              77.68619403038505,
              12.697343145174314
            ],
            [
              77.68611777836514,
              12.697342472647788
            ],
            [
              77.68611891783587,
              12.697213277826682
            ],
            [
              77.68619516985578,
              12.697213950353207
            ]
          ]
        ]
      }
    },
    {
      "type": "Feature",
      "properties": {
        "building_id": "bldg_0049",
        "building_type": "residential",
        "estimated_households": 1,
        "estimated_population": 5,
        "area_sq_m": 153.1
      },
      "geometry": {
        "type": "Polygon",
        "coordinates": [
          [
            [
              77.6864976036332,
              12.699277325780773
            ],
            [
              77.68654417111534,
              12.699385215455662
            ],
            [
              77.68644709616441,
              12.699427115072542
            ],
            [
              77.68640052868227,
              12.699319225397653
            ],
            [
              77.6864976036332,
              12.699277325780773
            ]
          ]
        ]
      }
    },
    {
      "type": "Feature",
      "properties": {
        "building_id": "bldg_0050",
        "building_type": "residential",
        "estimated_households": 1,
        "estimated_population": 4,
        "area_sq_m": 81.2
      },
      "geometry": {
        "type": "Polygon",
        "coordinates": [
          [
            [
              77.68799625470307,
              12.69828122664323
            ],
            [
              77.68803058425402,
              12.698374946971393
            ],
            [
              77.6879685813915,
              12.698397658484149
            ],
            [
              77.68793425184055,
              12.698303938155986
            ],
            [
              77.68799625470307,
              12.69828122664323
            ]
          ]
        ]
      }
    },
    {
      "type": "Feature",
      "properties": {
        "building_id": "bldg_0051",
        "building_type": "residential",
        "estimated_households": 1,
        "estimated_population": 4,
        "area_sq_m": 110.6
      },
      "geometry": {
        "type": "Polygon",
        "coordinates": [
          [
            [
              77.68635592908987,
              12.699060079091566
            ],
            [
              77.68647179079677,
              12.699041201874756
            ],
            [
              77.68648408599873,
              12.699116665493118
            ],
            [
              77.68636822429183,
              12.699135542709929
            ],
            [
              77.68635592908987,
              12.699060079091566
            ]
          ]
        ]
      }
    },
    {
      "type": "Feature",
      "properties": {
        "building_id": "bldg_0052",
        "building_type": "residential",
        "estimated_households": 1,
        "estimated_population": 4,
        "area_sq_m": 155.2
      },
      "geometry": {
        "type": "Polygon",
        "coordinates": [
          [
            [
              77.68584460429423,
              12.6978524893216
            ],
            [
              77.6859427229442,
              12.69775151804991
            ],
            [
              77.68600687528848,
              12.697813857974017
            ],
            [
              77.68590875663851,
              12.697914829245706
            ],
            [
              77.68584460429423,
              12.6978524893216
            ]
          ]
        ]
      }
    },
    {
      "type": "Feature",
      "properties": {
        "building_id": "bldg_0053",
        "building_type": "residential",
        "estimated_households": 1,
        "estimated_population": 4,
        "area_sq_m": 159.4
      },
      "geometry": {
        "type": "Polygon",
        "coordinates": [
          [
            [
              77.68637045973504,
              12.699226679717498
            ],
            [
              77.68643431907387,
              12.699095525836402
            ],
            [
              77.68651403553515,
              12.699134340093881
            ],
            [
              77.68645017619633,
              12.699265493974977
            ],
            [
              77.68637045973504,
              12.699226679717498
            ]
          ]
        ]
      }
    },
    {
      "type": "Feature",
      "properties": {
        "building_id": "bldg_0054",
        "building_type": "residential",
        "estimated_households": 1,
        "estimated_population": 3,
        "area_sq_m": 71.2
      },
      "geometry": {
        "type": "Polygon",
        "coordinates": [
          [
            [
              77.68806875447369,
              12.699583418947402
            ],
            [
              77.68799144569265,
              12.69955120317056
            ],
            [
              77.68801796829185,
              12.699487556410638
            ],
            [
              77.68809527707289,
              12.699519772187479
            ],
            [
              77.68806875447369,
              12.699583418947402
            ]
          ]
        ]
      }
    },
    {
      "type": "Feature",
      "properties": {
        "building_id": "bldg_0055",
        "building_type": "residential",
        "estimated_households": 1,
        "estimated_population": 5,
        "area_sq_m": 158.5
      },
      "geometry": {
        "type": "Polygon",
        "coordinates": [
          [
            [
              77.68692238553699,
              12.698626720430166
            ],
            [
              77.6869561899598,
              12.698497559835895
            ],
            [
              77.68704942851473,
              12.698521962600157
            ],
            [
              77.68701562409191,
              12.698651123194429
            ],
            [
              77.68692238553699,
              12.698626720430166
            ]
          ]
        ]
      }
    },
    {
      "type": "Feature",
      "properties": {
        "building_id": "bldg_0056",
        "building_type": "residential",
        "estimated_households": 1,
        "estimated_population": 5,
        "area_sq_m": 113.3
      },
      "geometry": {
        "type": "Polygon",
        "coordinates": [
          [
            [
              77.68887854264206,
              12.699744430925145
            ],
            [
              77.68881726156212,
              12.69968275194119
            ],
            [
              77.68889228978351,
              12.699608207742548
            ],
            [
              77.68895357086345,
              12.699669886726504
            ],
            [
              77.68887854264206,
              12.699744430925145
            ]
          ]
        ]
      }
    },
    {
      "type": "Feature",
      "properties": {
        "building_id": "bldg_0057",
        "building_type": "commercial",
        "estimated_households": 0,
        "estimated_population": 0,
        "area_sq_m": 101.4
      },
      "geometry": {
        "type": "Polygon",
        "coordinates": [
          [
            [
              77.68721867207256,
              12.699138568804553
            ],
            [
              77.68711909791855,
              12.699203069259255
            ],
            [
              77.68708137174482,
              12.699144828556125
            ],
            [
              77.68718094589883,
              12.699080328101424
            ],
            [
              77.68721867207256,
              12.699138568804553
            ]
          ]
        ]
      }
    },
    {
      "type": "Feature",
      "properties": {
        "building_id": "bldg_0058",
        "building_type": "residential",
        "estimated_households": 1,
        "estimated_population": 5,
        "area_sq_m": 138.9
      },
      "geometry": {
        "type": "Polygon",
        "coordinates": [
          [
            [
              77.68643813927622,
              12.700933197740472
            ],
            [
              77.68638860678081,
              12.700813859854902
            ],
            [
              77.68646918360628,
              12.700780415561674
            ],
            [
              77.68651871610169,
              12.700899753447244
            ],
            [
              77.68643813927622,
              12.700933197740472
            ]
          ]
        ]
      }
    },
    {
      "type": "Feature",
      "properties": {
        "building_id": "bldg_0059",
        "building_type": "residential",
        "estimated_households": 1,
        "estimated_population": 3,
        "area_sq_m": 81.3
      },
      "geometry": {
        "type": "Polygon",
        "coordinates": [
          [
            [
              77.68648276708124,
              12.699305522536532
            ],
            [
              77.68647337877468,
              12.699400797759221
            ],
            [
              77.6864047716898,
              12.699394037299085
            ],
            [
              77.68641415999636,
              12.699298762076396
            ],
            [
              77.68648276708124,
              12.699305522536532
            ]
          ]
        ]
      }
    },
    {
      "type": "Feature",
      "properties": {
        "building_id": "bldg_0060",
        "building_type": "residential",
        "estimated_households": 1,
        "estimated_population": 3,
        "area_sq_m": 164.1
      },
      "geometry": {
        "type": "Polygon",
        "coordinates": [
          [
            [
              77.68842021199013,
              12.699493783794784
            ],
            [
              77.68852725353628,
              12.699435977394565
            ],
            [
              77.68857926344644,
              12.699532285436193
            ],
            [
              77.6884722219003,
              12.699590091836413
            ],
            [
              77.68842021199013,
              12.699493783794784
            ]
          ]
        ]
      }
    },
    {
      "type": "Feature",
      "properties": {
        "building_id": "bldg_0061",
        "building_type": "residential",
        "estimated_households": 1,
        "estimated_population": 5,
        "area_sq_m": 74.3
      },
      "geometry": {
        "type": "Polygon",
        "coordinates": [
          [
            [
              77.68598136766354,
              12.696658199416477
            ],
            [
              77.68594390546524,
              12.696585470133812
            ],
            [
              77.68600945603256,
              12.696551705627106
            ],
            [
              77.68604691823087,
              12.696624434909772
            ],
            [
              77.68598136766354,
              12.696658199416477
            ]
          ]
        ]
      }
    },
    {
      "type": "Feature",
      "properties": {
        "building_id": "bldg_0062",
        "building_type": "public",
        "estimated_households": 0,
        "estimated_population": 0,
        "area_sq_m": 119.2
      },
      "geometry": {
        "type": "Polygon",
        "coordinates": [
          [
            [
              77.68899506996242,
              12.697639374430358
            ],
            [
              77.68911809173233,
              12.697671152005189
            ],
            [
              77.68909904148516,
              12.697744901973087
            ],
            [
              77.68897601971526,
              12.697713124398256
            ],
            [
              77.68899506996242,
              12.697639374430358
            ]
          ]
        ]
      }
    },
    {
      "type": "Feature",
      "properties": {
        "building_id": "bldg_0063",
        "building_type": "residential",
        "estimated_households": 1,
        "estimated_population": 5,
        "area_sq_m": 104.8
      },
      "geometry": {
        "type": "Polygon",
        "coordinates": [
          [
            [
              77.68694824273952,
              12.700169964492087
            ],
            [
              77.68705917836377,
              12.700167835137828
            ],
            [
              77.68706065010754,
              12.70024451040878
            ],
            [
              77.68694971448329,
              12.700246639763039
            ],
            [
              77.68694824273952,
              12.700169964492087
            ]
          ]
        ]
      }
    },
    {
      "type": "Feature",
      "properties": {
        "building_id": "bldg_0064",
        "building_type": "residential",
        "estimated_households": 1,
        "estimated_population": 3,
        "area_sq_m": 117.5
      },
      "geometry": {
        "type": "Polygon",
        "coordinates": [
          [
            [
              77.68740082417098,
              12.695884342267673
            ],
            [
              77.68735207519171,
              12.69598617601121
            ],
            [
              77.6872758574233,
              12.695949689692592
            ],
            [
              77.68732460640257,
              12.695847855949054
            ],
            [
              77.68740082417098,
              12.695884342267673
            ]
          ]
        ]
      }
    },
    {
      "type": "Feature",
      "properties": {
        "building_id": "bldg_0065",
        "building_type": "public",
        "estimated_households": 0,
        "estimated_population": 0,
        "area_sq_m": 108.7
      },
      "geometry": {
        "type": "Polygon",
        "coordinates": [
          [
            [
              77.68697974562433,
              12.696844529989798
            ],
            [
              77.68693005608131,
              12.696944723032798
            ],
            [
              77.68685939725681,
              12.696909680632702
            ],
            [
              77.68690908679983,
              12.696809487589702
            ],
            [
              77.68697974562433,
              12.696844529989798
            ]
          ]
        ]
      }
    },
    {
      "type": "Feature",
      "properties": {
        "building_id": "bldg_0066",
        "building_type": "residential",
        "estimated_households": 1,
        "estimated_population": 5,
        "area_sq_m": 123.3
      },
      "geometry": {
        "type": "Polygon",
        "coordinates": [
          [
            [
              77.68834517093374,
              12.698374129998118
            ],
            [
              77.68839026398253,
              12.698483154139806
            ],
            [
              77.68831190693366,
              12.698515563092279
            ],
            [
              77.68826681388488,
              12.698406538950591
            ],
            [
              77.68834517093374,
              12.698374129998118
            ]
          ]
        ]
      }
    },
    {
      "type": "Feature",
      "properties": {
        "building_id": "bldg_0067",
        "building_type": "residential",
        "estimated_households": 1,
        "estimated_population": 4,
        "area_sq_m": 118.5
      },
      "geometry": {
        "type": "Polygon",
        "coordinates": [
          [
            [
              77.68632632627073,
              12.696597589385174
            ],
            [
              77.68619944587842,
              12.696557050150327
            ],
            [
              77.68622142406433,
              12.69648826244719
            ],
            [
              77.68634830445664,
              12.696528801682037
            ],
            [
              77.68632632627073,
              12.696597589385174
            ]
          ]
        ]
      }
    },
    {
      "type": "Feature",
      "properties": {
        "building_id": "bldg_0068",
        "building_type": "commercial",
        "estimated_households": 0,
        "estimated_population": 0,
        "area_sq_m": 98.8
      },
      "geometry": {
        "type": "Polygon",
        "coordinates": [
          [
            [
              77.68738533185096,
              12.697463764733898
            ],
            [
              77.68741034109699,
              12.697385649695352
            ],
            [
              77.68750348514705,
              12.697415470617264
            ],
            [
              77.68747847590102,
              12.69749358565581
            ],
            [
              77.68738533185096,
              12.697463764733898
            ]
          ]
        ]
      }
    },
    {
      "type": "Feature",
      "properties": {
        "building_id": "bldg_0069",
        "building_type": "residential",
        "estimated_households": 1,
        "estimated_population": 4,
        "area_sq_m": 95.9
      },
      "geometry": {
        "type": "Polygon",
        "coordinates": [
          [
            [
              77.68715140293006,
              12.700149439107323
            ],
            [
              77.68726992013663,
              12.700143668712423
            ],
            [
              77.68727310994439,
              12.700209183657394
            ],
            [
              77.68715459273781,
              12.700214954052294
            ],
            [
              77.68715140293006,
              12.700149439107323
            ]
          ]
        ]
      }
    },
    {
      "type": "Feature",
      "properties": {
        "building_id": "bldg_0070",
        "building_type": "commercial",
        "estimated_households": 0,
        "estimated_population": 0,
        "area_sq_m": 129.7
      },
      "geometry": {
        "type": "Polygon",
        "coordinates": [
          [
            [
              77.6882612581795,
              12.697884002918743
            ],
            [
              77.68823765575273,
              12.697971658876153
            ],
            [
              77.68812568461829,
              12.697941509293871
            ],
            [
              77.68814928704505,
              12.697853853336461
            ],
            [
              77.6882612581795,
              12.697884002918743
            ]
          ]
        ]
      }
    },
    {
      "type": "Feature",
      "properties": {
        "building_id": "bldg_0071",
        "building_type": "residential",
        "estimated_households": 1,
        "estimated_population": 5,
        "area_sq_m": 121.3
      },
      "geometry": {
        "type": "Polygon",
        "coordinates": [
          [
            [
              77.6872192918348,
              12.698458761097646
            ],
            [
              77.68732387519735,
              12.698402854338267
            ],
            [
              77.68736301142431,
              12.698476065489471
            ],
            [
              77.68725842806175,
              12.69853197224885
            ],
            [
              77.6872192918348,
              12.698458761097646
            ]
          ]
        ]
      }
    },
    {
      "type": "Feature",
      "properties": {
        "building_id": "bldg_0072",
        "building_type": "residential",
        "estimated_households": 1,
        "estimated_population": 4,
        "area_sq_m": 131.5
      },
      "geometry": {
        "type": "Polygon",
        "coordinates": [
          [
            [
              77.68819183418242,
              12.696796536476665
            ],
            [
              77.68810634867663,
              12.696847134214604
            ],
            [
              77.68805164400047,
              12.696754709985743
            ],
            [
              77.68813712950626,
              12.696704112247804
            ],
            [
              77.68819183418242,
              12.696796536476665
            ]
          ]
        ]
      }
    },
    {
      "type": "Feature",
      "properties": {
        "building_id": "bldg_0073",
        "building_type": "residential",
        "estimated_households": 1,
        "estimated_population": 3,
        "area_sq_m": 118.4
      },
      "geometry": {
        "type": "Polygon",
        "coordinates": [
          [
            [
              77.68665730757247,
              12.697467064450114
            ],
            [
              77.68675820408227,
              12.69746636857162
            ],
            [
              77.68675886076876,
              12.697561582570424
            ],
            [
              77.68665796425897,
              12.697562278448919
            ],
            [
              77.68665730757247,
              12.697467064450114
            ]
          ]
        ]
      }
    },
    {
      "type": "Feature",
      "properties": {
        "building_id": "bldg_0074",
        "building_type": "residential",
        "estimated_households": 1,
        "estimated_population": 3,
        "area_sq_m": 98.9
      },
      "geometry": {
        "type": "Polygon",
        "coordinates": [
          [
            [
              77.68814320516935,
              12.696460221257976
            ],
            [
              77.68820296851943,
              12.696384179153105
            ],
            [
              77.68826820917806,
              12.6964354533824
            ],
            [
              77.68820844582798,
              12.69651149548727
            ],
            [
              77.68814320516935,
              12.696460221257976
            ]
          ]
        ]
      }
    },
    {
      "type": "Feature",
      "properties": {
        "building_id": "bldg_0075",
        "building_type": "residential",
        "estimated_households": 1,
        "estimated_population": 4,
        "area_sq_m": 197.7
      },
      "geometry": {
        "type": "Polygon",
        "coordinates": [
          [
            [
              77.68743290468788,
              12.69794473125507
            ],
            [
              77.68734675174619,
              12.697822932148203
            ],
            [
              77.68743455123922,
              12.69776082837095
            ],
            [
              77.68752070418091,
              12.697882627477817
            ],
            [
              77.68743290468788,
              12.69794473125507
            ]
          ]
        ]
      }
    },
    {
      "type": "Feature",
      "properties": {
        "building_id": "bldg_0076",
        "building_type": "residential",
        "estimated_households": 1,
        "estimated_population": 3,
        "area_sq_m": 145.3
      },
      "geometry": {
        "type": "Polygon",
        "coordinates": [
          [
            [
              77.68695010167133,
              12.698350175997938
            ],
            [
              77.68706929312533,
              12.69843719153975
            ],
            [
              77.68702216951922,
              12.69850174013661
            ],
            [
              77.68690297806522,
              12.698414724594798
            ],
            [
              77.68695010167133,
              12.698350175997938
            ]
          ]
        ]
      }
    },
    {
      "type": "Feature",
      "properties": {
        "building_id": "bldg_0077",
        "building_type": "residential",
        "estimated_households": 1,
        "estimated_population": 4,
        "area_sq_m": 107.4
      },
      "geometry": {
        "type": "Polygon",
        "coordinates": [
          [
            [
              77.68599600933157,
              12.697124619795565
            ],
            [
              77.68587247961838,
              12.697148594363036
            ],
            [
              77.68585928358621,
              12.697080601392082
            ],
            [
              77.6859828132994,
              12.697056626824612
            ],
            [
              77.68599600933157,
              12.697124619795565
            ]
          ]
        ]
      }
    },
    {
      "type": "Feature",
      "properties": {
        "building_id": "bldg_0078",
        "building_type": "residential",
        "estimated_households": 1,
        "estimated_population": 5,
        "area_sq_m": 144.2
      },
      "geometry": {
        "type": "Polygon",
        "coordinates": [
          [
            [
              77.68727300477535,
              12.699217608663028
            ],
            [
              77.68739496531579,
              12.69918145973672
            ],
            [
              77.68742111466018,
              12.699269683330035
            ],
            [
              77.68729915411974,
              12.699305832256345
            ],
            [
              77.68727300477535,
              12.699217608663028
            ]
          ]
        ]
      }
    },
    {
      "type": "Feature",
      "properties": {
        "building_id": "bldg_0079",
        "building_type": "commercial",
        "estimated_households": 0,
        "estimated_population": 0,
        "area_sq_m": 140.9
      },
      "geometry": {
        "type": "Polygon",
        "coordinates": [
          [
            [
              77.68754039810548,
              12.697423985725674
            ],
            [
              77.68755166015042,
              12.697541317594673
            ],
            [
              77.68745505656835,
              12.697550590044624
            ],
            [
              77.68744379452342,
              12.697433258175625
            ],
            [
              77.68754039810548,
              12.697423985725674
            ]
          ]
        ]
      }
    },
    {
      "type": "Feature",
      "properties": {
        "building_id": "bldg_0080",
        "building_type": "residential",
        "estimated_households": 1,
        "estimated_population": 5,
        "area_sq_m": 140.2
      },
      "geometry": {
        "type": "Polygon",
        "coordinates": [
          [
            [
              77.68879307517119,
              12.69710453670302
            ],
            [
              77.68890084221195,
              12.697181234696899
            ],
            [
              77.68885095348259,
              12.69725133249814
            ],
            [
              77.68874318644183,
              12.697174634504261
            ],
            [
              77.68879307517119,
              12.69710453670302
            ]
          ]
        ]
      }
    },
    {
      "type": "Feature",
      "properties": {
        "building_id": "bldg_0081",
        "building_type": "residential",
        "estimated_households": 1,
        "estimated_population": 4,
        "area_sq_m": 180.9
      },
      "geometry": {
        "type": "Polygon",
        "coordinates": [
          [
            [
              77.68726544267169,
              12.697376652911666
            ],
            [
              77.68738869156073,
              12.697413293717878
            ],
            [
              77.68735614702128,
              12.697522763971042
            ],
            [
              77.68723289813224,
              12.69748612316483
            ],
            [
              77.68726544267169,
              12.697376652911666
            ]
          ]
        ]
      }
    },
    {
      "type": "Feature",
      "properties": {
        "building_id": "bldg_0082",
        "building_type": "residential",
        "estimated_households": 1,
        "estimated_population": 4,
        "area_sq_m": 111.4
      },
      "geometry": {
        "type": "Polygon",
        "coordinates": [
          [
            [
              77.68624871511417,
              12.700060896289154
            ],
            [
              77.68630665191829,
              12.700174726269593
            ],
            [
              77.68624355161376,
              12.700206842852305
            ],
            [
              77.68618561480965,
              12.700093012871866
            ],
            [
              77.68624871511417,
              12.700060896289154
            ]
          ]
        ]
      }
    },
    {
      "type": "Feature",
      "properties": {
        "building_id": "bldg_0083",
        "building_type": "residential",
        "estimated_households": 1,
        "estimated_population": 4,
        "area_sq_m": 104.1
      },
      "geometry": {
        "type": "Polygon",
        "coordinates": [
          [
            [
              77.686962151028,
              12.698103223705376
            ],
            [
              77.68695839384799,
              12.698215441319485
            ],
            [
              77.6868831973431,
              12.69821292365051
            ],
            [
              77.68688695452312,
              12.698100706036401
            ],
            [
              77.686962151028,
              12.698103223705376
            ]
          ]
        ]
      }
    },
    {
      "type": "Feature",
      "properties": {
        "building_id": "bldg_0084",
        "building_type": "residential",
        "estimated_households": 1,
        "estimated_population": 4,
        "area_sq_m": 97.1
      },
      "geometry": {
        "type": "Polygon",
        "coordinates": [
          [
            [
              77.68803652415073,
              12.697315538685057
            ],
            [
              77.68798507446631,
              12.697390668857393
            ],
            [
              77.68791370211599,
              12.69734179255661
            ],
            [
              77.68796515180041,
              12.697266662384274
            ],
            [
              77.68803652415073,
              12.697315538685057
            ]
          ]
        ]
      }
    },
    {
      "type": "Feature",
      "properties": {
        "building_id": "bldg_0085",
        "building_type": "residential",
        "estimated_households": 1,
        "estimated_population": 4,
        "area_sq_m": 104.1
      },
      "geometry": {
        "type": "Polygon",
        "coordinates": [
          [
            [
              77.68668388502938,
              12.700050951525812
            ],
            [
              77.68658148646293,
              12.700001246747174
            ],
            [
              77.68661390215594,
              12.699934466035417
            ],
            [
              77.6867163007224,
              12.699984170814055
            ],
            [
              77.68668388502938,
              12.700050951525812
            ]
          ]
        ]
      }
    },
    {
      "type": "Feature",
      "properties": {
        "building_id": "bldg_0086",
        "building_type": "residential",
        "estimated_households": 1,
        "estimated_population": 5,
        "area_sq_m": 182.0
      },
      "geometry": {
        "type": "Polygon",
        "coordinates": [
          [
            [
              77.68748766324836,
              12.698482197892318
            ],
            [
              77.68746491844075,
              12.698628901305662
            ],
            [
              77.68736659929402,
              12.6986136579652
            ],
            [
              77.68738934410163,
              12.698466954551856
            ],
            [
              77.68748766324836,
              12.698482197892318
            ]
          ]
        ]
      }
    },
    {
      "type": "Feature",
      "properties": {
        "building_id": "bldg_0087",
        "building_type": "residential",
        "estimated_households": 1,
        "estimated_population": 3,
        "area_sq_m": 185.4
      },
      "geometry": {
        "type": "Polygon",
        "coordinates": [
          [
            [
              77.68662836890321,
              12.695753366681759
            ],
            [
              77.68669985342224,
              12.695628658753861
            ],
            [
              77.68679069743708,
              12.69568073195254
            ],
            [
              77.68671921291805,
              12.695805439880438
            ],
            [
              77.68662836890321,
              12.695753366681759
            ]
          ]
        ]
      }
    },
    {
      "type": "Feature",
      "properties": {
        "building_id": "bldg_0088",
        "building_type": "residential",
        "estimated_households": 1,
        "estimated_population": 5,
        "area_sq_m": 130.0
      },
      "geometry": {
        "type": "Polygon",
        "coordinates": [
          [
            [
              77.68613426771202,
              12.697815327304495
            ],
            [
              77.68617960430602,
              12.69790519705568
            ],
            [
              77.68608599261736,
              12.697952421344896
            ],
            [
              77.68604065602337,
              12.69786255159371
            ],
            [
              77.68613426771202,
              12.697815327304495
            ]
          ]
        ]
      }
    },
    {
      "type": "Feature",
      "properties": {
        "building_id": "bldg_0089",
        "building_type": "residential",
        "estimated_households": 1,
        "estimated_population": 4,
        "area_sq_m": 108.3
      },
      "geometry": {
        "type": "Polygon",
        "coordinates": [
          [
            [
              77.68720316152343,
              12.697544685065584
            ],
            [
              77.68726204865254,
              12.697643610378229
            ],
            [
              77.68719644110936,
              12.697682664486443
            ],
            [
              77.68713755398025,
              12.697583739173798
            ],
            [
              77.68720316152343,
              12.697544685065584
            ]
          ]
        ]
      }
    },
    {
      "type": "Feature",
      "properties": {
        "building_id": "bldg_0090",
        "building_type": "residential",
        "estimated_households": 1,
        "estimated_population": 5,
        "area_sq_m": 127.8
      },
      "geometry": {
        "type": "Polygon",
        "coordinates": [
          [
            [
              77.68617889280816,
              12.697186904441725
            ],
            [
              77.68623470218928,
              12.697255023511039
            ],
            [
              77.68614360002454,
              12.69732966274913
            ],
            [
              77.68608779064341,
              12.697261543679817
            ],
            [
              77.68617889280816,
              12.697186904441725
            ]
          ]
        ]
      }
    },
    {
      "type": "Feature",
      "properties": {
        "building_id": "bldg_0091",
        "building_type": "residential",
        "estimated_households": 1,
        "estimated_population": 3,
        "area_sq_m": 197.1
      },
      "geometry": {
        "type": "Polygon",
        "coordinates": [
          [
            [
              77.68580411121955,
              12.69567436406552
            ],
            [
              77.68570589118133,
              12.695784685133347
            ],
            [
              77.68562502236718,
              12.695712686754677
            ],
            [
              77.6857232424054,
              12.695602365686849
            ],
            [
              77.68580411121955,
              12.69567436406552
            ]
          ]
        ]
      }
    },
    {
      "type": "Feature",
      "properties": {
        "building_id": "bldg_0092",
        "building_type": "residential",
        "estimated_households": 1,
        "estimated_population": 5,
        "area_sq_m": 136.8
      },
      "geometry": {
        "type": "Polygon",
        "coordinates": [
          [
            [
              77.68617332414263,
              12.699361652304232
            ],
            [
              77.68616524750162,
              12.699467144572415
            ],
            [
              77.68606061302296,
              12.699459133605009
            ],
            [
              77.68606868966397,
              12.699353641336826
            ],
            [
              77.68617332414263,
              12.699361652304232
            ]
          ]
        ]
      }
    },
    {
      "type": "Feature",
      "properties": {
        "building_id": "bldg_0093",
        "building_type": "residential",
        "estimated_households": 1,
        "estimated_population": 4,
        "area_sq_m": 73.0
      },
      "geometry": {
        "type": "Polygon",
        "coordinates": [
          [
            [
              77.68685117490597,
              12.69833136702906
            ],
            [
              77.68692315404104,
              12.698267291249232
            ],
            [
              77.68696404701709,
              12.698313228123588
            ],
            [
              77.68689206788201,
              12.698377303903415
            ],
            [
              77.68685117490597,
              12.69833136702906
            ]
          ]
        ]
      }
    },
    {
      "type": "Feature",
      "properties": {
        "building_id": "bldg_0094",
        "building_type": "residential",
        "estimated_households": 1,
        "estimated_population": 5,
        "area_sq_m": 113.8
      },
      "geometry": {
        "type": "Polygon",
        "coordinates": [
          [
            [
              77.68703289189415,
              12.698046653062553
            ],
            [
              77.68710399986081,
              12.698001141852162
            ],
            [
              77.68716299116076,
              12.698093311481452
            ],
            [
              77.6870918831941,
              12.698138822691844
            ],
            [
              77.68703289189415,
              12.698046653062553
            ]
          ]
        ]
      }
    },
    {
      "type": "Feature",
      "properties": {
        "building_id": "bldg_0095",
        "building_type": "residential",
        "estimated_households": 1,
        "estimated_population": 4,
        "area_sq_m": 92.9
      },
      "geometry": {
        "type": "Polygon",
        "coordinates": [
          [
            [
              77.68731518921992,
              12.698199299917539
            ],
            [
              77.68740213078455,
              12.698124817119213
            ],
            [
              77.68744496059195,
              12.69817481108497
            ],
            [
              77.68735801902731,
              12.698249293883295
            ],
            [
              77.68731518921992,
              12.698199299917539
            ]
          ]
        ]
      }
    },
    {
      "type": "Feature",
      "properties": {
        "building_id": "bldg_0096",
        "building_type": "residential",
        "estimated_households": 1,
        "estimated_population": 5,
        "area_sq_m": 140.8
      },
      "geometry": {
        "type": "Polygon",
        "coordinates": [
          [
            [
              77.68607919090405,
              12.695667850423805
            ],
            [
              77.68614091927793,
              12.695758097844537
            ],
            [
              77.6860546359932,
              12.695817114787255
            ],
            [
              77.68599290761932,
              12.695726867366522
            ],
            [
              77.68607919090405,
              12.695667850423805
            ]
          ]
        ]
      }
    },
    {
      "type": "Feature",
      "properties": {
        "building_id": "bldg_0097",
        "building_type": "residential",
        "estimated_households": 1,
        "estimated_population": 3,
        "area_sq_m": 156.6
      },
      "geometry": {
        "type": "Polygon",
        "coordinates": [
          [
            [
              77.6875496026373,
              12.699540743911006
            ],
            [
              77.68765588499151,
              12.69956290459979
            ],
            [
              77.6876319845697,
              12.699677530689266
            ],
            [
              77.6875257022155,
              12.699655370000482
            ],
            [
              77.6875496026373,
              12.699540743911006
            ]
          ]
        ]
      }
    },
    {
      "type": "Feature",
      "properties": {
        "building_id": "bldg_0098",
        "building_type": "residential",
        "estimated_households": 1,
        "estimated_population": 3,
        "area_sq_m": 146.1
      },
      "geometry": {
        "type": "Polygon",
        "coordinates": [
          [
            [
              77.68658091222449,
              12.697977710931625
            ],
            [
              77.68670767141604,
              12.697959948676226
            ],
            [
              77.68672053096643,
              12.698051720029241
            ],
            [
              77.68659377177487,
              12.69806948228464
            ],
            [
              77.68658091222449,
              12.697977710931625
            ]
          ]
        ]
      }
    },
    {
      "type": "Feature",
      "properties": {
        "building_id": "bldg_0099",
        "building_type": "residential",
        "estimated_households": 1,
        "estimated_population": 3,
        "area_sq_m": 137.5
      },
      "geometry": {
        "type": "Polygon",
        "coordinates": [
          [
            [
              77.68807220824314,
              12.700498925067304
            ],
            [
              77.68800185185142,
              12.70041199995407
            ],
            [
              77.68807939960172,
              12.70034923351416
            ],
            [
              77.68814975599344,
              12.700436158627394
            ],
            [
              77.68807220824314,
              12.700498925067304
            ]
          ]
        ]
      }
    },
    {
      "type": "Feature",
      "properties": {
        "building_id": "bldg_0100",
        "building_type": "public",
        "estimated_households": 0,
        "estimated_population": 0,
        "area_sq_m": 197.1
      },
      "geometry": {
        "type": "Polygon",
        "coordinates": [
          [
            [
              77.68748812358312,
              12.698934960481422
            ],
            [
              77.68752956880729,
              12.69907830672218
            ],
            [
              77.68742656882834,
              12.699108086765209
            ],
            [
              77.68738512360417,
              12.69896474052445
            ],
            [
              77.68748812358312,
              12.698934960481422
            ]
          ]
        ]
      }
    },
    {
      "type": "Feature",
      "properties": {
        "building_id": "bldg_0101",
        "building_type": "residential",
        "estimated_households": 1,
        "estimated_population": 3,
        "area_sq_m": 177.5
      },
      "geometry": {
        "type": "Polygon",
        "coordinates": [
          [
            [
              77.68663291685144,
              12.697688358560367
            ],
            [
              77.68652238521602,
              12.697612240530676
            ],
            [
              77.68658325354122,
              12.697523853120284
            ],
            [
              77.68669378517663,
              12.697599971149975
            ],
            [
              77.68663291685144,
              12.697688358560367
            ]
          ]
        ]
      }
    },
    {
      "type": "Feature",
      "properties": {
        "building_id": "bldg_0102",
        "building_type": "residential",
        "estimated_households": 1,
        "estimated_population": 3,
        "area_sq_m": 111.5
      },
      "geometry": {
        "type": "Polygon",
        "coordinates": [
          [
            [
              77.68796504595902,
              12.698488193052237
            ],
            [
              77.6880558392006,
              12.698387077765037
            ],
            [
              77.68810539056996,
              12.69843157083402
            ],
            [
              77.68801459732838,
              12.698532686121219
            ],
            [
              77.68796504595902,
              12.698488193052237
            ]
          ]
        ]
      }
    },
    {
      "type": "Feature",
      "properties": {
        "building_id": "bldg_0103",
        "building_type": "residential",
        "estimated_households": 1,
        "estimated_population": 4,
        "area_sq_m": 90.1
      },
      "geometry": {
        "type": "Polygon",
        "coordinates": [
          [
            [
              77.68607416811321,
              12.69936578628531
            ],
            [
              77.68617502193503,
              12.699408348980674
            ],
            [
              77.68614904160523,
              12.699469910296985
            ],
            [
              77.68604818778341,
              12.699427347601622
            ],
            [
              77.68607416811321,
              12.69936578628531
            ]
          ]
        ]
      }
    },
    {
      "type": "Feature",
      "properties": {
        "building_id": "bldg_0104",
        "building_type": "residential",
        "estimated_households": 1,
        "estimated_population": 3,
        "area_sq_m": 158.2
      },
      "geometry": {
        "type": "Polygon",
        "coordinates": [
          [
            [
              77.68863755418626,
              12.699291987730383
            ],
            [
              77.68850172613392,
              12.699328648884855
            ],
            [
              77.68847793822239,
              12.699240515662169
            ],
            [
              77.68861376627473,
              12.699203854507697
            ],
            [
              77.68863755418626,
              12.699291987730383
            ]
          ]
        ]
      }
    },
    {
      "type": "Feature",
      "properties": {
        "building_id": "bldg_0105",
        "building_type": "residential",
        "estimated_households": 1,
        "estimated_population": 3,
        "area_sq_m": 90.0
      },
      "geometry": {
        "type": "Polygon",
        "coordinates": [
          [
            [
              77.6887890406549,
              12.698642681829467
            ],
            [
              77.68876333299399,
              12.698535893460349
            ],
            [
              77.68882796428433,
              12.698520334469142
            ],
            [
              77.68885367194524,
              12.69862712283826
            ],
            [
              77.6887890406549,
              12.698642681829467
            ]
          ]
        ]
      }
    },
    {
      "type": "Feature",
      "properties": {
        "building_id": "bldg_0106",
        "building_type": "residential",
        "estimated_households": 1,
        "estimated_population": 5,
        "area_sq_m": 75.2
      },
      "geometry": {
        "type": "Polygon",
        "coordinates": [
          [
            [
              77.68725111145997,
              12.697888486485937
            ],
            [
              77.68718692728731,
              12.697824850449322
            ],
            [
              77.68723450221458,
              12.697776865730166
            ],
            [
              77.68729868638724,
              12.69784050176678
            ],
            [
              77.68725111145997,
              12.697888486485937
            ]
          ]
        ]
      }
    },
    {
      "type": "Feature",
      "properties": {
        "building_id": "bldg_0107",
        "building_type": "residential",
        "estimated_households": 1,
        "estimated_population": 3,
        "area_sq_m": 116.6
      },
      "geometry": {
        "type": "Polygon",
        "coordinates": [
          [
            [
              77.6859077729365,
              12.697234312352982
            ],
            [
              77.68578602959488,
              12.69723006441372
            ],
            [
              77.68578873888549,
              12.697152417801654
            ],
            [
              77.68591048222711,
              12.697156665740916
            ],
            [
              77.6859077729365,
              12.697234312352982
            ]
          ]
        ]
      }
    },
    {
      "type": "Feature",
      "properties": {
        "building_id": "bldg_0108",
        "building_type": "residential",
        "estimated_households": 1,
        "estimated_population": 4,
        "area_sq_m": 174.7
      },
      "geometry": {
        "type": "Polygon",
        "coordinates": [
          [
            [
              77.68644242534822,
              12.69792073243288
            ],
            [
              77.68632308441609,
              12.697880846252051
            ],
            [
              77.68635879668736,
              12.697773993812106
            ],
            [
              77.68647813761949,
              12.697813879992935
            ],
            [
              77.68644242534822,
              12.69792073243288
            ]
          ]
        ]
      }
    },
    {
      "type": "Feature",
      "properties": {
        "building_id": "bldg_0109",
        "building_type": "commercial",
        "estimated_households": 0,
        "estimated_population": 0,
        "area_sq_m": 111.7
      },
      "geometry": {
        "type": "Polygon",
        "coordinates": [
          [
            [
              77.68674344077715,
              12.698227708211624
            ],
            [
              77.68685699398154,
              12.698306521616884
            ],
            [
              77.68681959331292,
              12.69836040795454
            ],
            [
              77.68670604010853,
              12.69828159454928
            ],
            [
              77.68674344077715,
              12.698227708211624
            ]
          ]
        ]
      }
    },
    {
      "type": "Feature",
      "properties": {
        "building_id": "bldg_0110",
        "building_type": "commercial",
        "estimated_households": 0,
        "estimated_population": 0,
        "area_sq_m": 147.3
      },
      "geometry": {
        "type": "Polygon",
        "coordinates": [
          [
            [
              77.68895615580612,
              12.69967961700892
            ],
            [
              77.6888550888926,
              12.69974303802393
            ],
            [
              77.68880182915913,
              12.69965816399794
            ],
            [
              77.68890289607266,
              12.69959474298293
            ],
            [
              77.68895615580612,
              12.69967961700892
            ]
          ]
        ]
      }
    },
    {
      "type": "Feature",
      "properties": {
        "building_id": "bldg_0111",
        "building_type": "residential",
        "estimated_households": 1,
        "estimated_population": 4,
        "area_sq_m": 112.0
      },
      "geometry": {
        "type": "Polygon",
        "coordinates": [
          [
            [
              77.68768991643852,
              12.69797909361596
            ],
            [
              77.68765616092197,
              12.698119193528179
            ],
            [
              77.68759482924445,
              12.698104416342225
            ],
            [
              77.68762858476099,
              12.697964316430006
            ],
            [
              77.68768991643852,
              12.69797909361596
            ]
          ]
        ]
      }
    },
    {
      "type": "Feature",
      "properties": {
        "building_id": "bldg_0112",
        "building_type": "residential",
        "estimated_households": 1,
        "estimated_population": 5,
        "area_sq_m": 99.5
      },
      "geometry": {
        "type": "Polygon",
        "coordinates": [
          [
            [
              77.68753477283046,
              12.69968805043265
            ],
            [
              77.68758689601579,
              12.699613663172217
            ],
            [
              77.68765972745372,
              12.699664696192043
            ],
            [
              77.6876076042684,
              12.699739083452476
            ],
            [
              77.68753477283046,
              12.69968805043265
            ]
          ]
        ]
      }
    },
    {
      "type": "Feature",
      "properties": {
        "building_id": "bldg_0113",
        "building_type": "residential",
        "estimated_households": 1,
        "estimated_population": 5,
        "area_sq_m": 163.8
      },
      "geometry": {
        "type": "Polygon",
        "coordinates": [
          [
            [
              77.68784824540093,
              12.696261600770905
            ],
            [
              77.68776254005844,
              12.696154348239624
            ],
            [
              77.68783817264777,
              12.696093910346987
            ],
            [
              77.68792387799026,
              12.696201162878268
            ],
            [
              77.68784824540093,
              12.696261600770905
            ]
          ]
        ]
      }
    },
    {
      "type": "Feature",
      "properties": {
        "building_id": "bldg_0114",
        "building_type": "residential",
        "estimated_households": 1,
        "estimated_population": 4,
        "area_sq_m": 86.1
      },
      "geometry": {
        "type": "Polygon",
        "coordinates": [
          [
            [
              77.6884933210614,
              12.697553136226762
            ],
            [
              77.68846441087406,
              12.697458742878537
            ],
            [
              77.68853213083682,
              12.69743800204407
            ],
            [
              77.68856104102416,
              12.697532395392296
            ],
            [
              77.6884933210614,
              12.697553136226762
            ]
          ]
        ]
      }
    },
    {
      "type": "Feature",
      "properties": {
        "building_id": "bldg_0115",
        "building_type": "residential",
        "estimated_households": 1,
        "estimated_population": 5,
        "area_sq_m": 109.2
      },
      "geometry": {
        "type": "Polygon",
        "coordinates": [
          [
            [
              77.68747159306993,
              12.70023987566756
            ],
            [
              77.68755513624654,
              12.700224921711557
            ],
            [
              77.68757354138917,
              12.700327745611883
            ],
            [
              77.68748999821256,
              12.700342699567885
            ],
            [
              77.68747159306993,
              12.70023987566756
            ]
          ]
        ]
      }
    },
    {
      "type": "Feature",
      "properties": {
        "building_id": "bldg_0116",
        "building_type": "residential",
        "estimated_households": 1,
        "estimated_population": 5,
        "area_sq_m": 121.2
      },
      "geometry": {
        "type": "Polygon",
        "coordinates": [
          [
            [
              77.68801091199632,
              12.697958301600705
            ],
            [
              77.68801486460252,
              12.69781652273379
            ],
            [
              77.68808417246822,
              12.697818454944892
            ],
            [
              77.68808021986202,
              12.697960233811807
            ],
            [
              77.68801091199632,
              12.697958301600705
            ]
          ]
        ]
      }
    },
    {
      "type": "Feature",
      "properties": {
        "building_id": "bldg_0117",
        "building_type": "residential",
        "estimated_households": 1,
        "estimated_population": 5,
        "area_sq_m": 130.3
      },
      "geometry": {
        "type": "Polygon",
        "coordinates": [
          [
            [
              77.68766331791161,
              12.699406488144119
            ],
            [
              77.68756919842437,
              12.699462803784623
            ],
            [
              77.68751968930982,
              12.699380059942351
            ],
            [
              77.68761380879707,
              12.699323744301847
            ],
            [
              77.68766331791161,
              12.699406488144119
            ]
          ]
        ]
      }
    },
    {
      "type": "Feature",
      "properties": {
        "building_id": "bldg_0118",
        "building_type": "commercial",
        "estimated_households": 0,
        "estimated_population": 0,
        "area_sq_m": 123.9
      },
      "geometry": {
        "type": "Polygon",
        "coordinates": [
          [
            [
              77.68743328915225,
              12.699683365027807
            ],
            [
              77.68733381378979,
              12.69969173955379
            ],
            [
              77.6873253652792,
              12.699591385377717
            ],
            [
              77.68742484064165,
              12.699583010851734
            ],
            [
              77.68743328915225,
              12.699683365027807
            ]
          ]
        ]
      }
    },
    {
      "type": "Feature",
      "properties": {
        "building_id": "bldg_0119",
        "building_type": "public",
        "estimated_households": 0,
        "estimated_population": 0,
        "area_sq_m": 135.6
      },
      "geometry": {
        "type": "Polygon",
        "coordinates": [
          [
            [
              77.68676113127361,
              12.698583131654173
            ],
            [
              77.68677139164369,
              12.698489381832914
            ],
            [
              77.68688741827256,
              12.698502080269398
            ],
            [
              77.68687715790249,
              12.698595830090657
            ],
            [
              77.68676113127361,
              12.698583131654173
            ]
          ]
        ]
      }
    },
    {
      "type": "Feature",
      "properties": {
        "building_id": "bldg_0120",
        "building_type": "residential",
        "estimated_households": 1,
        "estimated_population": 5,
        "area_sq_m": 104.0
      },
      "geometry": {
        "type": "Polygon",
        "coordinates": [
          [
            [
              77.68617325604352,
              12.69986471849567
            ],
            [
              77.6862095073026,
              12.699936640077622
            ],
            [
              77.68611590438708,
              12.699983819567413
            ],
            [
              77.68607965312799,
              12.69991189798546
            ],
            [
              77.68617325604352,
              12.69986471849567
            ]
          ]
        ]
      }
    },
    {
      "type": "Feature",
      "properties": {
        "building_id": "bldg_0121",
        "building_type": "commercial",
        "estimated_households": 0,
        "estimated_population": 0,
        "area_sq_m": 184.7
      },
      "geometry": {
        "type": "Polygon",
        "coordinates": [
          [
            [
              77.68564943724076,
              12.696848761845802
            ],
            [
              77.6857738275834,
              12.696909289177906
            ],
            [
              77.68572641023803,
              12.697006737052012
            ],
            [
              77.68560201989538,
              12.696946209719908
            ],
            [
              77.68564943724076,
              12.696848761845802
            ]
          ]
        ]
      }
    },
    {
      "type": "Feature",
      "properties": {
        "building_id": "bldg_0122",
        "building_type": "residential",
        "estimated_households": 1,
        "estimated_population": 4,
        "area_sq_m": 198.9
      },
      "geometry": {
        "type": "Polygon",
        "coordinates": [
          [
            [
              77.68675662135024,
              12.69883115783115
            ],
            [
              77.68662820184588,
              12.698764951356432
            ],
            [
              77.68667939892651,
              12.698665645302922
            ],
            [
              77.68680781843088,
              12.698731851777639
            ],
            [
              77.68675662135024,
              12.69883115783115
            ]
          ]
        ]
      }
    },
    {
      "type": "Feature",
      "properties": {
        "building_id": "bldg_0123",
        "building_type": "residential",
        "estimated_households": 1,
        "estimated_population": 4,
        "area_sq_m": 66.5
      },
      "geometry": {
        "type": "Polygon",
        "coordinates": [
          [
            [
              77.68584885737954,
              12.697084856481506
            ],
            [
              77.68580899233707,
              12.697163378568854
            ],
            [
              77.68575437650003,
              12.69713565054052
            ],
            [
              77.6857942415425,
              12.697057128453173
            ],
            [
              77.68584885737954,
              12.697084856481506
            ]
          ]
        ]
      }
    },
    {
      "type": "Feature",
      "properties": {
        "building_id": "bldg_0124",
        "building_type": "residential",
        "estimated_households": 1,
        "estimated_population": 4,
        "area_sq_m": 117.5
      },
      "geometry": {
        "type": "Polygon",
        "coordinates": [
          [
            [
              77.68762358586525,
              12.696123598441407
            ],
            [
              77.68762720337175,
              12.696209691565462
            ],
            [
              77.68751663187723,
              12.696214337617093
            ],
            [
              77.68751301437074,
              12.696128244493037
            ],
            [
              77.68762358586525,
              12.696123598441407
            ]
          ]
        ]
      }
    },
    {
      "type": "Feature",
      "properties": {
        "building_id": "bldg_0125",
        "building_type": "residential",
        "estimated_households": 1,
        "estimated_population": 3,
        "area_sq_m": 81.8
      },
      "geometry": {
        "type": "Polygon",
        "coordinates": [
          [
            [
              77.68727244424102,
              12.696244755449923
            ],
            [
              77.68730384576908,
              12.69633604448372
            ],
            [
              77.68723879973749,
              12.696358418965099
            ],
            [
              77.68720739820942,
              12.696267129931302
            ],
            [
              77.68727244424102,
              12.696244755449923
            ]
          ]
        ]
      }
    },
    {
      "type": "Feature",
      "properties": {
        "building_id": "bldg_0126",
        "building_type": "public",
        "estimated_households": 0,
        "estimated_population": 0,
        "area_sq_m": 121.1
      },
      "geometry": {
        "type": "Polygon",
        "coordinates": [
          [
            [
              77.6863756753915,
              12.696521830272957
            ],
            [
              77.68628333827961,
              12.696525244960855
            ],
            [
              77.68627940730045,
              12.696418946735779
            ],
            [
              77.68637174441234,
              12.696415532047881
            ],
            [
              77.6863756753915,
              12.696521830272957
            ]
          ]
        ]
      }
    },
    {
      "type": "Feature",
      "properties": {
        "building_id": "bldg_0127",
        "building_type": "residential",
        "estimated_households": 1,
        "estimated_population": 3,
        "area_sq_m": 83.1
      },
      "geometry": {
        "type": "Polygon",
        "coordinates": [
          [
            [
              77.68681669697423,
              12.696728290308197
            ],
            [
              77.68671506953208,
              12.69675320107303
            ],
            [
              77.68669972552686,
              12.696690602754039
            ],
            [
              77.68680135296901,
              12.696665691989207
            ],
            [
              77.68681669697423,
              12.696728290308197
            ]
          ]
        ]
      }
    },
    {
      "type": "Feature",
      "properties": {
        "building_id": "bldg_0128",
        "building_type": "commercial",
        "estimated_households": 0,
        "estimated_population": 0,
        "area_sq_m": 124.9
      },
      "geometry": {
        "type": "Polygon",
        "coordinates": [
          [
            [
              77.68779982581758,
              12.699641299655818
            ],
            [
              77.68790234921,
              12.699610976250026
            ],
            [
              77.68792924245402,
              12.699701902270265
            ],
            [
              77.68782671906159,
              12.699732225676057
            ],
            [
              77.68779982581758,
              12.699641299655818
            ]
          ]
        ]
      }
    },
    {
      "type": "Feature",
      "properties": {
        "building_id": "bldg_0129",
        "building_type": "residential",
        "estimated_households": 1,
        "estimated_population": 5,
        "area_sq_m": 166.9
      },
      "geometry": {
        "type": "Polygon",
        "coordinates": [
          [
            [
              77.68755362563262,
              12.697576248286586
            ],
            [
              77.68749424334916,
              12.69769936250839
            ],
            [
              77.68740497464937,
              12.697656305100745
            ],
            [
              77.68746435693282,
              12.697533190878941
            ],
            [
              77.68755362563262,
              12.697576248286586
            ]
          ]
        ]
      }
    },
    {
      "type": "Feature",
      "properties": {
        "building_id": "bldg_0130",
        "building_type": "commercial",
        "estimated_households": 0,
        "estimated_population": 0,
        "area_sq_m": 122.5
      },
      "geometry": {
        "type": "Polygon",
        "coordinates": [
          [
            [
              77.68664390008101,
              12.699131723559331
            ],
            [
              77.68659557168573,
              12.699204360183451
            ],
            [
              77.68650070370185,
              12.699141240270043
            ],
            [
              77.68654903209713,
              12.699068603645923
            ],
            [
              77.68664390008101,
              12.699131723559331
            ]
          ]
        ]
      }
    },
    {
      "type": "Feature",
      "properties": {
        "building_id": "bldg_0131",
        "building_type": "residential",
        "estimated_households": 1,
        "estimated_population": 5,
        "area_sq_m": 104.4
      },
      "geometry": {
        "type": "Polygon",
        "coordinates": [
          [
            [
              77.6879714213608,
              12.6996250523347
            ],
            [
              77.68805402864297,
              12.69962036873927
            ],
            [
              77.68805982836318,
              12.699722661759715
            ],
            [
              77.68797722108101,
              12.699727345355145
            ],
            [
              77.6879714213608,
              12.6996250523347
            ]
          ]
        ]
      }
    },
    {
      "type": "Feature",
      "properties": {
        "building_id": "bldg_0132",
        "building_type": "residential",
        "estimated_households": 1,
        "estimated_population": 5,
        "area_sq_m": 166.6
      },
      "geometry": {
        "type": "Polygon",
        "coordinates": [
          [
            [
              77.68742074057032,
              12.697811310631872
            ],
            [
              77.68754775377391,
              12.697854677101866
            ],
            [
              77.68751520486147,
              12.69795000747216
            ],
            [
              77.68738819165787,
              12.697906641002167
            ],
            [
              77.68742074057032,
              12.697811310631872
            ]
          ]
        ]
      }
    },
    {
      "type": "Feature",
      "properties": {
        "building_id": "bldg_0133",
        "building_type": "residential",
        "estimated_households": 1,
        "estimated_population": 4,
        "area_sq_m": 72.4
      },
      "geometry": {
        "type": "Polygon",
        "coordinates": [
          [
            [
              77.68814274399791,
              12.698215257188012
            ],
            [
              77.68809598471769,
              12.69813774234781
            ],
            [
              77.68815154820045,
              12.698104224785839
            ],
            [
              77.68819830748068,
              12.69818173962604
            ],
            [
              77.68814274399791,
              12.698215257188012
            ]
          ]
        ]
      }
    },
    {
      "type": "Feature",
      "properties": {
        "building_id": "bldg_0134",
        "building_type": "residential",
        "estimated_households": 1,
        "estimated_population": 5,
        "area_sq_m": 126.7
      },
      "geometry": {
        "type": "Polygon",
        "coordinates": [
          [
            [
              77.6883225838906,
              12.698128106470573
            ],
            [
              77.68842197202885,
              12.698087305495084
            ],
            [
              77.6884583166042,
              12.698175838174432
            ],
            [
              77.68835892846595,
              12.698216639149921
            ],
            [
              77.6883225838906,
              12.698128106470573
            ]
          ]
        ]
      }
    },
    {
      "type": "Feature",
      "properties": {
        "building_id": "bldg_0135",
        "building_type": "residential",
        "estimated_households": 1,
        "estimated_population": 3,
        "area_sq_m": 177.4
      },
      "geometry": {
        "type": "Polygon",
        "coordinates": [
          [
            [
              77.6870107631689,
              12.69668265096552
            ],
            [
              77.68695627603404,
              12.696555833615657
            ],
            [
              77.68705212971105,
              12.696514650037606
            ],
            [
              77.68710661684591,
              12.69664146738747
            ],
            [
              77.6870107631689,
              12.69668265096552
            ]
          ]
        ]
      }
    },
    {
      "type": "Feature",
      "properties": {
        "building_id": "bldg_0136",
        "building_type": "residential",
        "estimated_households": 1,
        "estimated_population": 3,
        "area_sq_m": 160.8
      },
      "geometry": {
        "type": "Polygon",
        "coordinates": [
          [
            [
              77.686663057422,
              12.699463492940291
            ],
            [
              77.68668454717992,
              12.699608243218744
            ],
            [
              77.686596337723,
              12.699621338874904
            ],
            [
              77.68657484796508,
              12.69947658859645
            ],
            [
              77.686663057422,
              12.699463492940291
            ]
          ]
        ]
      }
    },
    {
      "type": "Feature",
      "properties": {
        "building_id": "bldg_0137",
        "building_type": "residential",
        "estimated_households": 1,
        "estimated_population": 3,
        "area_sq_m": 114.0
      },
      "geometry": {
        "type": "Polygon",
        "coordinates": [
          [
            [
              77.68843260062954,
              12.699832078439455
            ],
            [
              77.68847698430066,
              12.699757158544795
            ],
            [
              77.68856839953088,
              12.699811314300506
            ],
            [
              77.68852401585976,
              12.699886234195166
            ],
            [
              77.68843260062954,
              12.699832078439455
            ]
          ]
        ]
      }
    },
    {
      "type": "Feature",
      "properties": {
        "building_id": "bldg_0138",
        "building_type": "residential",
        "estimated_households": 1,
        "estimated_population": 4,
        "area_sq_m": 130.2
      },
      "geometry": {
        "type": "Polygon",
        "coordinates": [
          [
            [
              77.6960595610467,
              12.68657575467498
            ],
            [
              77.69614832192437,
              12.686563355740091
            ],
            [
              77.69616462891514,
              12.68668009341355
            ],
            [
              77.69607586803747,
              12.686692492348438
            ],
            [
              77.6960595610467,
              12.68657575467498
            ]
          ]
        ]
      }
    },
    {
      "type": "Feature",
      "properties": {
        "building_id": "bldg_0139",
        "building_type": "residential",
        "estimated_households": 1,
        "estimated_population": 3,
        "area_sq_m": 126.5
      },
      "geometry": {
        "type": "Polygon",
        "coordinates": [
          [
            [
              77.6962327637138,
              12.686514959963816
            ],
            [
              77.6962034310643,
              12.686644596637004
            ],
            [
              77.69612810064865,
              12.686627551763635
            ],
            [
              77.69615743329814,
              12.686497915090447
            ],
            [
              77.6962327637138,
              12.686514959963816
            ]
          ]
        ]
      }
    },
    {
      "type": "Feature",
      "properties": {
        "building_id": "bldg_0140",
        "building_type": "residential",
        "estimated_households": 1,
        "estimated_population": 4,
        "area_sq_m": 148.4
      },
      "geometry": {
        "type": "Polygon",
        "coordinates": [
          [
            [
              77.70093685964055,
              12.686870495211139
            ],
            [
              77.70103683010643,
              12.686826428281817
            ],
            [
              77.70108130213957,
              12.686927317768337
            ],
            [
              77.70098133167369,
              12.686971384697658
            ],
            [
              77.70093685964055,
              12.686870495211139
            ]
          ]
        ]
      }
    },
    {
      "type": "Feature",
      "properties": {
        "building_id": "bldg_0141",
        "building_type": "residential",
        "estimated_households": 1,
        "estimated_population": 4,
        "area_sq_m": 119.5
      },
      "geometry": {
        "type": "Polygon",
        "coordinates": [
          [
            [
              77.69807000346488,
              12.686801976605487
            ],
            [
              77.69816086783193,
              12.686758136608596
            ],
            [
              77.69820265657587,
              12.686844749474407
            ],
            [
              77.69811179220882,
              12.686888589471298
            ],
            [
              77.69807000346488,
              12.686801976605487
            ]
          ]
        ]
      }
    },
    {
      "type": "Feature",
      "properties": {
        "building_id": "bldg_0142",
        "building_type": "residential",
        "estimated_households": 1,
        "estimated_population": 4,
        "area_sq_m": 163.0
      },
      "geometry": {
        "type": "Polygon",
        "coordinates": [
          [
            [
              77.69626820917817,
              12.68676163954858
            ],
            [
              77.69634582486736,
              12.686848790171176
            ],
            [
              77.69626117348396,
              12.68692418005674
            ],
            [
              77.69618355779477,
              12.686837029434145
            ],
            [
              77.69626820917817,
              12.68676163954858
            ]
          ]
        ]
      }
    },
    {
      "type": "Feature",
      "properties": {
        "building_id": "bldg_0143",
        "building_type": "commercial",
        "estimated_households": 0,
        "estimated_population": 0,
        "area_sq_m": 132.0
      },
      "geometry": {
        "type": "Polygon",
        "coordinates": [
          [
            [
              77.69791047508488,
              12.688816345099335
            ],
            [
              77.69784895077998,
              12.688733554722752
            ],
            [
              77.69793231846754,
              12.688671601398726
            ],
            [
              77.69799384277243,
              12.688754391775309
            ],
            [
              77.69791047508488,
              12.688816345099335
            ]
          ]
        ]
      }
    },
    {
      "type": "Feature",
      "properties": {
        "building_id": "bldg_0144",
        "building_type": "residential",
        "estimated_households": 1,
        "estimated_population": 5,
        "area_sq_m": 156.9
      },
      "geometry": {
        "type": "Polygon",
        "coordinates": [
          [
            [
              77.69914568515422,
              12.688469220644897
            ],
            [
              77.69915187662696,
              12.688334008590507
            ],
            [
              77.69924584503538,
              12.688338311482294
            ],
            [
              77.69923965356264,
              12.688473523536684
            ],
            [
              77.69914568515422,
              12.688469220644897
            ]
          ]
        ]
      }
    },
    {
      "type": "Feature",
      "properties": {
        "building_id": "bldg_0145",
        "building_type": "residential",
        "estimated_households": 1,
        "estimated_population": 3,
        "area_sq_m": 78.4
      },
      "geometry": {
        "type": "Polygon",
        "coordinates": [
          [
            [
              77.70019172011973,
              12.687348112702757
            ],
            [
              77.70015025780066,
              12.687431285604598
            ],
            [
              77.70008900962372,
              12.687400752926298
            ],
            [
              77.7001304719428,
              12.687317580024457
            ],
            [
              77.70019172011973,
              12.687348112702757
            ]
          ]
        ]
      }
    },
    {
      "type": "Feature",
      "properties": {
        "building_id": "bldg_0146",
        "building_type": "commercial",
        "estimated_households": 0,
        "estimated_population": 0,
        "area_sq_m": 191.8
      },
      "geometry": {
        "type": "Polygon",
        "coordinates": [
          [
            [
              77.69828512436294,
              12.687290079660569
            ],
            [
              77.69824255772906,
              12.687415833732953
            ],
            [
              77.69813150514656,
              12.687378243422506
            ],
            [
              77.69817407178044,
              12.687252489350122
            ],
            [
              77.69828512436294,
              12.687290079660569
            ]
          ]
        ]
      }
    },
    {
      "type": "Feature",
      "properties": {
        "building_id": "bldg_0147",
        "building_type": "commercial",
        "estimated_households": 0,
        "estimated_population": 0,
        "area_sq_m": 137.3
      },
      "geometry": {
        "type": "Polygon",
        "coordinates": [
          [
            [
              77.6975921601028,
              12.687013184502018
            ],
            [
              77.69766026378156,
              12.687120077865107
            ],
            [
              77.69758611128756,
              12.687167321748952
            ],
            [
              77.6975180076088,
              12.687060428385863
            ],
            [
              77.6975921601028,
              12.687013184502018
            ]
          ]
        ]
      }
    },
    {
      "type": "Feature",
      "properties": {
        "building_id": "bldg_0148",
        "building_type": "residential",
        "estimated_households": 1,
        "estimated_population": 4,
        "area_sq_m": 120.1
      },
      "geometry": {
        "type": "Polygon",
        "coordinates": [
          [
            [
              77.70038467735607,
              12.688065969520474
            ],
            [
              77.70040407882132,
              12.688164734572377
            ],
            [
              77.70030901807844,
              12.688183408360961
            ],
            [
              77.70028961661319,
              12.68808464330906
            ],
            [
              77.70038467735607,
              12.688065969520474
            ]
          ]
        ]
      }
    },
    {
      "type": "Feature",
      "properties": {
        "building_id": "bldg_0149",
        "building_type": "residential",
        "estimated_households": 1,
        "estimated_population": 5,
        "area_sq_m": 128.1
      },
      "geometry": {
        "type": "Polygon",
        "coordinates": [
          [
            [
              77.69968142524878,
              12.688251271507772
            ],
            [
              77.69956483371253,
              12.688214007633988
            ],
            [
              77.69959069604006,
              12.688133089355963
            ],
            [
              77.69970728757632,
              12.688170353229747
            ],
            [
              77.69968142524878,
              12.688251271507772
            ]
          ]
        ]
      }
    },
    {
      "type": "Feature",
      "properties": {
        "building_id": "bldg_0150",
        "building_type": "residential",
        "estimated_households": 1,
        "estimated_population": 5,
        "area_sq_m": 118.8
      },
      "geometry": {
        "type": "Polygon",
        "coordinates": [
          [
            [
              77.69641018494609,
              12.688360093184382
            ],
            [
              77.69648218616568,
              12.688309751771744
            ],
            [
              77.69654506031442,
              12.688399678040241
            ],
            [
              77.69647305909483,
              12.68845001945288
            ],
            [
              77.69641018494609,
              12.688360093184382
            ]
          ]
        ]
      }
    },
    {
      "type": "Feature",
      "properties": {
        "building_id": "bldg_0151",
        "building_type": "residential",
        "estimated_households": 1,
        "estimated_population": 4,
        "area_sq_m": 86.8
      },
      "geometry": {
        "type": "Polygon",
        "coordinates": [
          [
            [
              77.69552737579937,
              12.686378161146576
            ],
            [
              77.69560249053198,
              12.686460134384646
            ],
            [
              77.69555579277878,
              12.686502925048137
            ],
            [
              77.69548067804617,
              12.686420951810067
            ],
            [
              77.69552737579937,
              12.686378161146576
            ]
          ]
        ]
      }
    },
    {
      "type": "Feature",
      "properties": {
        "building_id": "bldg_0152",
        "building_type": "residential",
        "estimated_households": 1,
        "estimated_population": 4,
        "area_sq_m": 72.2
      },
      "geometry": {
        "type": "Polygon",
        "coordinates": [
          [
            [
              77.69938779866344,
              12.686352262466032
            ],
            [
              77.69945971262237,
              12.686387789925115
            ],
            [
              77.6994273463179,
              12.686453305139276
            ],
            [
              77.69935543235897,
              12.686417777680193
            ],
            [
              77.69938779866344,
              12.686352262466032
            ]
          ]
        ]
      }
    },
    {
      "type": "Feature",
      "properties": {
        "building_id": "bldg_0153",
        "building_type": "residential",
        "estimated_households": 1,
        "estimated_population": 3,
        "area_sq_m": 162.2
      },
      "geometry": {
        "type": "Polygon",
        "coordinates": [
          [
            [
              77.70088404477792,
              12.687196661612672
            ],
            [
              77.70084962728644,
              12.687341662509745
            ],
            [
              77.70076369068025,
              12.68732126455034
            ],
            [
              77.70079810817172,
              12.687176263653267
            ],
            [
              77.70088404477792,
              12.687196661612672
            ]
          ]
        ]
      }
    },
    {
      "type": "Feature",
      "properties": {
        "building_id": "bldg_0154",
        "building_type": "commercial",
        "estimated_households": 0,
        "estimated_population": 0,
        "area_sq_m": 198.6
      },
      "geometry": {
        "type": "Polygon",
        "coordinates": [
          [
            [
              77.69982706667243,
              12.686173528882994
            ],
            [
              77.699727050913,
              12.686272736585929
            ],
            [
              77.69964648241184,
              12.686191511846411
            ],
            [
              77.69974649817127,
              12.686092304143477
            ],
            [
              77.69982706667243,
              12.686173528882994
            ]
          ]
        ]
      }
    },
    {
      "type": "Feature",
      "properties": {
        "building_id": "bldg_0155",
        "building_type": "residential",
        "estimated_households": 1,
        "estimated_population": 5,
        "area_sq_m": 130.1
      },
      "geometry": {
        "type": "Polygon",
        "coordinates": [
          [
            [
              77.70013173598856,
              12.688233195279045
            ],
            [
              77.70006262724361,
              12.68828816467603
            ],
            [
              77.69998819447513,
              12.688194586148798
            ],
            [
              77.70005730322008,
              12.688139616751814
            ],
            [
              77.70013173598856,
              12.688233195279045
            ]
          ]
        ]
      }
    },
    {
      "type": "Feature",
      "properties": {
        "building_id": "bldg_0156",
        "building_type": "commercial",
        "estimated_households": 0,
        "estimated_population": 0,
        "area_sq_m": 194.4
      },
      "geometry": {
        "type": "Polygon",
        "coordinates": [
          [
            [
              77.70092436702768,
              12.685945499361763
            ],
            [
              77.70079500980174,
              12.685976122447041
            ],
            [
              77.70076766323322,
              12.685860605796451
            ],
            [
              77.70089702045917,
              12.685829982711173
            ],
            [
              77.70092436702768,
              12.685945499361763
            ]
          ]
        ]
      }
    },
    {
      "type": "Feature",
      "properties": {
        "building_id": "bldg_0157",
        "building_type": "residential",
        "estimated_households": 1,
        "estimated_population": 4,
        "area_sq_m": 185.7
      },
      "geometry": {
        "type": "Polygon",
        "coordinates": [
          [
            [
              77.6975849385866,
              12.687139778237901
            ],
            [
              77.69769546288603,
              12.687234589589487
            ],
            [
              77.69762807381164,
              12.687313146957466
            ],
            [
              77.69751754951221,
              12.68721833560588
            ],
            [
              77.6975849385866,
              12.687139778237901
            ]
          ]
        ]
      }
    },
    {
      "type": "Feature",
      "properties": {
        "building_id": "bldg_0158",
        "building_type": "residential",
        "estimated_households": 1,
        "estimated_population": 5,
        "area_sq_m": 137.5
      },
      "geometry": {
        "type": "Polygon",
        "coordinates": [
          [
            [
              77.70001739885114,
              12.687067452270194
            ],
            [
              77.70009467527237,
              12.686987420327627
            ],
            [
              77.70016684475425,
              12.687057104994794
            ],
            [
              77.70008956833303,
              12.687137136937361
            ],
            [
              77.70001739885114,
              12.687067452270194
            ]
          ]
        ]
      }
    },
    {
      "type": "Feature",
      "properties": {
        "building_id": "bldg_0159",
        "building_type": "residential",
        "estimated_households": 1,
        "estimated_population": 5,
        "area_sq_m": 152.8
      },
      "geometry": {
        "type": "Polygon",
        "coordinates": [
          [
            [
              77.69975661294633,
              12.686735681176408
            ],
            [
              77.6997758153248,
              12.68661947382848
            ],
            [
              77.69987967013616,
              12.68663663504444
            ],
            [
              77.69986046775769,
              12.686752842392368
            ],
            [
              77.69975661294633,
              12.686735681176408
            ]
          ]
        ]
      }
    },
    {
      "type": "Feature",
      "properties": {
        "building_id": "bldg_0160",
        "building_type": "public",
        "estimated_households": 0,
        "estimated_population": 0,
        "area_sq_m": 168.0
      },
      "geometry": {
        "type": "Polygon",
        "coordinates": [
          [
            [
              77.69940811921998,
              12.68627893460621
            ],
            [
              77.69928071568333,
              12.686211503716564
            ],
            [
              77.69932495299855,
              12.686127921986586
            ],
            [
              77.6994523565352,
              12.686195352876233
            ],
            [
              77.69940811921998,
              12.68627893460621
            ]
          ]
        ]
      }
    },
    {
      "type": "Feature",
      "properties": {
        "building_id": "bldg_0161",
        "building_type": "residential",
        "estimated_households": 1,
        "estimated_population": 5,
        "area_sq_m": 113.9
      },
      "geometry": {
        "type": "Polygon",
        "coordinates": [
          [
            [
              77.698062319867,
              12.687012489887872
            ],
            [
              77.69802293969298,
              12.687132404003881
            ],
            [
              77.69795333445808,
              12.687109545425136
            ],
            [
              77.69799271463211,
              12.686989631309126
            ],
            [
              77.698062319867,
              12.687012489887872
            ]
          ]
        ]
      }
    },
    {
      "type": "Feature",
      "properties": {
        "building_id": "bldg_0162",
        "building_type": "residential",
        "estimated_households": 1,
        "estimated_population": 4,
        "area_sq_m": 212.5
      },
      "geometry": {
        "type": "Polygon",
        "coordinates": [
          [
            [
              77.6967056056632,
              12.687108672325918
            ],
            [
              77.69663537403906,
              12.686978329024269
            ],
            [
              77.69673792931752,
              12.68692307015266
            ],
            [
              77.69680816094166,
              12.68705341345431
            ],
            [
              77.6967056056632,
              12.687108672325918
            ]
          ]
        ]
      }
    },
    {
      "type": "Feature",
      "properties": {
        "building_id": "bldg_0163",
        "building_type": "commercial",
        "estimated_households": 0,
        "estimated_population": 0,
        "area_sq_m": 107.9
      },
      "geometry": {
        "type": "Polygon",
        "coordinates": [
          [
            [
              77.69801382510778,
              12.68709692422386
            ],
            [
              77.69803197878763,
              12.687213170246915
            ],
            [
              77.6979584123554,
              12.687224658824524
            ],
            [
              77.69794025867556,
              12.68710841280147
            ],
            [
              77.69801382510778,
              12.68709692422386
            ]
          ]
        ]
      }
    },
    {
      "type": "Feature",
      "properties": {
        "building_id": "bldg_0164",
        "building_type": "residential",
        "estimated_households": 1,
        "estimated_population": 3,
        "area_sq_m": 87.8
      },
      "geometry": {
        "type": "Polygon",
        "coordinates": [
          [
            [
              77.699360893648,
              12.687569076832125
            ],
            [
              77.69928816030968,
              12.687611166261902
            ],
            [
              77.69924570676496,
              12.687537803708677
            ],
            [
              77.69931844010328,
              12.6874957142789
            ],
            [
              77.699360893648,
              12.687569076832125
            ]
          ]
        ]
      }
    },
    {
      "type": "Feature",
      "properties": {
        "building_id": "bldg_0165",
        "building_type": "residential",
        "estimated_households": 1,
        "estimated_population": 3,
        "area_sq_m": 82.3
      },
      "geometry": {
        "type": "Polygon",
        "coordinates": [
          [
            [
              77.697471896151,
              12.686996366485442
            ],
            [
              77.69737386748444,
              12.68702836315594
            ],
            [
              77.69735377796138,
              12.686966814590853
            ],
            [
              77.69745180662794,
              12.686934817920354
            ],
            [
              77.697471896151,
              12.686996366485442
            ]
          ]
        ]
      }
    },
    {
      "type": "Feature",
      "properties": {
        "building_id": "bldg_0166",
        "building_type": "public",
        "estimated_households": 0,
        "estimated_population": 0,
        "area_sq_m": 94.0
      },
      "geometry": {
        "type": "Polygon",
        "coordinates": [
          [
            [
              77.6996088539575,
              12.686651980072794
            ],
            [
              77.69971862937665,
              12.68670600188786
            ],
            [
              77.69969108909348,
              12.68676196531901
            ],
            [
              77.69958131367433,
              12.686707943503944
            ],
            [
              77.6996088539575,
              12.686651980072794
            ]
          ]
        ]
      }
    },
    {
      "type": "Feature",
      "properties": {
        "building_id": "bldg_0167",
        "building_type": "residential",
        "estimated_households": 1,
        "estimated_population": 3,
        "area_sq_m": 138.2
      },
      "geometry": {
        "type": "Polygon",
        "coordinates": [
          [
            [
              77.69841088580702,
              12.687254156026249
            ],
            [
              77.69853155202867,
              12.687176504867105
            ],
            [
              77.69857386540531,
              12.687242257849292
            ],
            [
              77.69845319918366,
              12.687319909008435
            ],
            [
              77.69841088580702,
              12.687254156026249
            ]
          ]
        ]
      }
    },
    {
      "type": "Feature",
      "properties": {
        "building_id": "bldg_0168",
        "building_type": "residential",
        "estimated_households": 1,
        "estimated_population": 5,
        "area_sq_m": 164.0
      },
      "geometry": {
        "type": "Polygon",
        "coordinates": [
          [
            [
              77.69909375073232,
              12.685983652795162
            ],
            [
              77.69910072758063,
              12.68613346046063
            ],
            [
              77.69901208840315,
              12.686137588567782
            ],
            [
              77.69900511155484,
              12.685987780902314
            ],
            [
              77.69909375073232,
              12.685983652795162
            ]
          ]
        ]
      }
    },
    {
      "type": "Feature",
      "properties": {
        "building_id": "bldg_0169",
        "building_type": "residential",
        "estimated_households": 1,
        "estimated_population": 5,
        "area_sq_m": 155.7
      },
      "geometry": {
        "type": "Polygon",
        "coordinates": [
          [
            [
              77.6991477174669,
              12.688921138968144
            ],
            [
              77.69906089163617,
              12.689001997126457
            ],
            [
              77.698988289782,
              12.688924036949864
            ],
            [
              77.69907511561273,
              12.68884317879155
            ],
            [
              77.6991477174669,
              12.688921138968144
            ]
          ]
        ]
      }
    },
    {
      "type": "Feature",
      "properties": {
        "building_id": "bldg_0170",
        "building_type": "commercial",
        "estimated_households": 0,
        "estimated_population": 0,
        "area_sq_m": 128.3
      },
      "geometry": {
        "type": "Polygon",
        "coordinates": [
          [
            [
              77.6975295663131,
              12.687070148889102
            ],
            [
              77.69762392120545,
              12.68713744900407
            ],
            [
              77.69757175412774,
              12.687210587348702
            ],
            [
              77.69747739923538,
              12.687143287233734
            ],
            [
              77.6975295663131,
              12.687070148889102
            ]
          ]
        ]
      }
    },
    {
      "type": "Feature",
      "properties": {
        "building_id": "bldg_0171",
        "building_type": "residential",
        "estimated_households": 1,
        "estimated_population": 3,
        "area_sq_m": 145.9
      },
      "geometry": {
        "type": "Polygon",
        "coordinates": [
          [
            [
              77.69581322468143,
              12.686741281141606
            ],
            [
              77.69568977066963,
              12.686815416219927
            ],
            [
              77.69564743104276,
              12.686744909829228
            ],
            [
              77.69577088505456,
              12.686670774750906
            ],
            [
              77.69581322468143,
              12.686741281141606
            ]
          ]
        ]
      }
    },
    {
      "type": "Feature",
      "properties": {
        "building_id": "bldg_0172",
        "building_type": "commercial",
        "estimated_households": 0,
        "estimated_population": 0,
        "area_sq_m": 110.4
      },
      "geometry": {
        "type": "Polygon",
        "coordinates": [
          [
            [
              77.69868385831333,
              12.68731629578087
            ],
            [
              77.6985699911414,
              12.68727878919298
            ],
            [
              77.69859337504033,
              12.687207797439543
            ],
            [
              77.69870724221227,
              12.687245304027432
            ],
            [
              77.69868385831333,
              12.68731629578087
            ]
          ]
        ]
      }
    },
    {
      "type": "Feature",
      "properties": {
        "building_id": "bldg_0173",
        "building_type": "residential",
        "estimated_households": 1,
        "estimated_population": 3,
        "area_sq_m": 145.5
      },
      "geometry": {
        "type": "Polygon",
        "coordinates": [
          [
            [
              77.69697496085237,
              12.688361206954534
            ],
            [
              77.69696749929014,
              12.688247247491319
            ],
            [
              77.69707069180765,
              12.688240490901128
            ],
            [
              77.69707815336989,
              12.688354450364344
            ],
            [
              77.69697496085237,
              12.688361206954534
            ]
          ]
        ]
      }
    },
    {
      "type": "Feature",
      "properties": {
        "building_id": "bldg_0174",
        "building_type": "residential",
        "estimated_households": 1,
        "estimated_population": 5,
        "area_sq_m": 129.7
      },
      "geometry": {
        "type": "Polygon",
        "coordinates": [
          [
            [
              77.69942228315801,
              12.687631852661221
            ],
            [
              77.69951499488258,
              12.687626208926632
            ],
            [
              77.69952188292396,
              12.687739361340926
            ],
            [
              77.6994291711994,
              12.687745005075515
            ],
            [
              77.69942228315801,
              12.687631852661221
            ]
          ]
        ]
      }
    },
    {
      "type": "Feature",
      "properties": {
        "building_id": "bldg_0175",
        "building_type": "residential",
        "estimated_households": 1,
        "estimated_population": 3,
        "area_sq_m": 180.3
      },
      "geometry": {
        "type": "Polygon",
        "coordinates": [
          [
            [
              77.70078349597273,
              12.686868075935694
            ],
            [
              77.70079664653329,
              12.686722505559676
            ],
            [
              77.70089633352049,
              12.686731511099106
            ],
            [
              77.70088318295993,
              12.686877081475124
            ],
            [
              77.70078349597273,
              12.686868075935694
            ]
          ]
        ]
      }
    },
    {
      "type": "Feature",
      "properties": {
        "building_id": "bldg_0176",
        "building_type": "residential",
        "estimated_households": 1,
        "estimated_population": 5,
        "area_sq_m": 88.7
      },
      "geometry": {
        "type": "Polygon",
        "coordinates": [
          [
            [
              77.69781973283351,
              12.686327975662593
            ],
            [
              77.69770313823646,
              12.686306175895302
            ],
            [
              77.69771429606969,
              12.686246498970686
            ],
            [
              77.69783089066674,
              12.686268298737977
            ],
            [
              77.69781973283351,
              12.686327975662593
            ]
          ]
        ]
      }
    },
    {
      "type": "Feature",
      "properties": {
        "building_id": "bldg_0177",
        "building_type": "residential",
        "estimated_households": 1,
        "estimated_population": 3,
        "area_sq_m": 169.4
      },
      "geometry": {
        "type": "Polygon",
        "coordinates": [
          [
            [
              77.69874868484654,
              12.686218181898347
            ],
            [
              77.69879600910834,
              12.686089699308157
            ],
            [
              77.6988902608657,
              12.686124415255545
            ],
            [
              77.6988429366039,
              12.686252897845735
            ],
            [
              77.69874868484654,
              12.686218181898347
            ]
          ]
        ]
      }
    },
    {
      "type": "Feature",
      "properties": {
        "building_id": "bldg_0178",
        "building_type": "residential",
        "estimated_households": 1,
        "estimated_population": 4,
        "area_sq_m": 97.8
      },
      "geometry": {
        "type": "Polygon",
        "coordinates": [
          [
            [
              77.69834564471155,
              12.688329591239057
            ],
            [
              77.69837285604811,
              12.688235789159142
            ],
            [
              77.69845090478596,
              12.688258430559795
            ],
            [
              77.6984236934494,
              12.68835223263971
            ],
            [
              77.69834564471155,
              12.688329591239057
            ]
          ]
        ]
      }
    },
    {
      "type": "Feature",
      "properties": {
        "building_id": "bldg_0179",
        "building_type": "residential",
        "estimated_households": 1,
        "estimated_population": 3,
        "area_sq_m": 136.5
      },
      "geometry": {
        "type": "Polygon",
        "coordinates": [
          [
            [
              77.69836018751326,
              12.68841645095125
            ],
            [
              77.69844850366583,
              12.688465449916684
            ],
            [
              77.69839529095793,
              12.68856136095456
            ],
            [
              77.69830697480536,
              12.688512361989126
            ],
            [
              77.69836018751326,
              12.68841645095125
            ]
          ]
        ]
      }
    },
    {
      "type": "Feature",
      "properties": {
        "building_id": "bldg_0180",
        "building_type": "residential",
        "estimated_households": 1,
        "estimated_population": 3,
        "area_sq_m": 92.7
      },
      "geometry": {
        "type": "Polygon",
        "coordinates": [
          [
            [
              77.69943004305205,
              12.68701537426642
            ],
            [
              77.69954852298615,
              12.687022417550832
            ],
            [
              77.69954476264869,
              12.68708567277524
            ],
            [
              77.69942628271458,
              12.687078629490827
            ],
            [
              77.69943004305205,
              12.68701537426642
            ]
          ]
        ]
      }
    },
    {
      "type": "Feature",
      "properties": {
        "building_id": "bldg_0181",
        "building_type": "residential",
        "estimated_households": 1,
        "estimated_population": 5,
        "area_sq_m": 155.0
      },
      "geometry": {
        "type": "Polygon",
        "coordinates": [
          [
            [
              77.6988677836162,
              12.688777188347803
            ],
            [
              77.69900387328282,
              12.688818178576536
            ],
            [
              77.69897834104994,
              12.688902946902228
            ],
            [
              77.69884225138331,
              12.688861956673495
            ],
            [
              77.6988677836162,
              12.688777188347803
            ]
          ]
        ]
      }
    },
    {
      "type": "Feature",
      "properties": {
        "building_id": "bldg_0182",
        "building_type": "residential",
        "estimated_households": 1,
        "estimated_population": 5,
        "area_sq_m": 83.8
      },
      "geometry": {
        "type": "Polygon",
        "coordinates": [
          [
            [
              77.6976710703017,
              12.686681281755764
            ],
            [
              77.69771740939869,
              12.686602532518886
            ],
            [
              77.69778155602204,
              12.686640278873249
            ],
            [
              77.69773521692504,
              12.686719028110126
            ],
            [
              77.6976710703017,
              12.686681281755764
            ]
          ]
        ]
      }
    },
    {
      "type": "Feature",
      "properties": {
        "building_id": "bldg_0183",
        "building_type": "residential",
        "estimated_households": 1,
        "estimated_population": 3,
        "area_sq_m": 167.9
      },
      "geometry": {
        "type": "Polygon",
        "coordinates": [
          [
            [
              77.70055172078293,
              12.686005807787785
            ],
            [
              77.70066028987131,
              12.686043893494274
            ],
            [
              77.7006210774048,
              12.686155674583167
            ],
            [
              77.70051250831642,
              12.686117588876678
            ],
            [
              77.70055172078293,
              12.686005807787785
            ]
          ]
        ]
      }
    },
    {
      "type": "Feature",
      "properties": {
        "building_id": "bldg_0184",
        "building_type": "residential",
        "estimated_households": 1,
        "estimated_population": 3,
        "area_sq_m": 77.3
      },
      "geometry": {
        "type": "Polygon",
        "coordinates": [
          [
            [
              77.69630027038458,
              12.687682692963415
            ],
            [
              77.69638225514277,
              12.687678870995798
            ],
            [
              77.69638581287855,
              12.687755187735211
            ],
            [
              77.69630382812036,
              12.687759009702829
            ],
            [
              77.69630027038458,
              12.687682692963415
            ]
          ]
        ]
      }
    },
    {
      "type": "Feature",
      "properties": {
        "building_id": "bldg_0185",
        "building_type": "residential",
        "estimated_households": 1,
        "estimated_population": 5,
        "area_sq_m": 136.9
      },
      "geometry": {
        "type": "Polygon",
        "coordinates": [
          [
            [
              77.69650871428065,
              12.688566595472683
            ],
            [
              77.69645004387742,
              12.688473277228157
            ],
            [
              77.69653536389426,
              12.688419635415492
            ],
            [
              77.69659403429749,
              12.688512953660018
            ],
            [
              77.69650871428065,
              12.688566595472683
            ]
          ]
        ]
      }
    },
    {
      "type": "Feature",
      "properties": {
        "building_id": "bldg_0186",
        "building_type": "residential",
        "estimated_households": 1,
        "estimated_population": 3,
        "area_sq_m": 79.8
      },
      "geometry": {
        "type": "Polygon",
        "coordinates": [
          [
            [
              77.69802517232965,
              12.687317505533242
            ],
            [
              77.69796310395733,
              12.687375791619546
            ],
            [
              77.69791102475988,
              12.68732033291195
            ],
            [
              77.69797309313219,
              12.687262046825646
            ],
            [
              77.69802517232965,
              12.687317505533242
            ]
          ]
        ]
      }
    },
    {
      "type": "Feature",
      "properties": {
        "building_id": "bldg_0187",
        "building_type": "residential",
        "estimated_households": 1,
        "estimated_population": 3,
        "area_sq_m": 102.1
      },
      "geometry": {
        "type": "Polygon",
        "coordinates": [
          [
            [
              77.69873107395739,
              12.686520862112912
            ],
            [
              77.69871849067074,
              12.686621658430463
            ],
            [
              77.69863752410211,
              12.686611550664951
            ],
            [
              77.69865010738876,
              12.6865107543474
            ],
            [
              77.69873107395739,
              12.686520862112912
            ]
          ]
        ]
      }
    },
    {
      "type": "Feature",
      "properties": {
        "building_id": "bldg_0188",
        "building_type": "residential",
        "estimated_households": 1,
        "estimated_population": 5,
        "area_sq_m": 123.7
      },
      "geometry": {
        "type": "Polygon",
        "coordinates": [
          [
            [
              77.69885214490516,
              12.687694641267449
            ],
            [
              77.69896936260979,
              12.687714160653337
            ],
            [
              77.69895548543671,
              12.687797495773808
            ],
            [
              77.69883826773209,
              12.687777976387919
            ],
            [
              77.69885214490516,
              12.687694641267449
            ]
          ]
        ]
      }
    },
    {
      "type": "Feature",
      "properties": {
        "building_id": "bldg_0189",
        "building_type": "residential",
        "estimated_households": 1,
        "estimated_population": 3,
        "area_sq_m": 105.2
      },
      "geometry": {
        "type": "Polygon",
        "coordinates": [
          [
            [
              77.69999915215489,
              12.687310334460117
            ],
            [
              77.699972456205,
              12.687409514577356
            ],
            [
              77.69989219845347,
              12.687387911891532
            ],
            [
              77.69991889440335,
              12.687288731774293
            ],
            [
              77.69999915215489,
              12.687310334460117
            ]
          ]
        ]
      }
    },
    {
      "type": "Feature",
      "properties": {
        "building_id": "bldg_0190",
        "building_type": "residential",
        "estimated_households": 1,
        "estimated_population": 4,
        "area_sq_m": 145.1
      },
      "geometry": {
        "type": "Polygon",
        "coordinates": [
          [
            [
              77.69940375664252,
              12.686121873973233
            ],
            [
              77.69946018928515,
              12.686223767654386
            ],
            [
              77.69937173100614,
              12.68627275925415
            ],
            [
              77.69931529836352,
              12.686170865572997
            ],
            [
              77.69940375664252,
              12.686121873973233
            ]
          ]
        ]
      }
    },
    {
      "type": "Feature",
      "properties": {
        "building_id": "bldg_0191",
        "building_type": "residential",
        "estimated_households": 1,
        "estimated_population": 4,
        "area_sq_m": 86.5
      },
      "geometry": {
        "type": "Polygon",
        "coordinates": [
          [
            [
              77.69823276851933,
              12.68707505910231
            ],
            [
              77.69820456606278,
              12.687162319288399
            ],
            [
              77.69813171861357,
              12.68713877502253
            ],
            [
              77.69815992107011,
              12.687051514836442
            ],
            [
              77.69823276851933,
              12.68707505910231
            ]
          ]
        ]
      }
    },
    {
      "type": "Feature",
      "properties": {
        "building_id": "bldg_0192",
        "building_type": "residential",
        "estimated_households": 1,
        "estimated_population": 3,
        "area_sq_m": 145.8
      },
      "geometry": {
        "type": "Polygon",
        "coordinates": [
          [
            [
              77.69829440237619,
              12.687289937583135
            ],
            [
              77.6983359206687,
              12.687406517502215
            ],
            [
              77.6982458347146,
              12.687438600343093
            ],
            [
              77.69820431642209,
              12.687322020424013
            ],
            [
              77.69829440237619,
              12.687289937583135
            ]
          ]
        ]
      }
    },
    {
      "type": "Feature",
      "properties": {
        "building_id": "bldg_0193",
        "building_type": "residential",
        "estimated_households": 1,
        "estimated_population": 4,
        "area_sq_m": 123.7
      },
      "geometry": {
        "type": "Polygon",
        "coordinates": [
          [
            [
              77.69725194284962,
              12.688984683679925
            ],
            [
              77.69728635497428,
              12.68888733151996
            ],
            [
              77.69737800897406,
              12.688919729454097
            ],
            [
              77.6973435968494,
              12.689017081614063
            ],
            [
              77.69725194284962,
              12.688984683679925
            ]
          ]
        ]
      }
    },
    {
      "type": "Feature",
      "properties": {
        "building_id": "bldg_0194",
        "building_type": "residential",
        "estimated_households": 1,
        "estimated_population": 5,
        "area_sq_m": 204.6
      },
      "geometry": {
        "type": "Polygon",
        "coordinates": [
          [
            [
              77.69699209594413,
              12.68834340377646
            ],
            [
              77.69708404396624,
              12.688449195811156
            ],
            [
              77.69699463943456,
              12.688526900809261
            ],
            [
              77.69690269141245,
              12.688421108774566
            ],
            [
              77.69699209594413,
              12.68834340377646
            ]
          ]
        ]
      }
    },
    {
      "type": "Feature",
      "properties": {
        "building_id": "bldg_0195",
        "building_type": "residential",
        "estimated_households": 1,
        "estimated_population": 5,
        "area_sq_m": 141.1
      },
      "geometry": {
        "type": "Polygon",
        "coordinates": [
          [
            [
              77.69712810136183,
              12.68900840319281
            ],
            [
              77.69707799534896,
              12.688869344176998
            ],
            [
              77.69715089430527,
              12.68884307708442
            ],
            [
              77.69720100031813,
              12.68898213610023
            ],
            [
              77.69712810136183,
              12.68900840319281
            ]
          ]
        ]
      }
    },
    {
      "type": "Feature",
      "properties": {
        "building_id": "bldg_0196",
        "building_type": "residential",
        "estimated_households": 1,
        "estimated_population": 3,
        "area_sq_m": 150.8
      },
      "geometry": {
        "type": "Polygon",
        "coordinates": [
          [
            [
              77.6978543757165,
              12.688599840026844
            ],
            [
              77.69788711888744,
              12.688700184019465
            ],
            [
              77.69777691367602,
              12.6887361449971
            ],
            [
              77.69774417050509,
              12.688635801004478
            ],
            [
              77.6978543757165,
              12.688599840026844
            ]
          ]
        ]
      }
    },
    {
      "type": "Feature",
      "properties": {
        "building_id": "bldg_0197",
        "building_type": "residential",
        "estimated_households": 1,
        "estimated_population": 3,
        "area_sq_m": 182.3
      },
      "geometry": {
        "type": "Polygon",
        "coordinates": [
          [
            [
              77.69779576593865,
              12.68841332526882
            ],
            [
              77.69768021498199,
              12.688487533377032
            ],
            [
              77.69762199552426,
              12.688396878673663
            ],
            [
              77.69773754648092,
              12.688322670565451
            ],
            [
              77.69779576593865,
              12.68841332526882
            ]
          ]
        ]
      }
    },
    {
      "type": "Feature",
      "properties": {
        "building_id": "bldg_0198",
        "building_type": "commercial",
        "estimated_households": 0,
        "estimated_population": 0,
        "area_sq_m": 120.4
      },
      "geometry": {
        "type": "Polygon",
        "coordinates": [
          [
            [
              77.69990814485507,
              12.686134945453913
            ],
            [
              77.70000296335081,
              12.686083122398115
            ],
            [
              77.70004631698961,
              12.686162444752872
            ],
            [
              77.69995149849387,
              12.686214267808671
            ],
            [
              77.69990814485507,
              12.686134945453913
            ]
          ]
        ]
      }
    },
    {
      "type": "Feature",
      "properties": {
        "building_id": "bldg_0199",
        "building_type": "residential",
        "estimated_households": 1,
        "estimated_population": 5,
        "area_sq_m": 185.9
      },
      "geometry": {
        "type": "Polygon",
        "coordinates": [
          [
            [
              77.69769103960697,
              12.686587366127155
            ],
            [
              77.69774742215527,
              12.686450753970432
            ],
            [
              77.6978417982247,
              12.686489704847295
            ],
            [
              77.69778541567639,
              12.686626317004018
            ],
            [
              77.69769103960697,
              12.686587366127155
            ]
          ]
        ]
      }
    },
    {
      "type": "Feature",
      "properties": {
        "building_id": "bldg_0200",
        "building_type": "residential",
        "estimated_households": 1,
        "estimated_population": 5,
        "area_sq_m": 109.3
      },
      "geometry": {
        "type": "Polygon",
        "coordinates": [
          [
            [
              77.69832960714739,
              12.68847179867265
            ],
            [
              77.69824509899998,
              12.68843634532629
            ],
            [
              77.69828253190478,
              12.688347118616742
            ],
            [
              77.69836704005219,
              12.688382571963102
            ],
            [
              77.69832960714739,
              12.68847179867265
            ]
          ]
        ]
      }
    },
    {
      "type": "Feature",
      "properties": {
        "building_id": "bldg_0201",
        "building_type": "public",
        "estimated_households": 0,
        "estimated_population": 0,
        "area_sq_m": 71.0
      },
      "geometry": {
        "type": "Polygon",
        "coordinates": [
          [
            [
              77.69708516194376,
              12.688369418707005
            ],
            [
              77.69710046119646,
              12.68845548560343
            ],
            [
              77.69703556218809,
              12.688467022052048
            ],
            [
              77.6970202629354,
              12.688380955155623
            ],
            [
              77.69708516194376,
              12.688369418707005
            ]
          ]
        ]
      }
    },
    {
      "type": "Feature",
      "properties": {
        "building_id": "bldg_0202",
        "building_type": "residential",
        "estimated_households": 1,
        "estimated_population": 4,
        "area_sq_m": 134.4
      },
      "geometry": {
        "type": "Polygon",
        "coordinates": [
          [
            [
              77.6964693290293,
              12.687759121871247
            ],
            [
              77.69640122433715,
              12.687859379066959
            ],
            [
              77.69632675360361,
              12.687808791113182
            ],
            [
              77.69639485829576,
              12.68770853391747
            ],
            [
              77.6964693290293,
              12.687759121871247
            ]
          ]
        ]
      }
    },
    {
      "type": "Feature",
      "properties": {
        "building_id": "bldg_0203",
        "building_type": "residential",
        "estimated_households": 1,
        "estimated_population": 4,
        "area_sq_m": 121.5
      },
      "geometry": {
        "type": "Polygon",
        "coordinates": [
          [
            [
              77.69942070419482,
              12.687183889681378
            ],
            [
              77.69955790891636,
              12.687130239640652
            ],
            [
              77.69958229533195,
              12.687192605508692
            ],
            [
              77.69944509061041,
              12.687246255549418
            ],
            [
              77.69942070419482,
              12.687183889681378
            ]
          ]
        ]
      }
    },
    {
      "type": "Feature",
      "properties": {
        "building_id": "bldg_0204",
        "building_type": "residential",
        "estimated_households": 1,
        "estimated_population": 5,
        "area_sq_m": 103.6
      },
      "geometry": {
        "type": "Polygon",
        "coordinates": [
          [
            [
              77.69771423206119,
              12.687800809716206
            ],
            [
              77.69762080909379,
              12.687814907739506
            ],
            [
              77.69760753252676,
              12.687726928292859
            ],
            [
              77.69770095549416,
              12.68771283026956
            ],
            [
              77.69771423206119,
              12.687800809716206
            ]
          ]
        ]
      }
    },
    {
      "type": "Feature",
      "properties": {
        "building_id": "bldg_0205",
        "building_type": "commercial",
        "estimated_households": 0,
        "estimated_population": 0,
        "area_sq_m": 120.4
      },
      "geometry": {
        "type": "Polygon",
        "coordinates": [
          [
            [
              77.69747951641098,
              12.688716882852745
            ],
            [
              77.69742685396824,
              12.688646310048188
            ],
            [
              77.69751577592636,
              12.688579955202908
            ],
            [
              77.6975684383691,
              12.688650528007464
            ],
            [
              77.69747951641098,
              12.688716882852745
            ]
          ]
        ]
      }
    },
    {
      "type": "Feature",
      "properties": {
        "building_id": "bldg_0206",
        "building_type": "residential",
        "estimated_households": 1,
        "estimated_population": 4,
        "area_sq_m": 163.7
      },
      "geometry": {
        "type": "Polygon",
        "coordinates": [
          [
            [
              77.69681950346934,
              12.686904962940066
            ],
            [
              77.6968723647411,
              12.687030098789592
            ],
            [
              77.69678228652533,
              12.687068150627336
            ],
            [
              77.69672942525358,
              12.68694301477781
            ],
            [
              77.69681950346934,
              12.686904962940066
            ]
          ]
        ]
      }
    },
    {
      "type": "Feature",
      "properties": {
        "building_id": "bldg_0207",
        "building_type": "residential",
        "estimated_households": 1,
        "estimated_population": 5,
        "area_sq_m": 152.0
      },
      "geometry": {
        "type": "Polygon",
        "coordinates": [
          [
            [
              77.69650779454012,
              12.687686326768686
            ],
            [
              77.69637964500461,
              12.687747069718151
            ],
            [
              77.69634239210443,
              12.687668477191812
            ],
            [
              77.69647054163994,
              12.687607734242347
            ],
            [
              77.69650779454012,
              12.687686326768686
            ]
          ]
        ]
      }
    },
    {
      "type": "Feature",
      "properties": {
        "building_id": "bldg_0208",
        "building_type": "residential",
        "estimated_households": 1,
        "estimated_population": 3,
        "area_sq_m": 171.6
      },
      "geometry": {
        "type": "Polygon",
        "coordinates": [
          [
            [
              77.69857638756265,
              12.687492414175127
            ],
            [
              77.69846209145439,
              12.687432037276691
            ],
            [
              77.69851242476382,
              12.68733675412147
            ],
            [
              77.69862672087208,
              12.687397131019905
            ],
            [
              77.69857638756265,
              12.687492414175127
            ]
          ]
        ]
      }
    },
    {
      "type": "Feature",
      "properties": {
        "building_id": "bldg_0209",
        "building_type": "residential",
        "estimated_households": 1,
        "estimated_population": 4,
        "area_sq_m": 108.7
      },
      "geometry": {
        "type": "Polygon",
        "coordinates": [
          [
            [
              77.69766906680735,
              12.687036308997516
            ],
            [
              77.69758128193368,
              12.687042117760642
            ],
            [
              77.69757466334545,
              12.686942094413197
            ],
            [
              77.69766244821912,
              12.686936285650072
            ],
            [
              77.69766906680735,
              12.687036308997516
            ]
          ]
        ]
      }
    },
    {
      "type": "Feature",
      "properties": {
        "building_id": "bldg_0210",
        "building_type": "residential",
        "estimated_households": 1,
        "estimated_population": 3,
        "area_sq_m": 72.0
      },
      "geometry": {
        "type": "Polygon",
        "coordinates": [
          [
            [
              77.69767522691026,
              12.68814016339045
            ],
            [
              77.69773865377991,
              12.688198141407392
            ],
            [
              77.69769274988727,
              12.688248359410139
            ],
            [
              77.69762932301762,
              12.688190381393197
            ],
            [
              77.69767522691026,
              12.68814016339045
            ]
          ]
        ]
      }
    },
    {
      "type": "Feature",
      "properties": {
        "building_id": "bldg_0211",
        "building_type": "residential",
        "estimated_households": 1,
        "estimated_population": 4,
        "area_sq_m": 121.4
      },
      "geometry": {
        "type": "Polygon",
        "coordinates": [
          [
            [
              77.69918915595134,
              12.688215037224559
            ],
            [
              77.69926413125059,
              12.68830323336434
            ],
            [
              77.69919929763505,
              12.688358348245092
            ],
            [
              77.6991243223358,
              12.68827015210531
            ],
            [
              77.69918915595134,
              12.688215037224559
            ]
          ]
        ]
      }
    },
    {
      "type": "Feature",
      "properties": {
        "building_id": "bldg_0212",
        "building_type": "residential",
        "estimated_households": 1,
        "estimated_population": 3,
        "area_sq_m": 156.3
      },
      "geometry": {
        "type": "Polygon",
        "coordinates": [
          [
            [
              77.6990381977068,
              12.688119410881464
            ],
            [
              77.69916673798605,
              12.688119329755844
            ],
            [
              77.69916680028841,
              12.68821804534189
            ],
            [
              77.69903826000916,
              12.68821812646751
            ],
            [
              77.6990381977068,
              12.688119410881464
            ]
          ]
        ]
      }
    },
    {
      "type": "Feature",
      "properties": {
        "building_id": "bldg_0213",
        "building_type": "residential",
        "estimated_households": 1,
        "estimated_population": 3,
        "area_sq_m": 109.4
      },
      "geometry": {
        "type": "Polygon",
        "coordinates": [
          [
            [
              77.69739934550336,
              12.686245242188072
            ],
            [
              77.69749563261159,
              12.686278961556733
            ],
            [
              77.69746685793109,
              12.686361128895154
            ],
            [
              77.69737057082286,
              12.686327409526493
            ],
            [
              77.69739934550336,
              12.686245242188072
            ]
          ]
        ]
      }
    },
    {
      "type": "Feature",
      "properties": {
        "building_id": "bldg_0214",
        "building_type": "residential",
        "estimated_households": 1,
        "estimated_population": 5,
        "area_sq_m": 123.4
      },
      "geometry": {
        "type": "Polygon",
        "coordinates": [
          [
            [
              77.69729098218836,
              12.686413866097832
            ],
            [
              77.69722984129686,
              12.686326206012879
            ],
            [
              77.69730669014935,
              12.686272605707162
            ],
            [
              77.69736783104085,
              12.686360265792114
            ],
            [
              77.69729098218836,
              12.686413866097832
            ]
          ]
        ]
      }
    },
    {
      "type": "Feature",
      "properties": {
        "building_id": "bldg_0215",
        "building_type": "residential",
        "estimated_households": 1,
        "estimated_population": 4,
        "area_sq_m": 158.8
      },
      "geometry": {
        "type": "Polygon",
        "coordinates": [
          [
            [
              77.6974624014917,
              12.686496402327935
            ],
            [
              77.69748441723527,
              12.686613936017897
            ],
            [
              77.69737850639233,
              12.686633774635746
            ],
            [
              77.69735649064876,
              12.686516240945783
            ],
            [
              77.6974624014917,
              12.686496402327935
            ]
          ]
        ]
      }
    },
    {
      "type": "Feature",
      "properties": {
        "building_id": "bldg_0216",
        "building_type": "residential",
        "estimated_households": 1,
        "estimated_population": 5,
        "area_sq_m": 155.8
      },
      "geometry": {
        "type": "Polygon",
        "coordinates": [
          [
            [
              77.69841833605547,
              12.687514323191392
            ],
            [
              77.69843734856289,
              12.687381020394996
            ],
            [
              77.69853034645668,
              12.687394284356388
            ],
            [
              77.69851133394926,
              12.687527587152784
            ],
            [
              77.69841833605547,
              12.687514323191392
            ]
          ]
        ]
      }
    },
    {
      "type": "Feature",
      "properties": {
        "building_id": "bldg_0217",
        "building_type": "public",
        "estimated_households": 0,
        "estimated_population": 0,
        "area_sq_m": 170.3
      },
      "geometry": {
        "type": "Polygon",
        "coordinates": [
          [
            [
              77.69802426717266,
              12.688166541575256
            ],
            [
              77.6980306339456,
              12.688017314779536
            ],
            [
              77.69812307245328,
              12.688021258675715
            ],
            [
              77.69811670568033,
              12.688170485471435
            ],
            [
              77.69802426717266,
              12.688166541575256
            ]
          ]
        ]
      }
    },
    {
      "type": "Feature",
      "properties": {
        "building_id": "bldg_0218",
        "building_type": "residential",
        "estimated_households": 1,
        "estimated_population": 4,
        "area_sq_m": 178.8
      },
      "geometry": {
        "type": "Polygon",
        "coordinates": [
          [
            [
              77.69910711181973,
              12.686148863764798
            ],
            [
              77.69906633014395,
              12.686280810087894
            ],
            [
              77.69896593536524,
              12.686249780293208
            ],
            [
              77.69900671704102,
              12.686117833970112
            ],
            [
              77.69910711181973,
              12.686148863764798
            ]
          ]
        ]
      }
    },
    {
      "type": "Feature",
      "properties": {
        "building_id": "bldg_0219",
        "building_type": "residential",
        "estimated_households": 1,
        "estimated_population": 3,
        "area_sq_m": 118.7
      },
      "geometry": {
        "type": "Polygon",
        "coordinates": [
          [
            [
              77.69807422460975,
              12.688824390278636
            ],
            [
              77.69813794004551,
              12.688882283512488
            ],
            [
              77.69806267751356,
              12.688965115040457
            ],
            [
              77.6979989620778,
              12.688907221806605
            ],
            [
              77.69807422460975,
              12.688824390278636
            ]
          ]
        ]
      }
    },
    {
      "type": "Feature",
      "properties": {
        "building_id": "bldg_0220",
        "building_type": "residential",
        "estimated_households": 1,
        "estimated_population": 3,
        "area_sq_m": 107.1
      },
      "geometry": {
        "type": "Polygon",
        "coordinates": [
          [
            [
              77.69692343286016,
              12.688014456768288
            ],
            [
              77.6970031202376,
              12.688109844956411
            ],
            [
              77.69694943095709,
              12.688154697029235
            ],
            [
              77.69686974357965,
              12.688059308841112
            ],
            [
              77.69692343286016,
              12.688014456768288
            ]
          ]
        ]
      }
    },
    {
      "type": "Feature",
      "properties": {
        "building_id": "bldg_0221",
        "building_type": "residential",
        "estimated_households": 1,
        "estimated_population": 5,
        "area_sq_m": 116.8
      },
      "geometry": {
        "type": "Polygon",
        "coordinates": [
          [
            [
              77.69966635640348,
              12.6887858775935
            ],
            [
              77.69976237964129,
              12.688756269178443
            ],
            [
              77.69979018467039,
              12.688846443843904
            ],
            [
              77.69969416143259,
              12.68887605225896
            ],
            [
              77.69966635640348,
              12.6887858775935
            ]
          ]
        ]
      }
    },
    {
      "type": "Feature",
      "properties": {
        "building_id": "bldg_0222",
        "building_type": "residential",
        "estimated_households": 1,
        "estimated_population": 5,
        "area_sq_m": 158.4
      },
      "geometry": {
        "type": "Polygon",
        "coordinates": [
          [
            [
              77.69938899182657,
              12.686601238661282
            ],
            [
              77.699473620936,
              12.686694469191572
            ],
            [
              77.69939803292252,
              12.686763083477537
            ],
            [
              77.69931340381308,
              12.686669852947247
            ],
            [
              77.69938899182657,
              12.686601238661282
            ]
          ]
        ]
      }
    },
    {
      "type": "Feature",
      "properties": {
        "building_id": "bldg_0223",
        "building_type": "residential",
        "estimated_households": 1,
        "estimated_population": 4,
        "area_sq_m": 143.2
      },
      "geometry": {
        "type": "Polygon",
        "coordinates": [
          [
            [
              77.69778131922517,
              12.687173533102774
            ],
            [
              77.6978684822343,
              12.687281871486135
            ],
            [
              77.69780337580677,
              12.687334252479468
            ],
            [
              77.69771621279764,
              12.687225914096107
            ],
            [
              77.69778131922517,
              12.687173533102774
            ]
          ]
        ]
      }
    },
    {
      "type": "Feature",
      "properties": {
        "building_id": "bldg_0224",
        "building_type": "commercial",
        "estimated_households": 0,
        "estimated_population": 0,
        "area_sq_m": 138.8
      },
      "geometry": {
        "type": "Polygon",
        "coordinates": [
          [
            [
              77.70045185083019,
              12.68745084716728
            ],
            [
              77.70045168466827,
              12.687317025374002
            ],
            [
              77.70053585564979,
              12.687316920861782
            ],
            [
              77.70053602181171,
              12.687450742655061
            ],
            [
              77.70045185083019,
              12.68745084716728
            ]
          ]
        ]
      }
    },
    {
      "type": "Feature",
      "properties": {
        "building_id": "bldg_0225",
        "building_type": "commercial",
        "estimated_households": 0,
        "estimated_population": 0,
        "area_sq_m": 168.0
      },
      "geometry": {
        "type": "Polygon",
        "coordinates": [
          [
            [
              77.70079391052818,
              12.686318922557307
            ],
            [
              77.70066706875113,
              12.68635281070774
            ],
            [
              77.70064026193694,
              12.686252474044187
            ],
            [
              77.70076710371399,
              12.686218585893753
            ],
            [
              77.70079391052818,
              12.686318922557307
            ]
          ]
        ]
      }
    },
    {
      "type": "Feature",
      "properties": {
        "building_id": "bldg_0226",
        "building_type": "residential",
        "estimated_households": 1,
        "estimated_population": 4,
        "area_sq_m": 114.2
      },
      "geometry": {
        "type": "Polygon",
        "coordinates": [
          [
            [
              77.69697551600764,
              12.686223085088583
            ],
            [
              77.69704359682059,
              12.686296128418318
            ],
            [
              77.6969756835516,
              12.686359427703549
            ],
            [
              77.69690760273865,
              12.686286384373814
            ],
            [
              77.69697551600764,
              12.686223085088583
            ]
          ]
        ]
      }
    },
    {
      "type": "Feature",
      "properties": {
        "building_id": "bldg_0227",
        "building_type": "residential",
        "estimated_households": 1,
        "estimated_population": 4,
        "area_sq_m": 104.1
      },
      "geometry": {
        "type": "Polygon",
        "coordinates": [
          [
            [
              77.7001863660732,
              12.686838022959396
            ],
            [
              77.7003115361583,
              12.686778576682606
            ],
            [
              77.70033769528887,
              12.686833657350007
            ],
            [
              77.70021252520377,
              12.686893103626797
            ],
            [
              77.7001863660732,
              12.686838022959396
            ]
          ]
        ]
      }
    },
    {
      "type": "Feature",
      "properties": {
        "building_id": "bldg_0228",
        "building_type": "residential",
        "estimated_households": 1,
        "estimated_population": 4,
        "area_sq_m": 162.2
      },
      "geometry": {
        "type": "Polygon",
        "coordinates": [
          [
            [
              77.69533438247136,
              12.687031005583899
            ],
            [
              77.6954269928422,
              12.686971748252146
            ],
            [
              77.69549152973748,
              12.687072609793303
            ],
            [
              77.69539891936664,
              12.687131867125055
            ],
            [
              77.69533438247136,
              12.687031005583899
            ]
          ]
        ]
      }
    },
    {
      "type": "Feature",
      "properties": {
        "building_id": "bldg_0229",
        "building_type": "residential",
        "estimated_households": 1,
        "estimated_population": 5,
        "area_sq_m": 121.3
      },
      "geometry": {
        "type": "Polygon",
        "coordinates": [
          [
            [
              77.69986449268761,
              12.688579569889583
            ],
            [
              77.69986425009924,
              12.688678750954976
            ],
            [
              77.69976497511833,
              12.688678508136896
            ],
            [
              77.6997652177067,
              12.688579327071503
            ],
            [
              77.69986449268761,
              12.688579569889583
            ]
          ]
        ]
      }
    },
    {
      "type": "Feature",
      "properties": {
        "building_id": "bldg_0230",
        "building_type": "commercial",
        "estimated_households": 0,
        "estimated_population": 0,
        "area_sq_m": 117.7
      },
      "geometry": {
        "type": "Polygon",
        "coordinates": [
          [
            [
              77.69728236699859,
              12.687088146254961
            ],
            [
              77.69721020574501,
              12.686981264702863
            ],
            [
              77.69727157653881,
              12.686939830111694
            ],
            [
              77.6973437377924,
              12.687046711663791
            ],
            [
              77.69728236699859,
              12.687088146254961
            ]
          ]
        ]
      }
    },
    {
      "type": "Feature",
      "properties": {
        "building_id": "bldg_0231",
        "building_type": "residential",
        "estimated_households": 1,
        "estimated_population": 3,
        "area_sq_m": 100.7
      },
      "geometry": {
        "type": "Polygon",
        "coordinates": [
          [
            [
              77.69917278536062,
              12.68688244773669
            ],
            [
              77.69908796661159,
              12.686872033406514
            ],
            [
              77.69909961973883,
              12.686777125365523
            ],
            [
              77.69918443848786,
              12.686787539695699
            ],
            [
              77.69917278536062,
              12.68688244773669
            ]
          ]
        ]
      }
    },
    {
      "type": "Feature",
      "properties": {
        "building_id": "bldg_0232",
        "building_type": "residential",
        "estimated_households": 1,
        "estimated_population": 3,
        "area_sq_m": 121.6
      },
      "geometry": {
        "type": "Polygon",
        "coordinates": [
          [
            [
              77.69960207166258,
              12.686377408707793
            ],
            [
              77.69957160707537,
              12.686294379680632
            ],
            [
              77.69967639643181,
              12.686255930904382
            ],
            [
              77.69970686101902,
              12.686338959931543
            ],
            [
              77.69960207166258,
              12.686377408707793
            ]
          ]
        ]
      }
    },
    {
      "type": "Feature",
      "properties": {
        "building_id": "bldg_0233",
        "building_type": "residential",
        "estimated_households": 1,
        "estimated_population": 3,
        "area_sq_m": 111.3
      },
      "geometry": {
        "type": "Polygon",
        "coordinates": [
          [
            [
              77.69844784047919,
              12.68693671814136
            ],
            [
              77.6983559910437,
              12.687037580786507
            ],
            [
              77.69830705058507,
              12.686993013707273
            ],
            [
              77.69839890002056,
              12.686892151062127
            ],
            [
              77.69844784047919,
              12.68693671814136
            ]
          ]
        ]
      }
    },
    {
      "type": "Feature",
      "properties": {
        "building_id": "bldg_0234",
        "building_type": "residential",
        "estimated_households": 1,
        "estimated_population": 5,
        "area_sq_m": 171.4
      },
      "geometry": {
        "type": "Polygon",
        "coordinates": [
          [
            [
              77.69639291122294,
              12.688035379542013
            ],
            [
              77.69633049628152,
              12.687908706743666
            ],
            [
              77.69641884808121,
              12.687865173542578
            ],
            [
              77.69648126302263,
              12.687991846340925
            ],
            [
              77.69639291122294,
              12.688035379542013
            ]
          ]
        ]
      }
    },
    {
      "type": "Feature",
      "properties": {
        "building_id": "bldg_0235",
        "building_type": "residential",
        "estimated_households": 1,
        "estimated_population": 5,
        "area_sq_m": 122.7
      },
      "geometry": {
        "type": "Polygon",
        "coordinates": [
          [
            [
              77.69892318915004,
              12.687406968110949
            ],
            [
              77.6990063323822,
              12.687361187679901
            ],
            [
              77.69905692761625,
              12.687453075222134
            ],
            [
              77.6989737843841,
              12.687498855653182
            ],
            [
              77.69892318915004,
              12.687406968110949
            ]
          ]
        ]
      }
    },
    {
      "type": "Feature",
      "properties": {
        "building_id": "bldg_0236",
        "building_type": "commercial",
        "estimated_households": 0,
        "estimated_population": 0,
        "area_sq_m": 120.3
      },
      "geometry": {
        "type": "Polygon",
        "coordinates": [
          [
            [
              77.69727938558368,
              12.686542935356675
            ],
            [
              77.69738149524355,
              12.686642707421976
            ],
            [
              77.69733369182568,
              12.686691630842814
            ],
            [
              77.69723158216581,
              12.686591858777513
            ],
            [
              77.69727938558368,
              12.686542935356675
            ]
          ]
        ]
      }
    },
    {
      "type": "Feature",
      "properties": {
        "building_id": "bldg_0237",
        "building_type": "residential",
        "estimated_households": 1,
        "estimated_population": 3,
        "area_sq_m": 86.0
      },
      "geometry": {
        "type": "Polygon",
        "coordinates": [
          [
            [
              77.69615467281947,
              12.688139755365457
            ],
            [
              77.69613746966628,
              12.688240309649974
            ],
            [
              77.69607005927334,
              12.688228776861271
            ],
            [
              77.69608726242653,
              12.688128222576754
            ],
            [
              77.69615467281947,
              12.688139755365457
            ]
          ]
        ]
      }
    },
    {
      "type": "Feature",
      "properties": {
        "building_id": "bldg_0238",
        "building_type": "residential",
        "estimated_households": 1,
        "estimated_population": 5,
        "area_sq_m": 162.3
      },
      "geometry": {
        "type": "Polygon",
        "coordinates": [
          [
            [
              77.7008404883865,
              12.687088803472891
            ],
            [
              77.70095199039818,
              12.68718433080418
            ],
            [
              77.70089363493408,
              12.68725244483556
            ],
            [
              77.7007821329224,
              12.68715691750427
            ],
            [
              77.7008404883865,
              12.687088803472891
            ]
          ]
        ]
      }
    },
    {
      "type": "Feature",
      "properties": {
        "building_id": "bldg_0239",
        "building_type": "residential",
        "estimated_households": 1,
        "estimated_population": 4,
        "area_sq_m": 121.7
      },
      "geometry": {
        "type": "Polygon",
        "coordinates": [
          [
            [
              77.70114748790807,
              12.68586739865322
            ],
            [
              77.70124072491544,
              12.685755860918725
            ],
            [
              77.70129283527534,
              12.68579942119034
            ],
            [
              77.70119959826798,
              12.685910958924836
            ],
            [
              77.70114748790807,
              12.68586739865322
            ]
          ]
        ]
      }
    },
    {
      "type": "Feature",
      "properties": {
        "building_id": "bldg_0240",
        "building_type": "residential",
        "estimated_households": 1,
        "estimated_population": 5,
        "area_sq_m": 192.7
      },
      "geometry": {
        "type": "Polygon",
        "coordinates": [
          [
            [
              77.69675133987316,
              12.687958497524749
            ],
            [
              77.69676836333592,
              12.687826197443812
            ],
            [
              77.69688467162298,
              12.687841163192738
            ],
            [
              77.69686764816022,
              12.687973463273675
            ],
            [
              77.69675133987316,
              12.687958497524749
            ]
          ]
        ]
      }
    },
    {
      "type": "Feature",
      "properties": {
        "building_id": "bldg_0241",
        "building_type": "residential",
        "estimated_households": 1,
        "estimated_population": 4,
        "area_sq_m": 64.9
      },
      "geometry": {
        "type": "Polygon",
        "coordinates": [
          [
            [
              77.69929407277867,
              12.686755927356604
            ],
            [
              77.6993143033642,
              12.68667564936124
            ],
            [
              77.69937600247802,
              12.686691197945795
            ],
            [
              77.69935577189248,
              12.686771475941159
            ],
            [
              77.69929407277867,
              12.686755927356604
            ]
          ]
        ]
      }
    },
    {
      "type": "Feature",
      "properties": {
        "building_id": "bldg_0242",
        "building_type": "residential",
        "estimated_households": 1,
        "estimated_population": 3,
        "area_sq_m": 97.4
      },
      "geometry": {
        "type": "Polygon",
        "coordinates": [
          [
            [
              77.69633963825648,
              12.687453181260118
            ],
            [
              77.69627567581608,
              12.687396038544058
            ],
            [
              77.69633709837042,
              12.687327285486077
            ],
            [
              77.69640106081081,
              12.687384428202137
            ],
            [
              77.69633963825648,
              12.687453181260118
            ]
          ]
        ]
      }
    },
    {
      "type": "Feature",
      "properties": {
        "building_id": "bldg_0243",
        "building_type": "residential",
        "estimated_households": 1,
        "estimated_population": 5,
        "area_sq_m": 125.9
      },
      "geometry": {
        "type": "Polygon",
        "coordinates": [
          [
            [
              77.6976619790204,
              12.68796513458596
            ],
            [
              77.697570207452,
              12.68794377789255
            ],
            [
              77.6975947962553,
              12.687838117666944
            ],
            [
              77.6976865678237,
              12.687859474360355
            ],
            [
              77.6976619790204,
              12.68796513458596
            ]
          ]
        ]
      }
    },
    {
      "type": "Feature",
      "properties": {
        "building_id": "bldg_0244",
        "building_type": "commercial",
        "estimated_households": 0,
        "estimated_population": 0,
        "area_sq_m": 132.9
      },
      "geometry": {
        "type": "Polygon",
        "coordinates": [
          [
            [
              77.6997064551485,
              12.68703121519788
            ],
            [
              77.6996657861964,
              12.687135287175394
            ],
            [
              77.69957587730774,
              12.687100152834972
            ],
            [
              77.69961654625983,
              12.686996080857458
            ],
            [
              77.6997064551485,
              12.68703121519788
            ]
          ]
        ]
      }
    },
    {
      "type": "Feature",
      "properties": {
        "building_id": "bldg_0245",
        "building_type": "residential",
        "estimated_households": 1,
        "estimated_population": 5,
        "area_sq_m": 89.4
      },
      "geometry": {
        "type": "Polygon",
        "coordinates": [
          [
            [
              77.69918232415947,
              12.686307334892359
            ],
            [
              77.69913619758675,
              12.6863736681219
            ],
            [
              77.69906248327402,
              12.686322408916968
            ],
            [
              77.69910860984673,
              12.686256075687426
            ],
            [
              77.69918232415947,
              12.686307334892359
            ]
          ]
        ]
      }
    },
    {
      "type": "Feature",
      "properties": {
        "building_id": "bldg_0246",
        "building_type": "residential",
        "estimated_households": 1,
        "estimated_population": 3,
        "area_sq_m": 183.5
      },
      "geometry": {
        "type": "Polygon",
        "coordinates": [
          [
            [
              77.69815023181381,
              12.687746994951357
            ],
            [
              77.69813605439988,
              12.687615271365376
            ],
            [
              77.69824781652845,
              12.687603242403764
            ],
            [
              77.69826199394238,
              12.687734965989746
            ],
            [
              77.69815023181381,
              12.687746994951357
            ]
          ]
        ]
      }
    },
    {
      "type": "Feature",
      "properties": {
        "building_id": "bldg_0247",
        "building_type": "residential",
        "estimated_households": 1,
        "estimated_population": 3,
        "area_sq_m": 108.9
      },
      "geometry": {
        "type": "Polygon",
        "coordinates": [
          [
            [
              77.69741753275467,
              12.68757370061088
            ],
            [
              77.69753277194604,
              12.687555486062074
            ],
            [
              77.69754460228727,
              12.687630333864849
            ],
            [
              77.69742936309589,
              12.687648548413655
            ],
            [
              77.69741753275467,
              12.68757370061088
            ]
          ]
        ]
      }
    },
    {
      "type": "Feature",
      "properties": {
        "building_id": "bldg_0248",
        "building_type": "residential",
        "estimated_households": 1,
        "estimated_population": 5,
        "area_sq_m": 78.4
      },
      "geometry": {
        "type": "Polygon",
        "coordinates": [
          [
            [
              77.70073034319753,
              12.687192120666671
            ],
            [
              77.70074373384148,
              12.687101422131352
            ],
            [
              77.70081242780532,
              12.687111564041663
            ],
            [
              77.70079903716137,
              12.687202262576982
            ],
            [
              77.70073034319753,
              12.687192120666671
            ]
          ]
        ]
      }
    },
    {
      "type": "Feature",
      "properties": {
        "building_id": "bldg_0249",
        "building_type": "residential",
        "estimated_households": 1,
        "estimated_population": 3,
        "area_sq_m": 129.2
      },
      "geometry": {
        "type": "Polygon",
        "coordinates": [
          [
            [
              77.69774857462822,
              12.686238407268947
            ],
            [
              77.69761037337756,
              12.68626318582488
            ],
            [
              77.69759719513367,
              12.686189684778538
            ],
            [
              77.69773539638433,
              12.686164906222606
            ],
            [
              77.69774857462822,
              12.686238407268947
            ]
          ]
        ]
      }
    },
    {
      "type": "Feature",
      "properties": {
        "building_id": "bldg_0250",
        "building_type": "residential",
        "estimated_households": 1,
        "estimated_population": 4,
        "area_sq_m": 109.9
      },
      "geometry": {
        "type": "Polygon",
        "coordinates": [
          [
            [
              77.69949080196385,
              12.68891682347455
            ],
            [
              77.69947231563704,
              12.688836446515145
            ],
            [
              77.69957774987712,
              12.688812197130318
            ],
            [
              77.69959623620393,
              12.688892574089722
            ],
            [
              77.69949080196385,
              12.68891682347455
            ]
          ]
        ]
      }
    },
    {
      "type": "Feature",
      "properties": {
        "building_id": "bldg_0251",
        "building_type": "residential",
        "estimated_households": 1,
        "estimated_population": 4,
        "area_sq_m": 140.6
      },
      "geometry": {
        "type": "Polygon",
        "coordinates": [
          [
            [
              77.6983924389289,
              12.687399976666033
            ],
            [
              77.69845866648998,
              12.687271986219999
            ],
            [
              77.6985290041274,
              12.6873083818286
            ],
            [
              77.69846277656632,
              12.687436372274634
            ],
            [
              77.6983924389289,
              12.687399976666033
            ]
          ]
        ]
      }
    },
    {
      "type": "Feature",
      "properties": {
        "building_id": "bldg_0252",
        "building_type": "residential",
        "estimated_households": 1,
        "estimated_population": 4,
        "area_sq_m": 75.7
      },
      "geometry": {
        "type": "Polygon",
        "coordinates": [
          [
            [
              77.69991723122314,
              12.687777093463774
            ],
            [
              77.69983395487141,
              12.687768812663533
            ],
            [
              77.69984121689183,
              12.687695781730666
            ],
            [
              77.69992449324356,
              12.687704062530907
            ],
            [
              77.69991723122314,
              12.687777093463774
            ]
          ]
        ]
      }
    },
    {
      "type": "Feature",
      "properties": {
        "building_id": "bldg_0253",
        "building_type": "residential",
        "estimated_households": 1,
        "estimated_population": 4,
        "area_sq_m": 136.1
      },
      "geometry": {
        "type": "Polygon",
        "coordinates": [
          [
            [
              77.69986350145768,
              12.68692737590766
            ],
            [
              77.6998169304047,
              12.687015599997927
            ],
            [
              77.69971904097704,
              12.686963926881115
            ],
            [
              77.69976561203003,
              12.686875702790847
            ],
            [
              77.69986350145768,
              12.68692737590766
            ]
          ]
        ]
      }
    },
    {
      "type": "Feature",
      "properties": {
        "building_id": "bldg_0254",
        "building_type": "residential",
        "estimated_households": 1,
        "estimated_population": 4,
        "area_sq_m": 115.2
      },
      "geometry": {
        "type": "Polygon",
        "coordinates": [
          [
            [
              77.69929804303436,
              12.686367673943098
            ],
            [
              77.69921236472793,
              12.686284418518627
            ],
            [
              77.69926688589416,
              12.68622831068881
            ],
            [
              77.6993525642006,
              12.68631156611328
            ],
            [
              77.69929804303436,
              12.686367673943098
            ]
          ]
        ]
      }
    },
    {
      "type": "Feature",
      "properties": {
        "building_id": "bldg_0255",
        "building_type": "commercial",
        "estimated_households": 0,
        "estimated_population": 0,
        "area_sq_m": 99.1
      },
      "geometry": {
        "type": "Polygon",
        "coordinates": [
          [
            [
              77.69835919440831,
              12.686739946799669
            ],
            [
              77.69829729274069,
              12.686829302398632
            ],
            [
              77.69823647984842,
              12.686787173875196
            ],
            [
              77.69829838151604,
              12.686697818276233
            ],
            [
              77.69835919440831,
              12.686739946799669
            ]
          ]
        ]
      }
    },
    {
      "type": "Feature",
      "properties": {
        "building_id": "bldg_0256",
        "building_type": "residential",
        "estimated_households": 1,
        "estimated_population": 3,
        "area_sq_m": 178.0
      },
      "geometry": {
        "type": "Polygon",
        "coordinates": [
          [
            [
              77.70040133203817,
              12.68618402964281
            ],
            [
              77.70051206559825,
              12.686268758153107
            ],
            [
              77.70044909037743,
              12.68635106185905
            ],
            [
              77.70033835681735,
              12.686266333348753
            ],
            [
              77.70040133203817,
              12.68618402964281
            ]
          ]
        ]
      }
    },
    {
      "type": "Feature",
      "properties": {
        "building_id": "bldg_0257",
        "building_type": "residential",
        "estimated_households": 1,
        "estimated_population": 3,
        "area_sq_m": 125.1
      },
      "geometry": {
        "type": "Polygon",
        "coordinates": [
          [
            [
              77.69578724134664,
              12.687582954481222
            ],
            [
              77.69575965378814,
              12.687728441113768
            ],
            [
              77.69569231139374,
              12.687715671471551
            ],
            [
              77.69571989895223,
              12.687570184839005
            ],
            [
              77.69578724134664,
              12.687582954481222
            ]
          ]
        ]
      }
    },
    {
      "type": "Feature",
      "properties": {
        "building_id": "bldg_0258",
        "building_type": "residential",
        "estimated_households": 1,
        "estimated_population": 5,
        "area_sq_m": 72.6
      },
      "geometry": {
        "type": "Polygon",
        "coordinates": [
          [
            [
              77.69893599583239,
              12.686159221198563
            ],
            [
              77.69897288851558,
              12.686080772784242
            ],
            [
              77.69903443330534,
              12.686109716038873
            ],
            [
              77.69899754062214,
              12.686188164453194
            ],
            [
              77.69893599583239,
              12.686159221198563
            ]
          ]
        ]
      }
    },
    {
      "type": "Feature",
      "properties": {
        "building_id": "bldg_0259",
        "building_type": "commercial",
        "estimated_households": 0,
        "estimated_population": 0,
        "area_sq_m": 95.5
      },
      "geometry": {
        "type": "Polygon",
        "coordinates": [
          [
            [
              77.6992936118951,
              12.686038697379908
            ],
            [
              77.6993244580552,
              12.685945394739818
            ],
            [
              77.69939937080302,
              12.68597016114096
            ],
            [
              77.69936852464292,
              12.68606346378105
            ],
            [
              77.6992936118951,
              12.686038697379908
            ]
          ]
        ]
      }
    }
  ]
}