{
  "type": "FeatureCollection",
  "features": [
    {
      "type": "Feature",
      "properties": {
        "parcel_id": "parc_0001",
        "parcel_type": "public",
        "owner_type": "private",
        "area_sq_m": 594.0,
        "restricted": false
      },
      "geometry": {
        "type": "Polygon",
        "coordinates": [
          [
            [
              77.68700346947107,
              12.698282754727385
            ],
            [
              77.6869329749533,
              12.698444580616648
            ],
            [
              77.68675267249496,
              12.698402057796855
            ],
            [
              77.68675866013012,
              12.698238187693908
            ],
            [
              77.68690286337328,
              12.69816696258207
            ],
            [
              77.68700346947107,
              12.698282754727385
            ]
          ]
        ]
      }
    },
    {
      "type": "Feature",
      "properties": {
        "parcel_id": "parc_0002",
        "parcel_type": "residential",
        "owner_type": "private",
        "area_sq_m": 645.2,
        "restricted": false
      },
      "geometry": {
        "type": "Polygon",
        "coordinates": [
          [
            [
              77.68691261997883,
              12.70058448608051
            ],
            [
              77.68682657974107,
              12.700715825507377
            ],
            [
              77.68666182925266,
              12.700710782567771
            ],
            [
              77.68666065995768,
              12.700490424036605
            ],
            [
              77.68679853551491,
              12.70043373106005
            ],
            [
              77.68691261997883,
              12.70058448608051
            ]
          ]
        ]
      }
    },
    {
      "type": "Feature",
      "properties": {
        "parcel_id": "parc_0003",
        "parcel_type": "residential",
        "owner_type": "private",
        "area_sq_m": 309.0,
        "restricted": false
      },
      "geometry": {
        "type": "Polygon",
        "coordinates": [
          [
            [
              77.68759161922844,
              12.698949187122404
            ],
            [
              77.68750327241901,
              12.699054339106222
            ],
            [
              77.68739585680731,
              12.69899394606709
            ],
            [
              77.6873871748809,
              12.698894352643793
            ],
            [
              77.68751943013211,
              12.69886306322789
            ],
            [
              77.68759161922844,
              12.698949187122404
            ]
          ]
        ]
      }
    },
    {
      "type": "Feature",
      "properties": {
        "parcel_id": "parc_0004",
        "parcel_type": "residential",
        "owner_type": "private",
        "area_sq_m": 311.8,
        "restricted": false
      },
      "geometry": {
        "type": "Polygon",
        "coordinates": [
          [
            [
              77.68577843940106,
              12.696764729296904
            ],
            [
              77.68567063050321,
              12.69687874332935
            ],
            [
              77.68557046201587,
              12.696836795400843
            ],
            [
              77.68557163618961,
              12.696717019422577
            ],
            [
              77.68569249474915,
              12.69669732214698
            ],
            [
              77.68577843940106,
              12.696764729296904
            ]
          ]
        ]
      }
    },
    {
      "type": "Feature",
      "properties": {
        "parcel_id": "parc_0005",
        "parcel_type": "agricultural",
        "owner_type": "private",
        "area_sq_m": 334.3,
        "restricted": false
      },
      "geometry": {
        "type": "Polygon",
        "coordinates": [
          [
            [
              77.68769113445931,
              12.698919987708777
            ],
            [
              77.68762536238782,
              12.699023941995874
            ],
            [
              77.68748620149601,
              12.698957898924112
            ],
            [
              77.68750540305817,
              12.698847794001965
            ],
            [
              77.68761761045668,
              12.698818106431947
            ],
            [
              77.68769113445931,
              12.698919987708777
            ]
          ]
        ]
      }
    },
    {
      "type": "Feature",
      "properties": {
        "parcel_id": "parc_0006",
        "parcel_type": "agricultural",
        "owner_type": "private",
        "area_sq_m": 373.8,
        "restricted": false
      },
      "geometry": {
        "type": "Polygon",
        "coordinates": [
          [
            [
              77.68711946205364,
              12.698001612459446
            ],
            [
              77.68702362498024,
              12.69811208495681
            ],
            [
              77.68692581605659,
              12.698066861929396
            ],
            [
              77.68690989048932,
              12.697927072243411
            ],
            [
              77.68705073731543,
              12.697894010414906
            ],
            [
              77.68711946205364,
              12.698001612459446
            ]
          ]
        ]
      }
    },
    {
      "type": "Feature",
      "properties": {
        "parcel_id": "parc_0007",
        "parcel_type": "residential",
        "owner_type": "private",
        "area_sq_m": 399.7,
        "restricted": false
      },
      "geometry": {
        "type": "Polygon",
        "coordinates": [
          [
            [
              77.6862707403316,
              12.695782897608442
            ],
            [
              77.68618989076418,
              12.695911087918029
            ],
            [
              77.68606435904582,
              12.69586699131871
            ],
            [
              77.68607143009709,
              12.695704862825314
            ],
            [
              77.68621604872203,
              12.695699488324937
            ],
            [
              77.6862707403316,
              12.695782897608442
            ]
          ]
        ]
      }
    },
    {
      "type": "Feature",
      "properties": {
        "parcel_id": "parc_0008",
        "parcel_type": "commercial",
        "owner_type": "private",
        "area_sq_m": 509.8,
        "restricted": false
      },
      "geometry": {
        "type": "Polygon",
        "coordinates": [
          [
            [
              77.68860534505112,
              12.698965663335295
            ],
            [
              77.68855346595619,
              12.699090682155507
            ],
            [
              77.68839038703534,
              12.699079083778535
            ],
            [
              77.68836557647919,
              12.698899786704926
            ],
            [
              77.68852521407113,
              12.698858507267566
            ],
            [
              77.68860534505112,
              12.698965663335295
            ]
          ]
        ]
      }
    },
    {
      "type": "Feature",
      "properties": {
        "parcel_id": "parc_0009",
        "parcel_type": "residential",
        "owner_type": "private",
        "area_sq_m": 638.1,
        "restricted": false
      },
      "geometry": {
        "type": "Polygon",
        "coordinates": [
          [
            [
              77.68676691508674,
              12.697501666594343
            ],
            [
              77.68667729779477,
              12.697680626666363
            ],
            [
              77.68650140644577,
              12.69758127813223
            ],
            [
              77.68652150886984,
              12.697429699890275
            ],
            [
              77.68668368930413,
              12.697377212261674
            ],
            [
              77.68676691508674,
              12.697501666594343
            ]
          ]
        ]
      }
    },
    {
      "type": "Feature",
      "properties": {
        "parcel_id": "parc_0010",
        "parcel_type": "residential",
        "owner_type": "private",
        "area_sq_m": 541.8,
        "restricted": false
      },
      "geometry": {
        "type": "Polygon",
        "coordinates": [
          [
            [
              77.68718525518989,
              12.701278808058458
            ],
            [
              77.68706199651284,
              12.701365723488484
            ],
            [
              77.68691598500872,
              12.701341353562848
            ],
            [
              77.68694093524819,
              12.701180893115959
            ],
            [
              77.68707560660847,
              12.701109561440674
            ],
            [
              77.68718525518989,
              12.701278808058458
            ]
          ]
        ]
      }
    },
    {
      "type": "Feature",
      "properties": {
        "parcel_id": "parc_0011",
        "parcel_type": "commercial",
        "owner_type": "private",
        "area_sq_m": 458.0,
        "restricted": false
      },
      "geometry": {
        "type": "Polygon",
        "coordinates": [
          [
            [
              77.68619258521063,
              12.699258201163088
            ],
            [
              77.68613494490121,
              12.69939090505421
            ],
            [
              77.68598457765182,
              12.699383402265608
            ],
            [
              77.68599020162192,
              12.699224643318649
            ],
            [
              77.68613961035501,
              12.699142494109822
            ],
            [
              77.68619258521063,
              12.699258201163088
            ]
          ]
        ]
      }
    },
    {
      "type": "Feature",
      "properties": {
        "parcel_id": "parc_0012",
        "parcel_type": "residential",
        "owner_type": "private",
        "area_sq_m": 293.3,
        "restricted": false
      },
      "geometry": {
        "type": "Polygon",
        "coordinates": [
          [
            [
              77.68809412829744,
              12.698390915018217
            ],
            [
              77.68805156819853,
              12.698480150043808
            ],
            [
              77.68793335322243,
              12.698439532245738
            ],
            [
              77.68791573457719,
              12.698308842266979
            ],
            [
              77.68803672319612,
              12.698289061581846
            ],
            [
              77.68809412829744,
              12.698390915018217
            ]
          ]
        ]
      }
    },
    {
      "type": "Feature",
      "properties": {
        "parcel_id": "parc_0013",
        "parcel_type": "residential",
        "owner_type": "private",
        "area_sq_m": 568.8,
        "restricted": false
      },
      "geometry": {
        "type": "Polygon",
        "coordinates": [
          [
            [
              77.68745876156535,
              12.698339543006512
            ],
            [
              77.68735432723403,
              12.69846341766363
            ],
            [
              77.68719489016102,
              12.698415818926438
            ],
            [
              77.68721345726675,
              12.698242312933647
            ],
            [
              77.68735158866536,
              12.698202301294565
            ],
            [
              77.68745876156535,
              12.698339543006512
            ]
          ]
        ]
      }
    },
    {
      "type": "Feature",
      "properties": {
        "parcel_id": "parc_0014",
        "parcel_type": "commercial",
        "owner_type": "private",
        "area_sq_m": 605.5,
        "restricted": false
      },
      "geometry": {
        "type": "Polygon",
        "coordinates": [
          [
            [
              77.68913953207905,
              12.698625144158044
            ],
            [
              77.68901571355596,
              12.69880405118527
            ],
            [
              77.68886840068554,
              12.698747126713553
            ],
            [
              77.68891942917976,
              12.698567453680242
            ],
            [
              77.68904904087695,
              12.698499670428737
            ],
            [
              77.68913953207905,
              12.698625144158044
            ]
          ]
        ]
      }
    },
    {
      "type": "Feature",
      "properties": {
        "parcel_id": "parc_0015",
        "parcel_type": "residential",
        "owner_type": "private",
        "area_sq_m": 389.8,
        "restricted": true
      },
      "geometry": {
        "type": "Polygon",
        "coordinates": [
          [
            [
              77.68681652486109,
              12.700133975063679
            ],
            [
              77.68673297184449,
              12.700227051252636
            ],
            [
              77.68660749786818,
              12.700161799612552
            ],
            [
              77.68663235045011,
              12.700039326516963
            ],
            [
              77.68676080947947,
              12.699990042367196
            ],
            [
              77.68681652486109,
              12.700133975063679
            ]
          ]
        ]
      }
    },
    {
      "type": "Feature",
      "properties": {
        "parcel_id": "parc_0016",
        "parcel_type": "residential",
        "owner_type": "private",
        "area_sq_m": 353.3,
        "restricted": false
      },
      "geometry": {
        "type": "Polygon",
        "coordinates": [
          [
            [
              77.68607082757669,
              12.69738554899336
            ],
            [
              77.68599106970119,
              12.697495374477878
            ],
            [
              77.68589289157167,
              12.697455505288527
            ],
            [
              77.68588803879364,
              12.69732377464028
            ],
            [
              77.6860024281459,
              12.697255125962064
            ],
            [
              77.68607082757669,
              12.69738554899336
            ]
          ]
        ]
      }
    },
    {
      "type": "Feature",
      "properties": {
        "parcel_id": "parc_0017",
        "parcel_type": "residential",
        "owner_type": "private",
        "area_sq_m": 505.5,
        "restricted": false
      },
      "geometry": {
        "type": "Polygon",
        "coordinates": [
          [
            [
              77.68739845188759,
              12.699734138967642
            ],
            [
              77.6872799214541,
              12.69984045711719
            ],
            [
              77.68712728302052,
              12.699812895928465
            ],
            [
              77.68715024677917,
              12.699668477255594
            ],
            [
              77.68727939178943,
              12.699601087987753
            ],
            [
              77.68739845188759,
              12.699734138967642
            ]
          ]
        ]
      }
    },
    {
      "type": "Feature",
      "properties": {
        "parcel_id": "parc_0018",
        "parcel_type": "residential",
        "owner_type": "private",
        "area_sq_m": 371.2,
        "restricted": false
      },
      "geometry": {
        "type": "Polygon",
        "coordinates": [
          [
            [
              77.68753132153023,
              12.698600789069259
            ],
            [
              77.68741840488826,
              12.698722577970326
            ],
            [
              77.6872925773576,
              12.698674902087316
            ],
            [
              77.68732633555764,
              12.6985537964402
            ],
            [
              77.68744735091097,
              12.698517471544191
            ],
            [
              77.68753132153023,
              12.698600789069259
            ]
          ]
        ]
      }
    },
    {
      "type": "Feature",
      "properties": {
        "parcel_id": "parc_0019",
        "parcel_type": "residential",
        "owner_type": "private",
        "area_sq_m": 401.8,
        "restricted": false
      },
      "geometry": {
        "type": "Polygon",
        "coordinates": [
          [
            [
              77.68656325275568,
              12.697752564869052
            ],
            [
              77.68649227501797,
              12.69786197974111
            ],
            [
              77.68635143443062,
              12.697802667931422
            ],
            [
              77.68636950025554,
              12.697680530003186
            ],
            [
              77.68648480145181,
              12.697616856221147
            ],
            [
              77.68656325275568,
              12.697752564869052
            ]
          ]
        ]
      }
    },
    {
      "type": "Feature",
      "properties": {
        "parcel_id": "parc_0020",
        "parcel_type": "residential",
        "owner_type": "private",
        "area_sq_m": 291.1,
        "restricted": false
      },
      "geometry": {
        "type": "Polygon",
        "coordinates": [
          [
            [
              77.68729605238822,
              12.696410337516676
            ],
            [
              77.68721036735893,
              12.696524875771185
            ],
            [
              77.68712213450662,
              12.696491719081227
            ],
            [
              77.68709191557778,
              12.696353566463193
            ],
            [
              77.68720976224331,
              12.696348015712843
            ],
            [
              77.68729605238822,
              12.696410337516676
            ]
          ]
        ]
      }
    },
    {
      "type": "Feature",
      "properties": {
        "parcel_id": "parc_0021",
        "parcel_type": "residential",
        "owner_type": "private",
        "area_sq_m": 527.7,
        "restricted": false
      },
      "geometry": {
        "type": "Polygon",
        "coordinates": [
          [
            [
              77.68639391522868,
              12.700268052967552
            ],
            [
              77.68632576105102,
              12.700429026066388
            ],
            [
              77.68615915360411,
              12.700372002479387
            ],
            [
              77.68614736981273,
              12.700223365132635
            ],
            [
              77.68628485852541,
              12.700171883416397
            ],
            [
              77.68639391522868,
              12.700268052967552
            ]
          ]
        ]
      }
    },
    {
      "type": "Feature",
      "properties": {
        "parcel_id": "parc_0022",
        "parcel_type": "residential",
        "owner_type": "private",
        "area_sq_m": 576.5,
        "restricted": false
      },
      "geometry": {
        "type": "Polygon",
        "coordinates": [
          [
            [
              77.68708041364357,
              12.700703505552298
            ],
            [
              77.68700355586316,
              12.700875651741844
            ],
            [
              77.68684406963256,
              12.700800201453537
            ],
            [
              77.68684858195353,
              12.700620041446529
            ],
            [
              77.68699467848259,
              12.700594192364106
            ],
            [
              77.68708041364357,
              12.700703505552298
            ]
          ]
        ]
      }
    },
    {
      "type": "Feature",
      "properties": {
        "parcel_id": "parc_0023",
        "parcel_type": "residential",
        "owner_type": "private",
        "area_sq_m": 522.6,
        "restricted": false
      },
      "geometry": {
        "type": "Polygon",
        "coordinates": [
          [
            [
              77.68653361563346,
              12.697557120484172
            ],
            [
              77.68641995063984,
              12.697701916093825
            ],
            [
              77.68626811781647,
              12.697643799697484
            ],
            [
              77.68629257982413,
              12.69749768443728
            ],
            [
              77.68641395012263,
              12.697446461527376
            ],
            [
              77.68653361563346,
              12.697557120484172
            ]
          ]
        ]
      }
    },
    {
      "type": "Feature",
      "properties": {
        "parcel_id": "parc_0024",
        "parcel_type": "residential",
        "owner_type": "private",
        "area_sq_m": 574.0,
        "restricted": false
      },
      "geometry": {
        "type": "Polygon",
        "coordinates": [
          [
            [
              77.68702979505542,
              12.698196654859643
            ],
            [
              77.68691141419261,
              12.698352761561923
            ],
            [
              77.68676102322837,
              12.698278370652902
            ],
            [
              77.68680344002003,
              12.698129380646668
            ],
            [
              77.68697056138906,
              12.698071628327133
            ],
            [
              77.68702979505542,
              12.698196654859643
            ]
          ]
        ]
      }
    },
    {
      "type": "Feature",
      "properties": {
        "parcel_id": "parc_0025",
        "parcel_type": "agricultural",
        "owner_type": "private",
        "area_sq_m": 410.6,
        "restricted": false
      },
      "geometry": {
        "type": "Polygon",
        "coordinates": [
          [
            [
              77.68751864148581,
              12.69759706809086
            ],
            [
              77.68745452974878,
              12.697734952707963
            ],
            [
              77.6873002325696,
              12.697666454988742
            ],
            [
              77.68731653123453,
              12.697535617703226
            ],
            [
              77.68743822640955,
              12.697505661913574
            ],
            [
              77.68751864148581,
              12.69759706809086
            ]
          ]
        ]
      }
    },
    {
      "type": "Feature",
      "properties": {
        "parcel_id": "parc_0026",
        "parcel_type": "residential",
        "owner_type": "private",
        "area_sq_m": 592.0,
        "restricted": false
      },
      "geometry": {
        "type": "Polygon",
        "coordinates": [
          [
            [
              77.68628525769816,
              12.699758641547753
            ],
            [
              77.68619808227061,
              12.699852757917217
            ],
            [
              77.68602413282125,
              12.699812556886945
            ],
            [
              77.68602054990617,
              12.699654894709662
            ],
            [
              77.68618331878396,
              12.699587003253892
            ],
            [
              77.68628525769816,
              12.699758641547753
            ]
          ]
        ]
      }
    },
    {
      "type": "Feature",
      "properties": {
        "parcel_id": "parc_0027",
        "parcel_type": "residential",
        "owner_type": "private",
        "area_sq_m": 341.3,
        "restricted": false
      },
      "geometry": {
        "type": "Polygon",
        "coordinates": [
          [
            [
              77.6862101113011,
              12.699289395237876
            ],
            [
              77.6861539759753,
              12.699393186763887
            ],
            [
              77.6860210807288,
              12.699345869308836
            ],
            [
              77.68600111897352,
              12.699201176543381
            ],
            [
              77.68613418319657,
              12.699207264930278
            ],
            [
              77.6862101113011,
              12.699289395237876
            ]
          ]
        ]
      }
    },
    {
      "type": "Feature",
      "properties": {
        "parcel_id": "parc_0028",
        "parcel_type": "residential",
        "owner_type": "private",
        "area_sq_m": 387.0,
        "restricted": false
      },
      "geometry": {
        "type": "Polygon",
        "coordinates": [
          [
            [
              77.68698248443137,
              12.699422156081711
            ],
            [
              77.68689588492445,
              12.699518848295483
            ],
            [
              77.68676802620946,
              12.699465664981165
            ],
            [
              77.68679616961407,
              12.699336159776989
            ],
            [
              77.68691479019202,
              12.69928729102369
            ],
            [
              77.68698248443137,
              12.699422156081711
            ]
          ]
        ]
      }
    },
    {
      "type": "Feature",
      "properties": {
        "parcel_id": "parc_0029",
        "parcel_type": "public",
        "owner_type": "private",
        "area_sq_m": 637.8,
        "restricted": true
      },
      "geometry": {
        "type": "Polygon",
        "coordinates": [
          [
            [
              77.68675669686003,
              12.700130133282565
            ],
            [
              77.68662809471017,
              12.700272240803256
            ],
            [
              77.68650248025685,
              12.700186204752777
            ],
            [
              77.68648106858193,
              12.700040798560167
            ],
            [
              77.68662855973926,
              12.699956374726154
            ],
            [
              77.68675669686003,
              12.700130133282565
            ]
          ]
        ]
      }
    },
    {
      "type": "Feature",
      "properties": {
        "parcel_id": "parc_0030",
        "parcel_type": "residential",
        "owner_type": "government",
        "area_sq_m": 398.3,
        "restricted": true
      },
      "geometry": {
        "type": "Polygon",
        "coordinates": [
          [
            [
              77.68746515541137,
              12.698185818699118
            ],
            [
              77.68738521279629,
              12.698267910345999
            ],
            [
              77.68723561598358,
              12.698222074155339
            ],
            [
              77.68723550148509,
              12.698105857803565
            ],
            [
              77.68737778111122,
              12.698059452437944
            ],
            [
              77.68746515541137,
              12.698185818699118
            ]
          ]
        ]
      }
    },
    {
      "type": "Feature",
      "properties": {
        "parcel_id": "parc_0031",
        "parcel_type": "residential",
        "owner_type": "private",
        "area_sq_m": 371.0,
        "restricted": false
      },
      "geometry": {
        "type": "Polygon",
        "coordinates": [
          [
            [
              77.68606353832104,
              12.696107759310777
            ],
            [
              77.6859805648634,
              12.69622493251679
            ],
            [
              77.68588100899889,
              12.696169092980067
            ],
            [
              77.68586812023896,
              12.696011574842373
            ],
            [
              77.68600147831843,
              12.696003577740056
            ],
            [
              77.68606353832104,
              12.696107759310777
            ]
          ]
        ]
      }
    },
    {
      "type": "Feature",
      "properties": {
        "parcel_id": "parc_0032",
        "parcel_type": "residential",
        "owner_type": "government",
        "area_sq_m": 488.9,
        "restricted": false
      },
      "geometry": {
        "type": "Polygon",
        "coordinates": [
          [
            [
              77.68700790943669,
              12.696416623268014
            ],
            [
              77.68689823477673,
              12.69652273899986
            ],
            [
              77.68677032328289,
              12.696471245760886
            ],
            [
              77.68673382756913,
              12.696328996909955
            ],
            [
              77.68690571258318,
              12.696295130423913
            ],
            [
              77.68700790943669,
              12.696416623268014
            ]
          ]
        ]
      }
    },
    {
      "type": "Feature",
      "properties": {
        "parcel_id": "parc_0033",
        "parcel_type": "residential",
        "owner_type": "government",
        "area_sq_m": 578.7,
        "restricted": false
      },
      "geometry": {
        "type": "Polygon",
        "coordinates": [
          [
            [
              77.68800055500817,
              12.69749617530176
            ],
            [
              77.68787608071324,
              12.69766282414937
            ],
            [
              77.68774631031482,
              12.697578317838566
            ],
            [
              77.68774250755563,
              12.697399209083194
            ],
            [
              77.68789178822601,
              12.697393496434652
            ],
            [
              77.68800055500817,
              12.69749617530176
            ]
          ]
        ]
      }
    },
    {
      "type": "Feature",
      "properties": {
        "parcel_id": "parc_0034",
        "parcel_type": "residential",
        "owner_type": "private",
        "area_sq_m": 482.2,
        "restricted": false
      },
      "geometry": {
        "type": "Polygon",
        "coordinates": [
          [
            [
              77.6876631182161,
              12.699067056815469
            ],
            [
              77.68757561507559,
              12.69921813843131
            ],
            [
              77.68743942131982,
              12.699127056633452
            ],
            [
              77.68746365531518,
              12.698989510482926
            ],
            [
              77.6876071074138,
              12.698942951809633
            ],
            [
              77.6876631182161,
              12.699067056815469
            ]
          ]
        ]
      }
    },
    {
      "type": "Feature",
      "properties": {
        "parcel_id": "parc_0035",
        "parcel_type": "agricultural",
        "owner_type": "private",
        "area_sq_m": 647.9,
        "restricted": false
      },
      "geometry": {
        "type": "Polygon",
        "coordinates": [
          [
            [
              77.68636847946757,
              12.696002721021955
            ],
            [
              77.68623462896278,
              12.696147459258214
            ],
            [
              77.68610022761779,
              12.696127509911442
            ],
            [
              77.6861008203865,
              12.69590367631379
            ],
            [
              77.68627675140765,
              12.695882587012045
            ],
            [
              77.68636847946757,
              12.696002721021955
            ]
          ]
        ]
      }
    },
    {
      "type": "Feature",
      "properties": {
        "parcel_id": "parc_0036",
        "parcel_type": "public",
        "owner_type": "private",
        "area_sq_m": 557.3,
        "restricted": false
      },
      "geometry": {
        "type": "Polygon",
        "coordinates": [
          [
            [
              77.68772663402254,
              12.698630515914632
            ],
            [
              77.6876163265395,
              12.698741083751864
            ],
            [
              77.68747719046127,
              12.698689431429038
            ],
            [
              77.68745779168063,
              12.698528970618854
            ],
            [
              77.68759185369593,
              12.698474661366047
            ],
            [
              77.68772663402254,
              12.698630515914632
            ]
          ]
        ]
      }
    },
    {
      "type": "Feature",
      "properties": {
        "parcel_id": "parc_0037",
        "parcel_type": "agricultural",
        "owner_type": "private",
        "area_sq_m": 541.7,
        "restricted": false
      },
      "geometry": {
        "type": "Polygon",
        "coordinates": [
          [
            [
              77.68745124789118,
              12.698805348158883
            ],
            [
              77.6873400633936,
              12.698919979869093
            ],
            [
              77.68719447290201,
              12.69890349621911
            ],
            [
              77.68719985218786,
              12.69873345001091
            ],
            [
              77.68733916900115,
              12.69866879177037
            ],
            [
              77.68745124789118,
              12.698805348158883
            ]
          ]
        ]
      }
    },
    {
      "type": "Feature",
      "properties": {
        "parcel_id": "parc_0038",
        "parcel_type": "residential",
        "owner_type": "private",
        "area_sq_m": 295.8,
        "restricted": false
      },
      "geometry": {
        "type": "Polygon",
        "coordinates": [
          [
            [
              77.68846487747209,
              12.700498237260161
            ],
            [
              77.68841050853219,
              12.700582200995532
            ],
            [
              77.68827628527805,
              12.700541890731985
            ],
            [
              77.68828824078089,
              12.700422011452199
            ],
            [
              77.6883848640288,
              12.700393130486752
            ],
            [
              77.68846487747209,
              12.700498237260161
            ]
          ]
        ]
      }
    },
    {
      "type": "Feature",
      "properties": {
        "parcel_id": "parc_0039",
        "parcel_type": "residential",
        "owner_type": "private",
        "area_sq_m": 466.9,
        "restricted": false
      },
      "geometry": {
        "type": "Polygon",
        "coordinates": [
          [
            [
              77.6885764192949,
              12.69808070701358
            ],
            [
              77.68847536378226,
              12.69818583504402
            ],
            [
              77.68833804288259,
              12.698175642878667
            ],
            [
              77.68833645317031,
              12.69800031772295
            ],
            [
              77.68848897547268,
              12.697974857320183
            ],
            [
              77.6885764192949,
              12.69808070701358
            ]
          ]
        ]
      }
    },
    {
      "type": "Feature",
      "properties": {
        "parcel_id": "parc_0040",
        "parcel_type": "residential",
        "owner_type": "private",
        "area_sq_m": 429.6,
        "restricted": false
      },
      "geometry": {
        "type": "Polygon",
        "coordinates": [
          [
            [
              77.68804770716561,
              12.697784622936506
            ],
            [
              77.68797583134733,
              12.697893372998546
            ],
            [
              77.6878119427035,
              12.697827327960278
            ],
            [
              77.68783615411915,
              12.697693770373588
            ],
            [
              77.68796014100222,
              12.697668049869058
            ],
            [
              77.68804770716561,
              12.697784622936506
            ]
          ]
        ]
      }
    },
    {
      "type": "Feature",
      "properties": {
        "parcel_id": "parc_0041",
        "parcel_type": "residential",
        "owner_type": "government",
        "area_sq_m": 324.5,
        "restricted": false
      },
      "geometry": {
        "type": "Polygon",
        "coordinates": [
          [
            [
              77.68638552091605,
              12.700862925439566
            ],
            [
              77.68629691273318,
              12.700940120405795
            ],
            [
              77.68618276414801,
              12.700914359792218
            ],
            [
              77.68617125381337,
              12.700780002976018
            ],
            [
              77.68630150600788,
              12.700766285831232
            ],
            [
              77.68638552091605,
              12.700862925439566
            ]
          ]
        ]
      }
    },
    {
      "type": "Feature",
      "properties": {
        "parcel_id": "parc_0042",
        "parcel_type": "commercial",
        "owner_type": "private",
        "area_sq_m": 294.4,
        "restricted": false
      },
      "geometry": {
        "type": "Polygon",
        "coordinates": [
          [
            [
              77.6866238882632,
              12.697918638891442
            ],
            [
              77.68655577403814,
              12.698024396605879
            ],
            [
              77.68643416128795,
              12.69797621280913
            ],
            [
              77.68643817246044,
              12.697865499335537
            ],
            [
              77.68652588956553,
              12.697832050641018
            ],
            [
              77.6866238882632,
              12.697918638891442
            ]
          ]
        ]
      }
    },
    {
      "type": "Feature",
      "properties": {
        "parcel_id": "parc_0043",
        "parcel_type": "agricultural",
        "owner_type": "private",
        "area_sq_m": 306.1,
        "restricted": false
      },
      "geometry": {
        "type": "Polygon",
        "coordinates": [
          [
            [
              77.68685057257663,
              12.699368900145842
            ],
            [
              77.68676469904432,
              12.699489333822887
            ],
            [
              77.68664889716082,
              12.699449208496702
            ],
            [
              77.68666355019839,
              12.699333925127911
            ],
            [
              77.6867812371079,
              12.699301271325343
            ],
            [
              77.68685057257663,
              12.699368900145842
            ]
          ]
        ]
      }
    },
    {
      "type": "Feature",
      "properties": {
        "parcel_id": "parc_0044",
        "parcel_type": "residential",
        "owner_type": "government",
        "area_sq_m": 547.2,
        "restricted": false
      },
      "geometry": {
        "type": "Polygon",
        "coordinates": [
          [
            [
              77.68632554950239,
              12.696702313741485
            ],
            [
              77.68628053678422,
              12.6968458388087
            ],
            [
              77.68612257328128,
              12.696767296722381
            ],
            [
              77.68610934758696,
              12.696614962467688
            ],
            [
              77.68627207963814,
              12.696538098904496
            ],
            [
              77.68632554950239,
              12.696702313741485
            ]
          ]
        ]
      }
    },
    {
      "type": "Feature",
      "properties": {
        "parcel_id": "parc_0045",
        "parcel_type": "residential",
        "owner_type": "private",
        "area_sq_m": 513.0,
        "restricted": false
      },
      "geometry": {
        "type": "Polygon",
        "coordinates": [
          [
            [
              77.68628436241985,
              12.699789763641569
            ],
            [
              77.68616821550002,
              12.699947387986589
            ],
            [
              77.68604203336885,
              12.69991676264385
            ],
            [
              77.68603508867498,
              12.699749389990442
            ],
            [
              77.68617602816833,
              12.69969848242587
            ],
            [
              77.68628436241985,
              12.699789763641569
            ]
          ]
        ]
      }
    },
    {
      "type": "Feature",
      "properties": {
        "parcel_id": "parc_0046",
        "parcel_type": "residential",
        "owner_type": "private",
        "area_sq_m": 410.7,
        "restricted": false
      },
      "geometry": {
        "type": "Polygon",
        "coordinates": [
          [
            [
              77.68829962008445,
              12.699786616307106
            ],
            [
              77.68818949002646,
              12.69991347084999
            ],
            [
              77.6880663762817,
              12.6998599261447
            ],
            [
              77.6880798247782,
              12.699721411761733
            ],
            [
              77.68820359721175,
              12.699695204305954
            ],
            [
              77.68829962008445,
              12.699786616307106
            ]
          ]
        ]
      }
    },
    {
      "type": "Feature",
      "properties": {
        "parcel_id": "parc_0047",
        "parcel_type": "residential",
        "owner_type": "private",
        "area_sq_m": 514.5,
        "restricted": true
      },
      "geometry": {
        "type": "Polygon",
        "coordinates": [
          [
            [
              77.68722346139158,
              12.69921600198307
            ],
            [
              77.68709195467035,
              12.699321686523867
            ],
            [
              77.68698787749926,
              12.699269116947422
            ],
            [
              77.6869555080634,
              12.699107997118093
            ],
            [
              77.68712577102072,
              12.69907985991252
            ],
            [
              77.68722346139158,
              12.69921600198307
            ]
          ]
        ]
      }
    },
    {
      "type": "Feature",
      "properties": {
        "parcel_id": "parc_0048",
        "parcel_type": "residential",
        "owner_type": "private",
        "area_sq_m": 337.2,
        "restricted": false
      },
      "geometry": {
        "type": "Polygon",
        "coordinates": [
          [
            [
              77.68627045839153,
              12.697248668024036
            ],
            [
              77.68620256910198,
              12.69738246595217
            ],
            [
              77.68608882716185,
              12.69730817362518
            ],
            [
              77.68607279282655,
              12.697185540711207
            ],
            [
              77.68620151180869,
              12.697169732674368
            ],
            [
              77.68627045839153,
              12.697248668024036
            ]
          ]
        ]
      }
    },
    {
      "type": "Feature",
      "properties": {
        "parcel_id": "parc_0049",
        "parcel_type": "agricultural",
        "owner_type": "government",
        "area_sq_m": 356.7,
        "restricted": false
      },
      "geometry": {
        "type": "Polygon",
        "coordinates": [
          [
            [
              77.68656232548213,
              12.699326128349302
            ],
            [
              77.68652299401705,
              12.699445704654119
            ],
            [
              77.6863896776986,
              12.699411616061418
            ],
            [
              77.68637393424021,
              12.699285162472995
            ],
            [
              77.68649322594808,
              12.699218518531776
            ],
            [
              77.68656232548213,
              12.699326128349302
            ]
          ]
        ]
      }
    },
    {
      "type": "Feature",
      "properties": {
        "parcel_id": "parc_0050",
        "parcel_type": "residential",
        "owner_type": "private",
        "area_sq_m": 385.4,
        "restricted": false
      },
      "geometry": {
        "type": "Polygon",
        "coordinates": [
          [
            [
              77.6881087666526,
              12.698324719814641
            ],
            [
              77.68800117721426,
              12.698425178812194
            ],
            [
              77.68789497687523,
              12.698377354103407
            ],
            [
              77.687869017735,
              12.698250249042074
            ],
            [
              77.6880100509728,
              12.698218094294155
            ],
            [
              77.6881087666526,
              12.698324719814641
            ]
          ]
        ]
      }
    },
    {
      "type": "Feature",
      "properties": {
        "parcel_id": "parc_0051",
        "parcel_type": "residential",
        "owner_type": "common",
        "area_sq_m": 616.0,
        "restricted": false
      },
      "geometry": {
        "type": "Polygon",
        "coordinates": [
          [
            [
              77.68655620781155,
              12.699059463394457
            ],
            [
              77.68648475686803,
              12.69922788804443
            ],
            [
              77.68630965717406,
              12.699176265925015
            ],
            [
              77.68628380291885,
              12.698986034444557
            ],
            [
              77.68645307439476,
              12.6989696533118
            ],
            [
              77.68655620781155,
              12.699059463394457
            ]
          ]
        ]
      }
    },
    {
      "type": "Feature",
      "properties": {
        "parcel_id": "parc_0052",
        "parcel_type": "agricultural",
        "owner_type": "government",
        "area_sq_m": 252.0,
        "restricted": false
      },
      "geometry": {
        "type": "Polygon",
        "coordinates": [
          [
            [
              77.6860243766802,
              12.697845527511337
            ],
            [
              77.68592027259274,
              12.697922818754472
            ],
            [
              77.68583269548434,
              12.697875111019
            ],
            [
              77.68584066071958,
              12.697790653591658
            ],
            [
              77.68592989558893,
              12.697745372385807
            ],
            [
              77.6860243766802,
              12.697845527511337
            ]
          ]
        ]
      }
    },
    {
      "type": "Feature",
      "properties": {
        "parcel_id": "parc_0053",
        "parcel_type": "agricultural",
        "owner_type": "government",
        "area_sq_m": 564.2,
        "restricted": false
      },
      "geometry": {
        "type": "Polygon",
        "coordinates": [
          [
            [
              77.68654943707052,
              12.699200652619556
            ],
            [
              77.68644861762235,
              12.699346031873231
            ],
            [
              77.68630789265144,
              12.699275534098076
            ],
            [
              77.68632371974816,
              12.699106258342182
            ],
            [
              77.68648152879793,
              12.699064562000991
            ],
            [
              77.68654943707052,
              12.699200652619556
            ]
          ]
        ]
      }
    },
    {
      "type": "Feature",
      "properties": {
        "parcel_id": "parc_0054",
        "parcel_type": "residential",
        "owner_type": "private",
        "area_sq_m": 341.0,
        "restricted": false
      },
      "geometry": {
        "type": "Polygon",
        "coordinates": [
          [
            [
              77.68817166285255,
              12.69956125584349
            ],
            [
              77.68807141417065,
              12.6996284118061
            ],
            [
              77.68795170211948,
              12.699592350112907
            ],
            [
              77.68796090203497,
              12.699483102418649
            ],
            [
              77.68806964531892,
              12.69942875356376
            ],
            [
              77.68817166285255,
              12.69956125584349
            ]
          ]
        ]
      }
    },
    {
      "type": "Feature",
      "properties": {
        "parcel_id": "parc_0055",
        "parcel_type": "residential",
        "owner_type": "common",
        "area_sq_m": 360.7,
        "restricted": false
      },
      "geometry": {
        "type": "Polygon",
        "coordinates": [
          [
            [
              77.68708941087506,
              12.69858513939693
            ],
            [
              77.68701874395558,
              12.698704822630472
            ],
            [
              77.68689535770017,
              12.698664455846904
            ],
            [
              77.68689790173723,
              12.698526672983284
            ],
            [
              77.6870057503933,
              12.698484434998877
            ],
            [
              77.68708941087506,
              12.69858513939693
            ]
          ]
        ]
      }
    },
    {
      "type": "Feature",
      "properties": {
        "parcel_id": "parc_0056",
        "parcel_type": "residential",
        "owner_type": "private",
        "area_sq_m": 317.1,
        "restricted": false
      },
      "geometry": {
        "type": "Polygon",
        "coordinates": [
          [
            [
              77.688991510086,
              12.699686171765945
            ],
            [
              77.68892727962883,
              12.699766504200806
            ],
            [
              77.68879231678068,
              12.699750910727143
            ],
            [
              77.68879412352844,
              12.699634792961875
            ],
            [
              77.68890601918375,
              12.699579769215415
            ],
            [
              77.688991510086,
              12.699686171765945
            ]
          ]
        ]
      }
    },
    {
      "type": "Feature",
      "properties": {
        "parcel_id": "parc_0057",
        "parcel_type": "commercial",
        "owner_type": "private",
        "area_sq_m": 482.1,
        "restricted": false
      },
      "geometry": {
        "type": "Polygon",
        "coordinates": [
          [
            [
              77.68729387215903,
              12.699159107948873
            ],
            [
              77.68719388070619,
              12.699284400120995
            ],
            [
              77.68704967986368,
              12.699209707814287
            ],
            [
              77.68706686337852,
              12.69907345182343
            ],
            [
              77.68720534849538,
              12.699036236151592
            ],
            [
              77.68729387215903,
              12.699159107948873
            ]
          ]
        ]
      }
    },
    {
      "type": "Feature",
      "properties": {
        "parcel_id": "parc_0058",
        "parcel_type": "residential",
        "owner_type": "private",
        "area_sq_m": 586.9,
        "restricted": false
      },
      "geometry": {
        "type": "Polygon",
        "coordinates": [
          [
            [
              77.68659956485132,
              12.70085965774447
            ],
            [
              77.68647860076733,
              12.700990089819927
            ],
            [
              77.68635880469834,
              12.700959756065394
            ],
            [
              77.68632872340389,
              12.700766288567914
            ],
            [
              77.68647475135808,
              12.700719193414681
            ],
            [
              77.68659956485132,
              12.70085965774447
            ]
          ]
        ]
      }
    },
    {
      "type": "Feature",
      "properties": {
        "parcel_id": "parc_0059",
        "parcel_type": "agricultural",
        "owner_type": "private",
        "area_sq_m": 437.0,
        "restricted": false
      },
      "geometry": {
        "type": "Polygon",
        "coordinates": [
          [
            [
              77.68658466229961,
              12.699338641459816
            ],
            [
              77.68647431466339,
              12.699439203845724
            ],
            [
              77.6863411384563,
              12.699427082698033
            ],
            [
              77.68636204785264,
              12.699255278085788
            ],
            [
              77.6864997123595,
              12.699233989730548
            ],
            [
              77.68658466229961,
              12.699338641459816
            ]
          ]
        ]
      }
    },
    {
      "type": "Feature",
      "properties": {
        "parcel_id": "parc_0060",
        "parcel_type": "agricultural",
        "owner_type": "private",
        "area_sq_m": 377.0,
        "restricted": false
      },
      "geometry": {
        "type": "Polygon",
        "coordinates": [
          [
            [
              77.68859186069811,
              12.699509133835505
            ],
            [
              77.68854333207184,
              12.699619474901919
            ],
            [
              77.6883904421924,
              12.699559333212909
            ],
            [
              77.68838318304373,
              12.699435544472681
            ],
            [
              77.6885040867733,
              12.699400978236566
            ],
            [
              77.68859186069811,
              12.699509133835505
            ]
          ]
        ]
      }
    },
    {
      "type": "Feature",
      "properties": {
        "parcel_id": "parc_0061",
        "parcel_type": "residential",
        "owner_type": "private",
        "area_sq_m": 482.6,
        "restricted": false
      },
      "geometry": {
        "type": "Polygon",
        "coordinates": [
          [
            [
              77.68611589877182,
              12.696620840719367
            ],
            [
              77.68601328727533,
              12.696742480020266
            ],
            [
              77.68587326979019,
              12.696694592972607
            ],
            [
              77.68588248670508,
              12.696551435319716
            ],
            [
              77.68602292443364,
              12.69649749568337
            ],
            [
              77.68611589877182,
              12.696620840719367
            ]
          ]
        ]
      }
    },
    {
      "type": "Feature",
      "properties": {
        "parcel_id": "parc_0062",
        "parcel_type": "public",
        "owner_type": "private",
        "area_sq_m": 541.9,
        "restricted": false
      },
      "geometry": {
        "type": "Polygon",
        "coordinates": [
          [
            [
              77.68916018811906,
              12.697693901235098
            ],
            [
              77.68907241178762,
              12.697831870099485
            ],
            [
              77.68890098760741,
              12.697763570210931
            ],
            [
              77.68894434622135,
              12.697606729391879
            ],
            [
              77.68908067468102,
              12.697565990119264
            ],
            [
              77.68916018811906,
              12.697693901235098
            ]
          ]
        ]
      }
    },
    {
      "type": "Feature",
      "properties": {
        "parcel_id": "parc_0063",
        "parcel_type": "agricultural",
        "owner_type": "private",
        "area_sq_m": 398.0,
        "restricted": false
      },
      "geometry": {
        "type": "Polygon",
        "coordinates": [
          [
            [
              77.68711965817484,
              12.700210450116389
            ],
            [
              77.68703969460654,
              12.700297758947338
            ],
            [
              77.68689610018617,
              12.700262514309767
            ],
            [
              77.68691195739301,
              12.700126686825392
            ],
            [
              77.68703592389994,
              12.700081760809404
            ],
            [
              77.68711965817484,
              12.700210450116389
            ]
          ]
        ]
      }
    },
    {
      "type": "Feature",
      "properties": {
        "parcel_id": "parc_0064",
        "parcel_type": "residential",
        "owner_type": "government",
        "area_sq_m": 573.8,
        "restricted": false
      },
      "geometry": {
        "type": "Polygon",
        "coordinates": [
          [
            [
              77.6875173628292,
              12.695912739646687
            ],
            [
              77.68739025771782,
              12.696020102590888
            ],
            [
              77.6872534316662,
              12.696007951777558
            ],
            [
              77.68724363298706,
              12.695858755777026
            ],
            [
              77.6873861698046,
              12.695753181406824
            ],
            [
              77.6875173628292,
              12.695912739646687
            ]
          ]
        ]
      }
    },
    {
      "type": "Feature",
      "properties": {
        "parcel_id": "parc_0065",
        "parcel_type": "public",
        "owner_type": "private",
        "area_sq_m": 537.6,
        "restricted": false
      },
      "geometry": {
        "type": "Polygon",
        "coordinates": [
          [
            [
              77.6870615632986,
              12.69688051714247
            ],
            [
              77.68695597172774,
              12.69698339877607
            ],
            [
              77.68682698281653,
              12.696928114732255
            ],
            [
              77.68682052229562,
              12.696761676717427
            ],
            [
              77.68700075797315,
              12.6967310500167
            ],
            [
              77.6870615632986,
              12.69688051714247
            ]
          ]
        ]
      }
    },
    {
      "type": "Feature",
      "properties": {
        "parcel_id": "parc_0066",
        "parcel_type": "agricultural",
        "owner_type": "private",
        "area_sq_m": 412.6,
        "restricted": false
      },
      "geometry": {
        "type": "Polygon",
        "coordinates": [
          [
            [
              77.68846630746063,
              12.69844674145246
            ],
            [
              77.68835599907405,
              12.698530626260066
            ],
            [
              77.68823717370951,
              12.698506603327322
            ],
            [
              77.68823261188606,
              12.698339425324852
            ],
            [
              77.68838135726284,
              12.698340214829566
            ],
            [
              77.68846630746063,
              12.69844674145246
            ]
          ]
        ]
      }
    },
    {
      "type": "Feature",
      "properties": {
        "parcel_id": "parc_0067",
        "parcel_type": "residential",
        "owner_type": "private",
        "area_sq_m": 628.2,
        "restricted": false
      },
      "geometry": {
        "type": "Polygon",
        "coordinates": [
          [
            [
              77.68642308664862,
              12.69657399889697
            ],
            [
              77.686346528854,
              12.696691599742268
            ],
            [
              77.68616815785197,
              12.696624229664904
            ],
            [
              77.68616059325709,
              12.696457067984346
            ],
            [
              77.68631431461867,
              12.696400406471462
            ],
            [
              77.68642308664862,
              12.69657399889697
            ]
          ]
        ]
      }
    },
    {
      "type": "Feature",
      "properties": {
        "parcel_id": "parc_0068",
        "parcel_type": "commercial",
        "owner_type": "private",
        "area_sq_m": 531.4,
        "restricted": false
      },
      "geometry": {
        "type": "Polygon",
        "coordinates": [
          [
            [
              77.68760680679208,
              12.697414504035276
            ],
            [
              77.68746020618894,
              12.697567855426565
            ],
            [
              77.687339030135,
              12.697543138113607
            ],
            [
              77.68732160486928,
              12.697378817235688
            ],
            [
              77.68748492388725,
              12.697336819975805
            ],
            [
              77.68760680679208,
              12.697414504035276
            ]
          ]
        ]
      }
    },
    {
      "type": "Feature",
      "properties": {
        "parcel_id": "parc_0069",
        "parcel_type": "residential",
        "owner_type": "private",
        "area_sq_m": 380.0,
        "restricted": false
      },
      "geometry": {
        "type": "Polygon",
        "coordinates": [
          [
            [
              77.6872992233038,
              12.700159516016473
            ],
            [
              77.68725998592257,
              12.70028461325899
            ],
            [
              77.68710425980719,
              12.700236403637406
            ],
            [
              77.68711014242196,
              12.70010850726505
            ],
            [
              77.68723062817737,
              12.700057308549784
            ],
            [
              77.6872992233038,
              12.700159516016473
            ]
          ]
        ]
      }
    },
    {
      "type": "Feature",
      "properties": {
        "parcel_id": "parc_0070",
        "parcel_type": "commercial",
        "owner_type": "common",
        "area_sq_m": 310.3,
        "restricted": false
      },
      "geometry": {
        "type": "Polygon",
        "coordinates": [
          [
            [
              77.68831481851397,
              12.69788819960689
            ],
            [
              77.68824479515958,
              12.698011182222347
            ],
            [
              77.688138850648,
              12.697976026282163
            ],
            [
              77.68811832180913,
              12.697856959332663
            ],
            [
              77.68823179629119,
              12.697813328464594
            ],
            [
              77.68831481851397,
              12.69788819960689
            ]
          ]
        ]
      }
    },
    {
      "type": "Feature",
      "properties": {
        "parcel_id": "parc_0071",
        "parcel_type": "residential",
        "owner_type": "private",
        "area_sq_m": 409.3,
        "restricted": false
      },
      "geometry": {
        "type": "Polygon",
        "coordinates": [
          [
            [
              77.68741296143592,
              12.698469024591052
            ],
            [
              77.68730312607332,
              12.698566985571276
            ],
            [
              77.6871912496107,
              12.69853626176782
            ],
            [
              77.68716492548553,
              12.698374260098852
            ],
            [
              77.68729799434024,
              12.698366968648232
            ],
            [
              77.68741296143592,
              12.698469024591052
            ]
          ]
        ]
      }
    },
    {
      "type": "Feature",
      "properties": {
        "parcel_id": "parc_0072",
        "parcel_type": "residential",
        "owner_type": "private",
        "area_sq_m": 691.4,
        "restricted": false
      },
      "geometry": {
        "type": "Polygon",
        "coordinates": [
          [
            [
              77.68828522159303,
              12.69677297818479
            ],
            [
              77.68820269666163,
              12.69693767791984
            ],
            [
              77.68801296276361,
              12.696846805584764
            ],
            [
              77.68803030921637,
              12.696681679279326
            ],
            [
              77.68815817541514,
              12.696610576124389
            ],
            [
              77.68828522159303,
              12.69677297818479
            ]
          ]
        ]
      }
    },
    {
      "type": "Feature",
      "properties": {
        "parcel_id": "parc_0073",
        "parcel_type": "residential",
        "owner_type": "government",
        "area_sq_m": 627.6,
        "restricted": false
      },
      "geometry": {
        "type": "Polygon",
        "coordinates": [
          [
            [
              77.68687070299339,
              12.697481748880223
            ],
            [
              77.68673279027348,
              12.697617981998942
            ],
            [
              77.68658847021494,
              12.697618055860765
            ],
            [
              77.68657292381164,
              12.697391245278588
            ],
            [
              77.68673267048162,
              12.697385779218024
            ],
            [
              77.68687070299339,
              12.697481748880223
            ]
          ]
        ]
      }
    },
    {
      "type": "Feature",
      "properties": {
        "parcel_id": "parc_0074",
        "parcel_type": "residential",
        "owner_type": "private",
        "area_sq_m": 551.1,
        "restricted": false
      },
      "geometry": {
        "type": "Polygon",
        "coordinates": [
          [
            [
              77.68834759055866,
              12.69644631391716
            ],
            [
              77.68826190536116,
              12.696580577986985
            ],
            [
              77.68809145498531,
              12.696559104670436
            ],
            [
              77.68809053151429,
              12.696401540249077
            ],
            [
              77.68821596122369,
              12.696328962517313
            ],
            [
              77.68834759055866,
              12.69644631391716
            ]
          ]
        ]
      }
    },
    {
      "type": "Feature",
      "properties": {
        "parcel_id": "parc_0075",
        "parcel_type": "residential",
        "owner_type": "government",
        "area_sq_m": 605.1,
        "restricted": false
      },
      "geometry": {
        "type": "Polygon",
        "coordinates": [
          [
            [
              77.68757616979691,
              12.697865898836607
            ],
            [
              77.68748010803967,
              12.697997743891916
            ],
            [
              77.68733708991212,
              12.697947997702293
            ],
            [
              77.6872896512948,
              12.69780505087692
            ],
            [
              77.68745578547151,
              12.697712853573865
            ],
            [
              77.68757616979691,
              12.697865898836607
            ]
          ]
        ]
      }
    },
    {
      "type": "Feature",
      "properties": {
        "parcel_id": "parc_0076",
        "parcel_type": "residential",
        "owner_type": "private",
        "area_sq_m": 423.2,
        "restricted": false
      },
      "geometry": {
        "type": "Polygon",
        "coordinates": [
          [
            [
              77.6870869037023,
              12.698410924181246
            ],
            [
              77.68700812189681,
              12.698530194429498
            ],
            [
              77.68687478643106,
              12.698501354385217
            ],
            [
              77.6868676815825,
              12.69833777534875
            ],
            [
              77.68699175564385,
              12.698309934666963
            ],
            [
              77.6870869037023,
              12.698410924181246
            ]
          ]
        ]
      }
    },
    {
      "type": "Feature",
      "properties": {
        "parcel_id": "parc_0077",
        "parcel_type": "agricultural",
        "owner_type": "private",
        "area_sq_m": 547.6,
        "restricted": false
      },
      "geometry": {
        "type": "Polygon",
        "coordinates": [
          [
            [
              77.68606843742721,
              12.697124898582805
            ],
            [
              77.68597443206856,
              12.697231216944129
            ],
            [
              77.68579370144768,
              12.697182653354124
            ],
            [
              77.68583552158033,
              12.697003356516111
            ],
            [
              77.68599496682488,
              12.697008134079574
            ],
            [
              77.68606843742721,
              12.697124898582805
            ]
          ]
        ]
      }
    },
    {
      "type": "Feature",
      "properties": {
        "parcel_id": "parc_0078",
        "parcel_type": "residential",
        "owner_type": "private",
        "area_sq_m": 298.6,
        "restricted": false
      },
      "geometry": {
        "type": "Polygon",
        "coordinates": [
          [
            [
              77.6874339140113,
              12.699242371067964
            ],
            [
              77.68734472115246,
              12.69933001254855
            ],
            [
              77.68723172988338,
              12.699297199269898
            ],
            [
              77.68725058026081,
              12.699186567458634
            ],
            [
              77.68736892096013,
              12.69914459456464
            ],
            [
              77.6874339140113,
              12.699242371067964
            ]
          ]
        ]
      }
    },
    {
      "type": "Feature",
      "properties": {
        "parcel_id": "parc_0079",
        "parcel_type": "commercial",
        "owner_type": "private",
        "area_sq_m": 606.9,
        "restricted": false
      },
      "geometry": {
        "type": "Polygon",
        "coordinates": [
          [
            [
              77.68762901022335,
              12.697459543784241
            ],
            [
              77.68753748333182,
              12.697633293032121
            ],
            [
              77.68735939848595,
              12.697552541023484
            ],
            [
              77.68741168177117,
              12.697372028890303
            ],
            [
              77.6875488386526,
              12.6973519367572
            ],
            [
              77.68762901022335,
              12.697459543784241
            ]
          ]
        ]
      }
    },
    {
      "type": "Feature",
      "properties": {
        "parcel_id": "parc_0080",
        "parcel_type": "agricultural",
        "owner_type": "private",
        "area_sq_m": 348.3,
        "restricted": false
      },
      "geometry": {
        "type": "Polygon",
        "coordinates": [
          [
            [
              77.68894587440896,
              12.697167436092949
            ],
            [
              77.68885882248313,
              12.69727265390518
            ],
            [
              77.68874169260783,
              12.697230563898579
            ],
            [
              77.68872968623856,
              12.697120783046675
            ],
            [
              77.68884729637966,
              12.697065759012688
            ],
            [
              77.68894587440896,
              12.697167436092949
            ]
          ]
        ]
      }
    },
    {
      "type": "Feature",
      "properties": {
        "parcel_id": "parc_0081",
        "parcel_type": "agricultural",
        "owner_type": "government",
        "area_sq_m": 346.6,
        "restricted": false
      },
      "geometry": {
        "type": "Polygon",
        "coordinates": [
          [
            [
              77.68742254676418,
              12.697438329470568
            ],
            [
              77.6873138908516,
              12.697527656526244
            ],
            [
              77.68721024167067,
              12.697512627657503
            ],
            [
              77.68721574933102,
              12.697360719865296
            ],
            [
              77.68732436881561,
              12.69733608278166
            ],
            [
              77.68742254676418,
              12.697438329470568
            ]
          ]
        ]
      }
    },
    {
      "type": "Feature",
      "properties": {
        "parcel_id": "parc_0082",
        "parcel_type": "agricultural",
        "owner_type": "government",
        "area_sq_m": 404.4,
        "restricted": false
      },
      "geometry": {
        "type": "Polygon",
        "coordinates": [
          [
            [
              77.68638424272885,
              12.700116267090971
            ],
            [
              77.6862794896813,
              12.70021858197705
            ],
            [
              77.68615971712502,
              12.700175007976728
            ],
            [
              77.68612644912359,
              12.700047130788112
            ],
            [
              77.68629605344911,
              12.700022180049437
            ],
            [
              77.68638424272885,
              12.700116267090971
            ]
          ]
        ]
      }
    },
    {
      "type": "Feature",
      "properties": {
        "parcel_id": "parc_0083",
        "parcel_type": "residential",
        "owner_type": "government",
        "area_sq_m": 347.0,
        "restricted": false
      },
      "geometry": {
        "type": "Polygon",
        "coordinates": [
          [
            [
              77.68703271431865,
              12.698127189207241
            ],
            [
              77.68698210724028,
              12.69824106689251
            ],
            [
              77.68684605428278,
              12.698213548941716
            ],
            [
              77.68685608741812,
              12.698071806470445
            ],
            [
              77.68697108569886,
              12.698029411188948
            ],
            [
              77.68703271431865,
              12.698127189207241
            ]
          ]
        ]
      }
    },
    {
      "type": "Feature",
      "properties": {
        "parcel_id": "parc_0084",
        "parcel_type": "agricultural",
        "owner_type": "government",
        "area_sq_m": 433.3,
        "restricted": false
      },
      "geometry": {
        "type": "Polygon",
        "coordinates": [
          [
            [
              77.6881177606264,
              12.697311552546198
            ],
            [
              77.6880111436867,
              12.69743180865806
            ],
            [
              77.68789229275647,
              12.697397209330102
            ],
            [
              77.68788882235093,
              12.697260462933626
            ],
            [
              77.68803728286625,
              12.697200858526799
            ],
            [
              77.6881177606264,
              12.697311552546198
            ]
          ]
        ]
      }
    },
    {
      "type": "Feature",
      "properties": {
        "parcel_id": "parc_0085",
        "parcel_type": "residential",
        "owner_type": "private",
        "area_sq_m": 451.4,
        "restricted": false
      },
      "geometry": {
        "type": "Polygon",
        "coordinates": [
          [
            [
              77.68676543990476,
              12.700002000388418
            ],
            [
              77.68667384651513,
              12.700136869053809
            ],
            [
              77.68653149745481,
              12.700063105961293
            ],
            [
              77.68655947912087,
              12.699935276751708
            ],
            [
              77.68668094928876,
              12.699881807358482
            ],
            [
              77.68676543990476,
              12.700002000388418
            ]
          ]
        ]
      }
    },
    {
      "type": "Feature",
      "properties": {
        "parcel_id": "parc_0086",
        "parcel_type": "residential",
        "owner_type": "government",
        "area_sq_m": 290.7,
        "restricted": false
      },
      "geometry": {
        "type": "Polygon",
        "coordinates": [
          [
            [
              77.68755721999347,
              12.698520879922066
            ],
            [
              77.68747569307236,
              12.698628867528278
            ],
            [
              77.6873724987768,
              12.69858514544828
            ],
            [
              77.6873744974626,
              12.698465321788069
            ],
            [
              77.68747894031016,
              12.69843972662436
            ],
            [
              77.68755721999347,
              12.698520879922066
            ]
          ]
        ]
      }
    },
    {
      "type": "Feature",
      "properties": {
        "parcel_id": "parc_0087",
        "parcel_type": "residential",
        "owner_type": "private",
        "area_sq_m": 512.5,
        "restricted": false
      },
      "geometry": {
        "type": "Polygon",
        "coordinates": [
          [
            [
              77.6868271903663,
              12.695706745708192
            ],
            [
              77.68674187900059,
              12.695850291374478
            ],
            [
              77.68658055391829,
              12.69578504995727
            ],
            [
              77.68656946017116,
              12.695643380020892
            ],
            [
              77.6867310444312,
              12.695610685700817
            ],
            [
              77.6868271903663,
              12.695706745708192
            ]
          ]
        ]
      }
    },
    {
      "type": "Feature",
      "properties": {
        "parcel_id": "parc_0088",
        "parcel_type": "agricultural",
        "owner_type": "private",
        "area_sq_m": 587.2,
        "restricted": false
      },
      "geometry": {
        "type": "Polygon",
        "coordinates": [
          [
            [
              77.68627814563644,
              12.697837533206165
            ],
            [
              77.68615768131006,
              12.697991638035466
            ],
            [
              77.68600796022754,
              12.697946956238098
            ],
            [
              77.6860049498137,
              12.69781171185512
            ],
            [
              77.68617149198118,
              12.697717644867096
            ],
            [
              77.68627814563644,
              12.697837533206165
            ]
          ]
        ]
      }
    },
    {
      "type": "Feature",
      "properties": {
        "parcel_id": "parc_0089",
        "parcel_type": "residential",
        "owner_type": "private",
        "area_sq_m": 360.2,
        "restricted": false
      },
      "geometry": {
        "type": "Polygon",
        "coordinates": [
          [
            [
              77.68732366283035,
              12.697580670401964
            ],
            [
              77.68723874714257,
              12.697714392637447
            ],
            [
              77.68710584296075,
              12.697660453847583
            ],
            [
              77.6871146991646,
              12.69755010454555
            ],
            [
              77.6872346901096,
              12.697506458293562
            ],
            [
              77.68732366283035,
              12.697580670401964
            ]
          ]
        ]
      }
    },
    {
      "type": "Feature",
      "properties": {
        "parcel_id": "parc_0090",
        "parcel_type": "residential",
        "owner_type": "private",
        "area_sq_m": 395.0,
        "restricted": false
      },
      "geometry": {
        "type": "Polygon",
        "coordinates": [
          [
            [
              77.686289141763,
              12.697227310179915
            ],
            [
              77.68619603760561,
              12.697342446766921
            ],
            [
              77.68606234037365,
              12.69729231005989
            ],
            [
              77.68608148218459,
              12.697161654482397
            ],
            [
              77.68621898382798,
              12.6971296589376
            ],
            [
              77.686289141763,
              12.697227310179915
            ]
          ]
        ]
      }
    },
    {
      "type": "Feature",
      "properties": {
        "parcel_id": "parc_0091",
        "parcel_type": "residential",
        "owner_type": "private",
        "area_sq_m": 431.3,
        "restricted": false
      },
      "geometry": {
        "type": "Polygon",
        "coordinates": [
          [
            [
              77.68584217204135,
              12.695688888762787
            ],
            [
              77.68576877750206,
              12.695789187978546
            ],
            [
              77.68561921133009,
              12.695766395852514
            ],
            [
              77.68563578846025,
              12.695611888459688
            ],
            [
              77.68575640376481,
              12.695559123432556
            ],
            [
              77.68584217204135,
              12.695688888762787
            ]
          ]
        ]
      }
    },
    {
      "type": "Feature",
      "properties": {
        "parcel_id": "parc_0092",
        "parcel_type": "residential",
        "owner_type": "private",
        "area_sq_m": 336.9,
        "restricted": false
      },
      "geometry": {
        "type": "Polygon",
        "coordinates": [
          [
            [
              77.68622217539544,
              12.699396338123494
            ],
            [
              77.68618177499701,
              12.69951639085148
            ],
            [
              77.68604082508233,
              12.699463922653296
            ],
            [
              77.68604567138567,
              12.699356800623654
            ],
            [
              77.68616320144496,
              12.699289401358355
            ],
            [
              77.68622217539544,
              12.699396338123494
            ]
          ]
        ]
      }
    },
    {
      "type": "Feature",
      "properties": {
        "parcel_id": "parc_0093",
        "parcel_type": "residential",
        "owner_type": "private",
        "area_sq_m": 318.3,
        "restricted": false
      },
      "geometry": {
        "type": "Polygon",
        "coordinates": [
          [
            [
              77.68698654159954,
              12.698323470582237
            ],
            [
              77.68692858338883,
              12.698439430736874
            ],
            [
              77.68679152465936,
              12.698377284006142
            ],
            [
              77.6868138123756,
              12.698256287274264
            ],
            [
              77.68691876472396,
              12.698240531426887
            ],
            [
              77.68698654159954,
              12.698323470582237
            ]
          ]
        ]
      }
    },
    {
      "type": "Feature",
      "properties": {
        "parcel_id": "parc_0094",
        "parcel_type": "residential",
        "owner_type": "private",
        "area_sq_m": 540.6,
        "restricted": false
      },
      "geometry": {
        "type": "Polygon",
        "coordinates": [
          [
            [
              77.68721749623023,
              12.698080739388658
            ],
            [
              77.6871271764131,
              12.698213038839594
            ],
            [
              77.68695404865899,
              12.698140899893215
            ],
            [
              77.68697816375926,
              12.698011430063064
            ],
            [
              77.6871225071927,
              12.697945968423502
            ],
            [
              77.68721749623023,
              12.698080739388658
            ]
          ]
        ]
      }
    },
    {
      "type": "Feature",
      "properties": {
        "parcel_id": "parc_0095",
        "parcel_type": "residential",
        "owner_type": "private",
        "area_sq_m": 370.6,
        "restricted": false
      },
      "geometry": {
        "type": "Polygon",
        "coordinates": [
          [
            [
              77.68746864685853,
              12.698179635617553
            ],
            [
              77.68738905258338,
              12.69828922738353
            ],
            [
              77.68726271317695,
              12.698263915588456
            ],
            [
              77.68727314426928,
              12.698128172958373
            ],
            [
              77.68741883835256,
              12.698078413481426
            ],
            [
              77.68746864685853,
              12.698179635617553
            ]
          ]
        ]
      }
    },
    {
      "type": "Feature",
      "properties": {
        "parcel_id": "parc_0096",
        "parcel_type": "agricultural",
        "owner_type": "private",
        "area_sq_m": 463.5,
        "restricted": false
      },
      "geometry": {
        "type": "Polygon",
        "coordinates": [
          [
            [
              77.68619990706419,
              12.69571505452791
            ],
            [
              77.68610776660495,
              12.695857036228226
            ],
            [
              77.68595677075398,
              12.695779414146655
            ],
            [
              77.68595418606004,
              12.695663158467953
            ],
            [
              77.68610663904794,
              12.695621243900602
            ],
            [
              77.68619990706419,
              12.69571505452791
            ]
          ]
        ]
      }
    },
    {
      "type": "Feature",
      "properties": {
        "parcel_id": "parc_0097",
        "parcel_type": "residential",
        "owner_type": "private",
        "area_sq_m": 572.6,
        "restricted": false
      },
      "geometry": {
        "type": "Polygon",
        "coordinates": [
          [
            [
              77.6877482894948,
              12.699600608055501
            ],
            [
              77.68762696382441,
              12.69971528712125
            ],
            [
              77.68747037371537,
              12.69965425950021
            ],
            [
              77.68743821515018,
              12.699512771376519
            ],
            [
              77.6876420617693,
              12.699484924562318
            ],
            [
              77.6877482894948,
              12.699600608055501
            ]
          ]
        ]
      }
    },
    {
      "type": "Feature",
      "properties": {
        "parcel_id": "parc_0098",
        "parcel_type": "residential",
        "owner_type": "private",
        "area_sq_m": 560.7,
        "restricted": false
      },
      "geometry": {
        "type": "Polygon",
        "coordinates": [
          [
            [
              77.68678698477727,
              12.69801417111271
            ],
            [
              77.68670013769307,
              12.69812518679806
            ],
            [
              77.68650484074156,
              12.698092610864126
            ],
            [
              77.686536175418,
              12.697912168554641
            ],
            [
              77.68667733644568,
              12.697897606462735
            ],
            [
              77.68678698477727,
              12.69801417111271
            ]
          ]
        ]
      }
    },
    {
      "type": "Feature",
      "properties": {
        "parcel_id": "parc_0099",
        "parcel_type": "residential",
        "owner_type": "private",
        "area_sq_m": 602.2,
        "restricted": false
      },
      "geometry": {
        "type": "Polygon",
        "coordinates": [
          [
            [
              77.68822739346832,
              12.700452762324774
            ],
            [
              77.68812311826262,
              12.700569059810695
            ],
            [
              77.68795818957334,
              12.700540283991442
            ],
            [
              77.68794484662104,
              12.700375926690183
            ],
            [
              77.6880989331303,
              12.700311094342597
            ],
            [
              77.68822739346832,
              12.700452762324774
            ]
          ]
        ]
      }
    },
    {
      "type": "Feature",
      "properties": {
        "parcel_id": "parc_0100",
        "parcel_type": "public",
        "owner_type": "private",
        "area_sq_m": 638.5,
        "restricted": false
      },
      "geometry": {
        "type": "Polygon",
        "coordinates": [
          [
            [
              77.68759214372716,
              12.699005145121498
            ],
            [
              77.68749282009605,
              12.699148417007443
            ],
            [
              77.6873327333989,
              12.699084194870302
            ],
            [
              77.68735752696603,
              12.698915324379495
            ],
            [
              77.6875275755422,
              12.698841988385496
            ],
            [
              77.68759214372716,
              12.699005145121498
            ]
          ]
        ]
      }
    },
    {
      "type": "Feature",
      "properties": {
        "parcel_id": "parc_0101",
        "parcel_type": "residential",
        "owner_type": "private",
        "area_sq_m": 526.7,
        "restricted": false
      },
      "geometry": {
        "type": "Polygon",
        "coordinates": [
          [
            [
              77.68674597609386,
              12.697614738210946
            ],
            [
              77.68665169633526,
              12.697757085882557
            ],
            [
              77.6865140342632,
              12.697681045229695
            ],
            [
              77.68649949857831,
              12.697565675222974
            ],
            [
              77.68668296533161,
              12.69747635781515
            ],
            [
              77.68674597609386,
              12.697614738210946
            ]
          ]
        ]
      }
    },
    {
      "type": "Feature",
      "properties": {
        "parcel_id": "parc_0102",
        "parcel_type": "residential",
        "owner_type": "private",
        "area_sq_m": 353.2,
        "restricted": false
      },
      "geometry": {
        "type": "Polygon",
        "coordinates": [
          [
            [
              77.6881210104632,
              12.698469793890913
            ],
            [
              77.68803780717916,
              12.698581595538588
            ],
            [
              77.68793906867728,
              12.698538129674
            ],
            [
              77.68793709762036,
              12.69842273552552
            ],
            [
              77.68805201633445,
              12.698334956603123
            ],
            [
              77.6881210104632,
              12.698469793890913
            ]
          ]
        ]
      }
    },
    {
      "type": "Feature",
      "properties": {
        "parcel_id": "parc_0103",
        "parcel_type": "residential",
        "owner_type": "private",
        "area_sq_m": 627.9,
        "restricted": false
      },
      "geometry": {
        "type": "Polygon",
        "coordinates": [
          [
            [
              77.68625563266946,
              12.699411976271518
            ],
            [
              77.68612248860134,
              12.699550472376433
            ],
            [
              77.68596950651536,
              12.699484568298518
            ],
            [
              77.68600901321767,
              12.699306968488193
            ],
            [
              77.68614691233213,
              12.699268327235975
            ],
            [
              77.68625563266946,
              12.699411976271518
            ]
          ]
        ]
      }
    },
    {
      "type": "Feature",
      "properties": {
        "parcel_id": "parc_0104",
        "parcel_type": "residential",
        "owner_type": "private",
        "area_sq_m": 302.6,
        "restricted": false
      },
      "geometry": {
        "type": "Polygon",
        "coordinates": [
          [
            [
              77.68869734422215,
              12.699278015395192
            ],
            [
              77.68859593023794,
              12.699360891099035
            ],
            [
              77.68848039547854,
              12.699350318553986
            ],
            [
              77.68850679900059,
              12.699222108677562
            ],
            [
              77.68861389683188,
              12.69918756650653
            ],
            [
              77.68869734422215,
              12.699278015395192
            ]
          ]
        ]
      }
    },
    {
      "type": "Feature",
      "properties": {
        "parcel_id": "parc_0105",
        "parcel_type": "residential",
        "owner_type": "private",
        "area_sq_m": 590.6,
        "restricted": false
      },
      "geometry": {
        "type": "Polygon",
        "coordinates": [
          [
            [
              77.68896763117334,
              12.698565828266792
            ],
            [
              77.68884682702368,
              12.698719643438732
            ],
            [
              77.68869050173916,
              12.698651791057022
            ],
            [
              77.68869992009763,
              12.698484393003207
            ],
            [
              77.68886948576045,
              12.698468557497538
            ],
            [
              77.68896763117334,
              12.698565828266792
            ]
          ]
        ]
      }
    },
    {
      "type": "Feature",
      "properties": {
        "parcel_id": "parc_0106",
        "parcel_type": "agricultural",
        "owner_type": "private",
        "area_sq_m": 565.1,
        "restricted": false
      },
      "geometry": {
        "type": "Polygon",
        "coordinates": [
          [
            [
              77.6873701578662,
              12.69782902819985
            ],
            [
              77.68730502913198,
              12.697981562006978
            ],
            [
              77.68715722917042,
              12.69792774284899
            ],
            [
              77.68713696018312,
              12.6977339399976
            ],
            [
              77.68730010579058,
              12.697704347853824
            ],
            [
              77.6873701578662,
              12.69782902819985
            ]
          ]
        ]
      }
    },
    {
      "type": "Feature",
      "properties": {
        "parcel_id": "parc_0107",
        "parcel_type": "agricultural",
        "owner_type": "private",
        "area_sq_m": 596.7,
        "restricted": false
      },
      "geometry": {
        "type": "Polygon",
        "coordinates": [
          [
            [
              77.685991870949,
              12.697194762555867
            ],
            [
              77.68588547887934,
              12.697363691108666
            ],
            [
              77.68575311234505,
              12.69727455551309
            ],
            [
              77.68572209224612,
              12.69712586489464
            ],
            [
              77.68590294408615,
              12.6970718449445
            ],
            [
              77.685991870949,
              12.697194762555867
            ]
          ]
        ]
      }
    },
    {
      "type": "Feature",
      "properties": {
        "parcel_id": "parc_0108",
        "parcel_type": "residential",
        "owner_type": "private",
        "area_sq_m": 455.8,
        "restricted": false
      },
      "geometry": {
        "type": "Polygon",
        "coordinates": [
          [
            [
              77.68655739956354,
              12.697857474478704
            ],
            [
              77.68646593861122,
              12.697966029704062
            ],
            [
              77.68628486627162,
              12.697927306160425
            ],
            [
              77.68632125507094,
              12.69780057223763
            ],
            [
              77.68644593013482,
              12.697751053844591
            ],
            [
              77.68655739956354,
              12.697857474478704
            ]
          ]
        ]
      }
    },
    {
      "type": "Feature",
      "properties": {
        "parcel_id": "parc_0109",
        "parcel_type": "commercial",
        "owner_type": "private",
        "area_sq_m": 344.5,
        "restricted": false
      },
      "geometry": {
        "type": "Polygon",
        "coordinates": [
          [
            [
              77.68688485693157,
              12.698262916280912
            ],
            [
              77.6867914516224,
              12.698383381310087
            ],
            [
              77.6866929351615,
              12.698352257995651
            ],
            [
              77.68669715932573,
              12.698199893938428
            ],
            [
              77.6867954292442,
              12.698167462730062
            ],
            [
              77.68688485693157,
              12.698262916280912
            ]
          ]
        ]
      }
    },
    {
      "type": "Feature",
      "properties": {
        "parcel_id": "parc_0110",
        "parcel_type": "commercial",
        "owner_type": "private",
        "area_sq_m": 333.4,
        "restricted": false
      },
      "geometry": {
        "type": "Polygon",
        "coordinates": [
          [
            [
              77.68900150037602,
              12.699686314061262
            ],
            [
              77.68893769526332,
              12.699762424134683
            ],
            [
              77.6888070351015,
              12.699730561383634
            ],
            [
              77.68879831843572,
              12.699622426286092
            ],
            [
              77.68891830988876,
              12.699558135104057
            ],
            [
              77.68900150037602,
              12.699686314061262
            ]
          ]
        ]
      }
    },
    {
      "type": "Feature",
      "properties": {
        "parcel_id": "parc_0111",
        "parcel_type": "residential",
        "owner_type": "private",
        "area_sq_m": 594.2,
        "restricted": false
      },
      "geometry": {
        "type": "Polygon",
        "coordinates": [
          [
            [
              77.68778974073719,
              12.69804241685447
            ],
            [
              77.6877181128457,
              12.69814755557448
            ],
            [
              77.6875360739829,
              12.698142539987199
            ],
            [
              77.68754159187483,
              12.697939929972131
            ],
            [
              77.68768504315466,
              12.69789397628833
            ],
            [
              77.68778974073719,
              12.69804241685447
            ]
          ]
        ]
      }
    },
    {
      "type": "Feature",
      "properties": {
        "parcel_id": "parc_0112",
        "parcel_type": "residential",
        "owner_type": "private",
        "area_sq_m": 248.8,
        "restricted": true
      },
      "geometry": {
        "type": "Polygon",
        "coordinates": [
          [
            [
              77.687672215154,
              12.699664557609921
            ],
            [
              77.68762307103903,
              12.6997627046823
            ],
            [
              77.68750911492111,
              12.69971931970506
            ],
            [
              77.68751555428017,
              12.699617257513038
            ],
            [
              77.68761150734679,
              12.699577442953924
            ],
            [
              77.687672215154,
              12.699664557609921
            ]
          ]
        ]
      }
    },
    {
      "type": "Feature",
      "properties": {
        "parcel_id": "parc_0113",
        "parcel_type": "agricultural",
        "owner_type": "private",
        "area_sq_m": 327.4,
        "restricted": false
      },
      "geometry": {
        "type": "Polygon",
        "coordinates": [
          [
            [
              77.68796857096207,
              12.696212930876545
            ],
            [
              77.68789022671312,
              12.696293648397486
            ],
            [
              77.68776648100874,
              12.696244204316908
            ],
            [
              77.68777046207568,
              12.696127120565716
            ],
            [
              77.6878836965654,
              12.696096656507287
            ],
            [
              77.68796857096207,
              12.696212930876545
            ]
          ]
        ]
      }
    },
    {
      "type": "Feature",
      "properties": {
        "parcel_id": "parc_0114",
        "parcel_type": "residential",
        "owner_type": "private",
        "area_sq_m": 360.7,
        "restricted": false
      },
      "geometry": {
        "type": "Polygon",
        "coordinates": [
          [
            [
              77.6886337142107,
              12.697496393906688
            ],
            [
              77.68855432068054,
              12.697599748365937
            ],
            [
              77.6884114419981,
              12.697560957606177
            ],
            [
              77.6884136832877,
              12.697429998585104
            ],
            [
              77.688552080199,
              12.697418422342679
            ],
            [
              77.6886337142107,
              12.697496393906688
            ]
          ]
        ]
      }
    },
    {
      "type": "Feature",
      "properties": {
        "parcel_id": "parc_0115",
        "parcel_type": "residential",
        "owner_type": "private",
        "area_sq_m": 381.4,
        "restricted": false
      },
      "geometry": {
        "type": "Polygon",
        "coordinates": [
          [
            [
              77.68761707584783,
              12.700266265016905
            ],
            [
              77.68753905226843,
              12.700376829865005
            ],
            [
              77.68740679636026,
              12.700355342864587
            ],
            [
              77.68741168492664,
              12.700209975780306
            ],
            [
              77.68756603644492,
              12.700176878518063
            ],
            [
              77.68761707584783,
              12.700266265016905
            ]
          ]
        ]
      }
    },
    {
      "type": "Feature",
      "properties": {
        "parcel_id": "parc_0116",
        "parcel_type": "residential",
        "owner_type": "common",
        "area_sq_m": 346.0,
        "restricted": false
      },
      "geometry": {
        "type": "Polygon",
        "coordinates": [
          [
            [
              77.6881622423502,
              12.69789020067839
            ],
            [
              77.68806122296488,
              12.697998899860469
            ],
            [
              77.68796677782296,
              12.697960485079939
            ],
            [
              77.68796344821016,
              12.697822838009582
            ],
            [
              77.688056968459,
              12.69777966116263
            ],
            [
              77.6881622423502,
              12.69789020067839
            ]
          ]
        ]
      }
    },
    {
      "type": "Feature",
      "properties": {
        "parcel_id": "parc_0117",
        "parcel_type": "residential",
        "owner_type": "government",
        "area_sq_m": 270.1,
        "restricted": false
      },
      "geometry": {
        "type": "Polygon",
        "coordinates": [
          [
            [
              77.68769347345722,
              12.699400058575025
            ],
            [
              77.687620050792,
              12.699495472784244
            ],
            [
              77.68752053387666,
              12.699473299075157
            ],
            [
              77.6875323016439,
              12.699344983228269
            ],
            [
              77.68763501843557,
              12.699309357971861
            ],
            [
              77.68769347345722,
              12.699400058575025
            ]
          ]
        ]
      }
    },
    {
      "type": "Feature",
      "properties": {
        "parcel_id": "parc_0118",
        "parcel_type": "commercial",
        "owner_type": "common",
        "area_sq_m": 616.6,
        "restricted": false
      },
      "geometry": {
        "type": "Polygon",
        "coordinates": [
          [
            [
              77.68753244632869,
              12.69966745765177
            ],
            [
              77.68741836118262,
              12.69981534474816
            ],
            [
              77.68728800422426,
              12.69971777652716
            ],
            [
              77.68728779141777,
              12.699539573084367
            ],
            [
              77.68743929895119,
              12.699512051103909
            ],
            [
              77.68753244632869,
              12.69966745765177
            ]
          ]
        ]
      }
    },
    {
      "type": "Feature",
      "properties": {
        "parcel_id": "parc_0119",
        "parcel_type": "public",
        "owner_type": "private",
        "area_sq_m": 475.4,
        "restricted": false
      },
      "geometry": {
        "type": "Polygon",
        "coordinates": [
          [
            [
              77.68694699430337,
              12.698551981234745
            ],
            [
              77.68685743914384,
              12.6986620215701
            ],
            [
              77.68669396289172,
              12.698633392224279
            ],
            [
              77.68671186720992,
              12.698481704547635
            ],
            [
              77.68683720363221,
              12.69843538251657
            ],
            [
              77.68694699430337,
              12.698551981234745
            ]
          ]
        ]
      }
    },
    {
      "type": "Feature",
      "properties": {
        "parcel_id": "parc_0120",
        "parcel_type": "residential",
        "owner_type": "private",
        "area_sq_m": 604.2,
        "restricted": false
      },
      "geometry": {
        "type": "Polygon",
        "coordinates": [
          [
            [
              77.68627513400423,
              12.699894071134784
            ],
            [
              77.68619415005422,
              12.700054004443436
            ],
            [
              77.68602762728491,
              12.700002103434711
            ],
            [
              77.68602008953751,
              12.699832845606807
            ],
            [
              77.68621047406702,
              12.69978233557922
            ],
            [
              77.68627513400423,
              12.699894071134784
            ]
          ]
        ]
      }
    },
    {
      "type": "Feature",
      "properties": {
        "parcel_id": "parc_0121",
        "parcel_type": "commercial",
        "owner_type": "private",
        "area_sq_m": 436.0,
        "restricted": false
      },
      "geometry": {
        "type": "Polygon",
        "coordinates": [
          [
            [
              77.68579570274659,
              12.696914749512896
            ],
            [
              77.68573751579926,
              12.697030898529238
            ],
            [
              77.68559048018676,
              12.69698340931032
            ],
            [
              77.68557962746019,
              12.69685253388631
            ],
            [
              77.68570802179644,
              12.696781534265533
            ],
            [
              77.68579570274659,
              12.696914749512896
            ]
          ]
        ]
      }
    },
    {
      "type": "Feature",
      "properties": {
        "parcel_id": "parc_0122",
        "parcel_type": "agricultural",
        "owner_type": "private",
        "area_sq_m": 498.5,
        "restricted": false
      },
      "geometry": {
        "type": "Polygon",
        "coordinates": [
          [
            [
              77.68687246189637,
              12.698752283772647
            ],
            [
              77.68675028098917,
              12.698892161364956
            ],
            [
              77.68662217194967,
              12.698819782442628
            ],
            [
              77.6866045997471,
              12.698691656193652
            ],
            [
              77.6867688516759,
              12.698650829829129
            ],
            [
              77.68687246189637,
              12.698752283772647
            ]
          ]
        ]
      }
    },
    {
      "type": "Feature",
      "properties": {
        "parcel_id": "parc_0123",
        "parcel_type": "residential",
        "owner_type": "private",
        "area_sq_m": 274.7,
        "restricted": false
      },
      "geometry": {
        "type": "Polygon",
        "coordinates": [
          [
            [
              77.68591179037678,
              12.697086829845652
            ],
            [
              77.68584721344989,
              12.697182001138861
            ],
            [
              77.6857286675258,
              12.69717753573145
            ],
            [
              77.68574321843735,
              12.697045768632941
            ],
            [
              77.68582854327961,
              12.697005991910359
            ],
            [
              77.68591179037678,
              12.697086829845652
            ]
          ]
        ]
      }
    },
    {
      "type": "Feature",
      "properties": {
        "parcel_id": "parc_0124",
        "parcel_type": "residential",
        "owner_type": "private",
        "area_sq_m": 600.8,
        "restricted": false
      },
      "geometry": {
        "type": "Polygon",
        "coordinates": [
          [
            [
              77.68771601677464,
              12.69618718838909
            ],
            [
              77.68760641611593,
              12.696287824399919
            ],
            [
              77.68743505971105,
              12.696237801103297
            ],
            [
              77.68744091838714,
              12.69609219487017
            ],
            [
              77.68760047480362,
              12.696022998462588
            ],
            [
              77.68771601677464,
              12.69618718838909
            ]
          ]
        ]
      }
    },
    {
      "type": "Feature",
      "properties": {
        "parcel_id": "parc_0125",
        "parcel_type": "residential",
        "owner_type": "private",
        "area_sq_m": 647.1,
        "restricted": false
      },
      "geometry": {
        "type": "Polygon",
        "coordinates": [
          [
            [
              77.68741377993211,
              12.696266633642475
            ],
            [
              77.68732212719651,
              12.696433696324545
            ],
            [
              77.68713581641879,
              12.696384075862253
            ],
            [
              77.68713314985249,
              12.696230714409765
            ],
            [
              77.6873174693318,
              12.696160155913507
            ],
            [
              77.68741377993211,
              12.696266633642475
            ]
          ]
        ]
      }
    },
    {
      "type": "Feature",
      "properties": {
        "parcel_id": "parc_0126",
        "parcel_type": "public",
        "owner_type": "government",
        "area_sq_m": 524.7,
        "restricted": false
      },
      "geometry": {
        "type": "Polygon",
        "coordinates": [
          [
            [
              77.6864630691878,
              12.696502870528294
            ],
            [
              77.68637309658278,
              12.696639210951277
            ],
            [
              77.68623404405893,
              12.696552520166806
            ],
            [
              77.68622642636986,
              12.69640148174191
            ],
            [
              77.68636821583773,
              12.696363176181348
            ],
            [
              77.6864630691878,
              12.696502870528294
            ]
          ]
        ]
      }
    },
    {
      "type": "Feature",
      "properties": {
        "parcel_id": "parc_0127",
        "parcel_type": "agricultural",
        "owner_type": "private",
        "area_sq_m": 290.3,
        "restricted": false
      },
      "geometry": {
        "type": "Polygon",
        "coordinates": [
          [
            [
              77.68686800022415,
              12.696718435118594
            ],
            [
              77.68681150408018,
              12.696799940724038
            ],
            [
              77.68668615444184,
              12.69679614589995
            ],
            [
              77.68669154032425,
              12.696677094571594
            ],
            [
              77.68681328052851,
              12.69661802962394
            ],
            [
              77.68686800022415,
              12.696718435118594
            ]
          ]
        ]
      }
    },
    {
      "type": "Feature",
      "properties": {
        "parcel_id": "parc_0128",
        "parcel_type": "commercial",
        "owner_type": "private",
        "area_sq_m": 338.2,
        "restricted": false
      },
      "geometry": {
        "type": "Polygon",
        "coordinates": [
          [
            [
              77.68793817333739,
              12.699653611355226
            ],
            [
              77.68788387191128,
              12.69978368951223
            ],
            [
              77.68775185448256,
              12.699711225830345
            ],
            [
              77.68775218628677,
              12.699617248516857
            ],
            [
              77.68789644865954,
              12.699557855340284
            ],
            [
              77.68793817333739,
              12.699653611355226
            ]
          ]
        ]
      }
    },
    {
      "type": "Feature",
      "properties": {
        "parcel_id": "parc_0129",
        "parcel_type": "agricultural",
        "owner_type": "private",
        "area_sq_m": 373.6,
        "restricted": false
      },
      "geometry": {
        "type": "Polygon",
        "coordinates": [
          [
            [
              77.6876166709826,
              12.697611130837299
            ],
            [
              77.6875432713199,
              12.697732939039545
            ],
            [
              77.68741359542625,
              12.69765602565887
            ],
            [
              77.68738853513895,
              12.697539152112363
            ],
            [
              77.68751427450576,
              12.697515936129788
            ],
            [
              77.6876166709826,
              12.697611130837299
            ]
          ]
        ]
      }
    },
    {
      "type": "Feature",
      "properties": {
        "parcel_id": "parc_0130",
        "parcel_type": "commercial",
        "owner_type": "private",
        "area_sq_m": 520.8,
        "restricted": false
      },
      "geometry": {
        "type": "Polygon",
        "coordinates": [
          [
            [
              77.68671714930352,
              12.699135012933015
            ],
            [
              77.68662117168206,
              12.699248536649995
            ],
            [
              77.68646973239048,
              12.69922273399017
            ],
            [
              77.68647239738988,
              12.699045445761202
            ],
            [
              77.68660945050053,
              12.699008850628607
            ],
            [
              77.68671714930352,
              12.699135012933015
            ]
          ]
        ]
      }
    },
    {
      "type": "Feature",
      "properties": {
        "parcel_id": "parc_0131",
        "parcel_type": "agricultural",
        "owner_type": "private",
        "area_sq_m": 329.9,
        "restricted": false
      },
      "geometry": {
        "type": "Polygon",
        "coordinates": [
          [
            [
              77.68809722280169,
              12.699659284313618
            ],
            [
              77.68803436030191,
              12.69976819774476
            ],
            [
              77.6879401776839,
              12.699726659116704
            ],
            [
              77.68791666206481,
              12.699576523728345
            ],
            [
              77.68803242122051,
              12.69954362207729
            ],
            [
              77.68809722280169,
              12.699659284313618
            ]
          ]
        ]
      }
    },
    {
      "type": "Feature",
      "properties": {
        "parcel_id": "parc_0132",
        "parcel_type": "residential",
        "owner_type": "private",
        "area_sq_m": 374.8,
        "restricted": false
      },
      "geometry": {
        "type": "Polygon",
        "coordinates": [
          [
            [
              77.68757933304197,
              12.697875659142229
            ],
            [
              77.68750224626919,
              12.697956720351003
            ],
            [
              77.68737846011481,
              12.697929495121379
            ],
            [
              77.68735453381207,
              12.697814379956228
            ],
            [
              77.68747541910682,
              12.69773923516854
            ],
            [
              77.68757933304197,
              12.697875659142229
            ]
          ]
        ]
      }
    },
    {
      "type": "Feature",
      "properties": {
        "parcel_id": "parc_0133",
        "parcel_type": "residential",
        "owner_type": "government",
        "area_sq_m": 435.6,
        "restricted": false
      },
      "geometry": {
        "type": "Polygon",
        "coordinates": [
          [
            [
              77.68827242152577,
              12.698150420724433
            ],
            [
              77.68816987190783,
              12.698300836572148
            ],
            [
              77.68803682529735,
              12.698248643085247
            ],
            [
              77.68804481901039,
              12.698111310293891
            ],
            [
              77.6881821945229,
              12.698074380228046
            ],
            [
              77.68827242152577,
              12.698150420724433
            ]
          ]
        ]
      }
    },
    {
      "type": "Feature",
      "properties": {
        "parcel_id": "parc_0134",
        "parcel_type": "residential",
        "owner_type": "government",
        "area_sq_m": 614.4,
        "restricted": false
      },
      "geometry": {
        "type": "Polygon",
        "coordinates": [
          [
            [
              77.6885364832609,
              12.698120127313501
            ],
            [
              77.6884464393223,
              12.69827765309892
            ],
            [
              77.68825133083146,
              12.698208313312096
            ],
            [
              77.68824559470899,
              12.698061945814375
            ],
            [
              77.68843308339554,
              12.698028921158883
            ],
            [
              77.6885364832609,
              12.698120127313501
            ]
          ]
        ]
      }
    },
    {
      "type": "Feature",
      "properties": {
        "parcel_id": "parc_0135",
        "parcel_type": "agricultural",
        "owner_type": "private",
        "area_sq_m": 366.9,
        "restricted": false
      },
      "geometry": {
        "type": "Polygon",
        "coordinates": [
          [
            [
              77.68716157636374,
              12.696639583711542
            ],
            [
              77.6870847728934,
              12.69672710182383
            ],
            [
              77.68694494674378,
              12.696673711608863
            ],
            [
              77.68694412317525,
              12.696553670141409
            ],
            [
              77.68706308063682,
              12.696521639631062
            ],
            [
              77.68716157636374,
              12.696639583711542
            ]
          ]
        ]
      }
    },
    {
      "type": "Feature",
      "properties": {
        "parcel_id": "parc_0136",
        "parcel_type": "agricultural",
        "owner_type": "private",
        "area_sq_m": 282.5,
        "restricted": false
      },
      "geometry": {
        "type": "Polygon",
        "coordinates": [
          [
            [
              77.68673551143866,
              12.69953213434568
            ],
            [
              77.6866728094642,
              12.699632785107704
            ],
            [
              77.6865552339532,
              12.699568376469294
            ],
            [
              77.68654764253948,
              12.69947810454649
            ],
            [
              77.68665878037984,
              12.699438556417844
            ],
            [
              77.68673551143866,
              12.69953213434568
            ]
          ]
        ]
      }
    },
    {
      "type": "Feature",
      "properties": {
        "parcel_id": "parc_0137",
        "parcel_type": "agricultural",
        "owner_type": "common",
        "area_sq_m": 645.0,
        "restricted": false
      },
      "geometry": {
        "type": "Polygon",
        "coordinates": [
          [
            [
              77.68866085154461,
              12.699827257536324
            ],
            [
              77.68851146945634,
              12.69996163996502
            ],
            [
              77.68834924642445,
              12.699912995987749
            ],
            [
              77.68837655624817,
              12.699754933433809
            ],
            [
              77.68853191073356,
              12.699693448357955
            ],
            [
              77.68866085154461,
              12.699827257536324
            ]
          ]
        ]
      }
    },
    {
      "type": "Feature",
      "properties": {
        "parcel_id": "parc_0138",
        "parcel_type": "residential",
        "owner_type": "private",
        "area_sq_m": 629.9,
        "restricted": false
      },
      "geometry": {
        "type": "Polygon",
        "coordinates": [
          [
            [
              77.69624354383721,
              12.686614508651623
            ],
            [
              77.69614077344157,
              12.686789779808288
            ],
            [
              77.69597767474148,
              12.686700459527016
            ],
            [
              77.69600913875705,
              12.686517275005487
            ],
            [
              77.69613214193144,
              12.686489476800952
            ],
            [
              77.69624354383721,
              12.686614508651623
            ]
          ]
        ]
      }
    },
    {
      "type": "Feature",
      "properties": {
        "parcel_id": "parc_0139",
        "parcel_type": "residential",
        "owner_type": "private",
        "area_sq_m": 647.7,
        "restricted": false
      },
      "geometry": {
        "type": "Polygon",
        "coordinates": [
          [
            [
              77.69636131136657,
              12.686582091437417
            ],
            [
              77.69623701187719,
              12.686704126981134
            ],
            [
              77.6960891248518,
              12.686629575047965
            ],
            [
              77.69608704557265,
              12.68648702998971
            ],
            [
              77.69622804575378,
              12.686393998894903
            ],
            [
              77.69636131136657,
              12.686582091437417
            ]
          ]
        ]
      }
    },
    {
      "type": "Feature",
      "properties": {
        "parcel_id": "parc_0140",
        "parcel_type": "residential",
        "owner_type": "private",
        "area_sq_m": 410.2,
        "restricted": false
      },
      "geometry": {
        "type": "Polygon",
        "coordinates": [
          [
            [
              77.7011127821911,
              12.686896556214702
            ],
            [
              77.70103422967662,
              12.686980200312696
            ],
            [
              77.70090716828624,
              12.686966665117476
            ],
            [
              77.70088636946645,
              12.686815336615277
            ],
            [
              77.70104458766752,
              12.686773512860736
            ],
            [
              77.7011127821911,
              12.686896556214702
            ]
          ]
        ]
      }
    },
    {
      "type": "Feature",
      "properties": {
        "parcel_id": "parc_0141",
        "parcel_type": "agricultural",
        "owner_type": "government",
        "area_sq_m": 368.9,
        "restricted": false
      },
      "geometry": {
        "type": "Polygon",
        "coordinates": [
          [
            [
              77.69821936943747,
              12.686831024235248
            ],
            [
              77.6981469642456,
              12.6869357210842
            ],
            [
              77.69803290524675,
              12.686894191815469
            ],
            [
              77.69802465739242,
              12.68675146652012
            ],
            [
              77.69814131423163,
              12.686707684374205
            ],
            [
              77.69821936943747,
              12.686831024235248
            ]
          ]
        ]
      }
    },
    {
      "type": "Feature",
      "properties": {
        "parcel_id": "parc_0142",
        "parcel_type": "residential",
        "owner_type": "private",
        "area_sq_m": 682.1,
        "restricted": false
      },
      "geometry": {
        "type": "Polygon",
        "coordinates": [
          [
            [
              77.69641934949972,
              12.686834908657579
            ],
            [
              77.69633530904376,
              12.68695694331161
            ],
            [
              77.69615054629132,
              12.686923507668217
            ],
            [
              77.69613143497052,
              12.686742846594518
            ],
            [
              77.69629272833997,
              12.686672456579736
            ],
            [
              77.69641934949972,
              12.686834908657579
            ]
          ]
        ]
      }
    },
    {
      "type": "Feature",
      "properties": {
        "parcel_id": "parc_0143",
        "parcel_type": "commercial",
        "owner_type": "private",
        "area_sq_m": 439.5,
        "restricted": false
      },
      "geometry": {
        "type": "Polygon",
        "coordinates": [
          [
            [
              77.698042789514,
              12.688738001517825
            ],
            [
              77.697941149861,
              12.68886688442138
            ],
            [
              77.69782117715167,
              12.6888399964527
            ],
            [
              77.69782110307416,
              12.688671274027902
            ],
            [
              77.6979460731618,
              12.688637866792638
            ],
            [
              77.698042789514,
              12.688738001517825
            ]
          ]
        ]
      }
    },
    {
      "type": "Feature",
      "properties": {
        "parcel_id": "parc_0144",
        "parcel_type": "residential",
        "owner_type": "government",
        "area_sq_m": 345.2,
        "restricted": false
      },
      "geometry": {
        "type": "Polygon",
        "coordinates": [
          [
            [
              77.69929363336632,
              12.688400987300911
            ],
            [
              77.69922119122032,
              12.688524160946898
            ],
            [
              77.69910418505768,
              12.688492823297896
            ],
            [
              77.69911395950388,
              12.688353563465968
            ],
            [
              77.69920258857607,
              12.688299750189573
            ],
            [
              77.69929363336632,
              12.688400987300911
            ]
          ]
        ]
      }
    },
    {
      "type": "Feature",
      "properties": {
        "parcel_id": "parc_0145",
        "parcel_type": "residential",
        "owner_type": "private",
        "area_sq_m": 332.3,
        "restricted": false
      },
      "geometry": {
        "type": "Polygon",
        "coordinates": [
          [
            [
              77.7002516813562,
              12.687376121455936
            ],
            [
              77.70018614518932,
              12.687459422731617
            ],
            [
              77.70008037828458,
              12.687416288343664
            ],
            [
              77.70004420608805,
              12.687303880067484
            ],
            [
              77.70019473340135,
              12.687252243531242
            ],
            [
              77.7002516813562,
              12.687376121455936
            ]
          ]
        ]
      }
    },
    {
      "type": "Feature",
      "properties": {
        "parcel_id": "parc_0146",
        "parcel_type": "commercial",
        "owner_type": "private",
        "area_sq_m": 314.4,
        "restricted": true
      },
      "geometry": {
        "type": "Polygon",
        "coordinates": [
          [
            [
              77.69831291082711,
              12.687336763601879
            ],
            [
              77.69826389616084,
              12.687430714751137
            ],
            [
              77.69814733818534,
              12.687365790319202
            ],
            [
              77.69811508575509,
              12.687272871858331
            ],
            [
              77.69827835909574,
              12.687221542584023
            ],
            [
              77.69831291082711,
              12.687336763601879
            ]
          ]
        ]
      }
    },
    {
      "type": "Feature",
      "properties": {
        "parcel_id": "parc_0147",
        "parcel_type": "commercial",
        "owner_type": "private",
        "area_sq_m": 473.3,
        "restricted": false
      },
      "geometry": {
        "type": "Polygon",
        "coordinates": [
          [
            [
              77.69772014741412,
              12.68705439759264
            ],
            [
              77.69764732590636,
              12.68717899254806
            ],
            [
              77.697492634738,
              12.687143159927267
            ],
            [
              77.69749196342859,
              12.68700240036166
            ],
            [
              77.69763423915904,
              12.686934655413886
            ],
            [
              77.69772014741412,
              12.68705439759264
            ]
          ]
        ]
      }
    },
    {
      "type": "Feature",
      "properties": {
        "parcel_id": "parc_0148",
        "parcel_type": "residential",
        "owner_type": "private",
        "area_sq_m": 524.1,
        "restricted": false
      },
      "geometry": {
        "type": "Polygon",
        "coordinates": [
          [
            [
              77.7005093062377,
              12.688105293757305
            ],
            [
              77.70039037861733,
              12.688227809105472
            ],
            [
              77.70027295284349,
              12.688197540771034
            ],
            [
              77.70026225238142,
              12.688034220606674
            ],
            [
              77.70040088210594,
              12.687962801523865
            ],
            [
              77.7005093062377,
              12.688105293757305
            ]
          ]
        ]
      }
    },
    {
      "type": "Feature",
      "properties": {
        "parcel_id": "parc_0149",
        "parcel_type": "residential",
        "owner_type": "private",
        "area_sq_m": 505.0,
        "restricted": false
      },
      "geometry": {
        "type": "Polygon",
        "coordinates": [
          [
            [
              77.69976912765031,
              12.688224664179385
            ],
            [
              77.69970053895953,
              12.688312801381715
            ],
            [
              77.69953209723788,
              12.688262124018507
            ],
            [
              77.6995540091501,
              12.68810629320776
            ],
            [
              77.69970508061671,
              12.688061430043893
            ],
            [
              77.69976912765031,
              12.688224664179385
            ]
          ]
        ]
      }
    },
    {
      "type": "Feature",
      "properties": {
        "parcel_id": "parc_0150",
        "parcel_type": "residential",
        "owner_type": "private",
        "area_sq_m": 304.9,
        "restricted": false
      },
      "geometry": {
        "type": "Polygon",
        "coordinates": [
          [
            [
              77.6965716187678,
              12.688375955107858
            ],
            [
              77.69647678691457,
              12.688463413389432
            ],
            [
              77.69638166640665,
              12.688449635052743
            ],
            [
              77.69637555908835,
              12.688320178714882
            ],
            [
              77.69648220037936,
              12.688274908932256
            ],
            [
              77.6965716187678,
              12.688375955107858
            ]
          ]
        ]
      }
    },
    {
      "type": "Feature",
      "properties": {
        "parcel_id": "parc_0151",
        "parcel_type": "residential",
        "owner_type": "private",
        "area_sq_m": 354.6,
        "restricted": false
      },
      "geometry": {
        "type": "Polygon",
        "coordinates": [
          [
            [
              77.69564856817286,
              12.686449336175055
            ],
            [
              77.6955608525068,
              12.686543402780785
            ],
            [
              77.69542389259938,
              12.686487399431496
            ],
            [
              77.69547259438995,
              12.686365914579275
            ],
            [
              77.6955723796333,
              12.686331794231352
            ],
            [
              77.69564856817286,
              12.686449336175055
            ]
          ]
        ]
      }
    },
    {
      "type": "Feature",
      "properties": {
        "parcel_id": "parc_0152",
        "parcel_type": "residential",
        "owner_type": "private",
        "area_sq_m": 477.5,
        "restricted": false
      },
      "geometry": {
        "type": "Polygon",
        "coordinates": [
          [
            [
              77.6995284881503,
              12.6863719020223
            ],
            [
              77.69942160236195,
              12.68653033157654
            ],
            [
              77.69930448942577,
              12.686457357642555
            ],
            [
              77.69930459894334,
              12.686335396877999
            ],
            [
              77.69947806813889,
              12.686257164647861
            ],
            [
              77.6995284881503,
              12.6863719020223
            ]
          ]
        ]
      }
    },
    {
      "type": "Feature",
      "properties": {
        "parcel_id": "parc_0153",
        "parcel_type": "residential",
        "owner_type": "government",
        "area_sq_m": 383.3,
        "restricted": false
      },
      "geometry": {
        "type": "Polygon",
        "coordinates": [
          [
            [
              77.70094689607895,
              12.687230343873578
            ],
            [
              77.70086027431883,
              12.687370470621701
            ],
            [
              77.70074495140221,
              12.68732384703704
            ],
            [
              77.70076019254505,
              12.68719038662987
            ],
            [
              77.70090029730999,
              12.687132036081993
            ],
            [
              77.70094689607895,
              12.687230343873578
            ]
          ]
        ]
      }
    },
    {
      "type": "Feature",
      "properties": {
        "parcel_id": "parc_0154",
        "parcel_type": "commercial",
        "owner_type": "private",
        "area_sq_m": 633.0,
        "restricted": false
      },
      "geometry": {
        "type": "Polygon",
        "coordinates": [
          [
            [
              77.69990363654983,
              12.686169839843231
            ],
            [
              77.69977143272388,
              12.686303193690756
            ],
            [
              77.69962647459106,
              12.686289117890604
            ],
            [
              77.69963344502099,
              12.686074438937315
            ],
            [
              77.69981814159786,
              12.686054912417141
            ],
            [
              77.69990363654983,
              12.686169839843231
            ]
          ]
        ]
      }
    },
    {
      "type": "Feature",
      "properties": {
        "parcel_id": "parc_0155",
        "parcel_type": "agricultural",
        "owner_type": "private",
        "area_sq_m": 550.6,
        "restricted": false
      },
      "geometry": {
        "type": "Polygon",
        "coordinates": [
          [
            [
              77.70021791732728,
              12.688236332394393
            ],
            [
              77.70009997158911,
              12.688333102406553
            ],
            [
              77.69998892811745,
              12.688297804945272
            ],
            [
              77.69992588758555,
              12.688148090694463
            ],
            [
              77.70012484815638,
              12.688083891343373
            ],
            [
              77.70021791732728,
              12.688236332394393
            ]
          ]
        ]
      }
    },
    {
      "type": "Feature",
      "properties": {
        "parcel_id": "parc_0156",
        "parcel_type": "commercial",
        "owner_type": "private",
        "area_sq_m": 294.6,
        "restricted": false
      },
      "geometry": {
        "type": "Polygon",
        "coordinates": [
          [
            [
              77.70095280595926,
              12.685894058652003
            ],
            [
              77.70088081058955,
              12.686004820702857
            ],
            [
              77.70076448777932,
              12.685963368979207
            ],
            [
              77.70078641641258,
              12.685849653886688
            ],
            [
              77.70089103584515,
              12.68580513696209
            ],
            [
              77.70095280595926,
              12.685894058652003
            ]
          ]
        ]
      }
    },
    {
      "type": "Feature",
      "properties": {
        "parcel_id": "parc_0157",
        "parcel_type": "agricultural",
        "owner_type": "private",
        "area_sq_m": 293.6,
        "restricted": false
      },
      "geometry": {
        "type": "Polygon",
        "coordinates": [
          [
            [
              77.69768363402383,
              12.687217775794856
            ],
            [
              77.69764094649429,
              12.687299221654182
            ],
            [
              77.69749748397118,
              12.687270669452875
            ],
            [
              77.69753969506753,
              12.687153034460263
            ],
            [
              77.69765876694011,
              12.687101770792703
            ],
            [
              77.69768363402383,
              12.687217775794856
            ]
          ]
        ]
      }
    },
    {
      "type": "Feature",
      "properties": {
        "parcel_id": "parc_0158",
        "parcel_type": "agricultural",
        "owner_type": "government",
        "area_sq_m": 669.7,
        "restricted": false
      },
      "geometry": {
        "type": "Polygon",
        "coordinates": [
          [
            [
              77.70021469296309,
              12.687084805552727
            ],
            [
              77.70010742175266,
              12.687209749627721
            ],
            [
              77.69994020035199,
              12.68713789306366
            ],
            [
              77.69993677369848,
              12.686970120899723
            ],
            [
              77.70012607210029,
              12.686926368376483
            ],
            [
              77.70021469296309,
              12.687084805552727
            ]
          ]
        ]
      }
    },
    {
      "type": "Feature",
      "properties": {
        "parcel_id": "parc_0159",
        "parcel_type": "residential",
        "owner_type": "private",
        "area_sq_m": 529.4,
        "restricted": false
      },
      "geometry": {
        "type": "Polygon",
        "coordinates": [
          [
            [
              77.699948327134,
              12.686693304294069
            ],
            [
              77.69987787066405,
              12.686828805911265
            ],
            [
              77.69970760260043,
              12.686766316575985
            ],
            [
              77.69970910017663,
              12.686610809677736
            ],
            [
              77.69984763004918,
              12.686570201694277
            ],
            [
              77.699948327134,
              12.686693304294069
            ]
          ]
        ]
      }
    },
    {
      "type": "Feature",
      "properties": {
        "parcel_id": "parc_0160",
        "parcel_type": "public",
        "owner_type": "government",
        "area_sq_m": 379.0,
        "restricted": false
      },
      "geometry": {
        "type": "Polygon",
        "coordinates": [
          [
            [
              77.69951005347258,
              12.68620793820233
            ],
            [
              77.69941245936735,
              12.68632845808653
            ],
            [
              77.69929259551819,
              12.686272782933047
            ],
            [
              77.69929214331492,
              12.686157575611936
            ],
            [
              77.69942558677644,
              12.686112452312432
            ],
            [
              77.69951005347258,
              12.68620793820233
            ]
          ]
        ]
      }
    },
    {
      "type": "Feature",
      "properties": {
        "parcel_id": "parc_0161",
        "parcel_type": "residential",
        "owner_type": "private",
        "area_sq_m": 380.5,
        "restricted": false
      },
      "geometry": {
        "type": "Polygon",
        "coordinates": [
          [
            [
              77.69814483147681,
              12.687055623962323
            ],
            [
              77.69804911718175,
              12.687151114068769
            ],
            [
              77.69795114722298,
              12.68710810965378
            ],
            [
              77.69791520601257,
              12.686978992464807
            ],
            [
              77.6980759154541,
              12.686939413670745
            ],
            [
              77.69814483147681,
              12.687055623962323
            ]
          ]
        ]
      }
    },
    {
      "type": "Feature",
      "properties": {
        "parcel_id": "parc_0162",
        "parcel_type": "agricultural",
        "owner_type": "private",
        "area_sq_m": 513.8,
        "restricted": false
      },
      "geometry": {
        "type": "Polygon",
        "coordinates": [
          [
            [
              77.69683275534537,
              12.687044116214535
            ],
            [
              77.69674280155286,
              12.687142514434846
            ],
            [
              77.69659927841708,
              12.687106865520615
            ],
            [
              77.69659018919018,
              12.686970451928044
            ],
            [
              77.69678061944332,
              12.686889574853812
            ],
            [
              77.69683275534537,
              12.687044116214535
            ]
          ]
        ]
      }
    },
    {
      "type": "Feature",
      "properties": {
        "parcel_id": "parc_0163",
        "parcel_type": "commercial",
        "owner_type": "common",
        "area_sq_m": 475.9,
        "restricted": false
      },
      "geometry": {
        "type": "Polygon",
        "coordinates": [
          [
            [
              77.69812952109034,
              12.68716286816705
            ],
            [
              77.6980276216877,
              12.687269430106413
            ],
            [
              77.69789343701294,
              12.687242935042859
            ],
            [
              77.6978783326012,
              12.687086126849186
            ],
            [
              77.69802225882594,
              12.687042400083502
            ],
            [
              77.69812952109034,
              12.68716286816705
            ]
          ]
        ]
      }
    },
    {
      "type": "Feature",
      "properties": {
        "parcel_id": "parc_0164",
        "parcel_type": "residential",
        "owner_type": "private",
        "area_sq_m": 347.3,
        "restricted": false
      },
      "geometry": {
        "type": "Polygon",
        "coordinates": [
          [
            [
              77.69944642067946,
              12.687539667195969
            ],
            [
              77.69932670672421,
              12.687647506811127
            ],
            [
              77.69923498309004,
              12.687602507800804
            ],
            [
              77.69922222230369,
              12.687489426382607
            ],
            [
              77.69936535942306,
              12.687448411535295
            ],
            [
              77.69944642067946,
              12.687539667195969
            ]
          ]
        ]
      }
    },
    {
      "type": "Feature",
      "properties": {
        "parcel_id": "parc_0165",
        "parcel_type": "residential",
        "owner_type": "government",
        "area_sq_m": 449.1,
        "restricted": false
      },
      "geometry": {
        "type": "Polygon",
        "coordinates": [
          [
            [
              77.69755450855438,
              12.686982142451031
            ],
            [
              77.69745349428658,
              12.687087302246452
            ],
            [
              77.69731691697737,
              12.687040010742226
            ],
            [
              77.69730799106529,
              12.686890252910644
            ],
            [
              77.69744741894594,
              12.686870587969967
            ],
            [
              77.69755450855438,
              12.686982142451031
            ]
          ]
        ]
      }
    },
    {
      "type": "Feature",
      "properties": {
        "parcel_id": "parc_0166",
        "parcel_type": "public",
        "owner_type": "government",
        "area_sq_m": 293.0,
        "restricted": false
      },
      "geometry": {
        "type": "Polygon",
        "coordinates": [
          [
            [
              77.6997504384396,
              12.686675405725468
            ],
            [
              77.69966870120895,
              12.686792296287193
            ],
            [
              77.69957826754008,
              12.686760457811879
            ],
            [
              77.69957887573369,
              12.68662780295857
            ],
            [
              77.69966754479385,
              12.68658475306232
            ],
            [
              77.6997504384396,
              12.686675405725468
            ]
          ]
        ]
      }
    },
    {
      "type": "Feature",
      "properties": {
        "parcel_id": "parc_0167",
        "parcel_type": "agricultural",
        "owner_type": "private",
        "area_sq_m": 561.7,
        "restricted": false
      },
      "geometry": {
        "type": "Polygon",
        "coordinates": [
          [
            [
              77.69861181541717,
              12.687231784346022
            ],
            [
              77.69852164324392,
              12.687406334494202
            ],
            [
              77.69838595828804,
              12.687340543878939
            ],
            [
              77.69836484057642,
              12.687177192136293
            ],
            [
              77.69849512402722,
              12.687115429954055
            ],
            [
              77.69861181541717,
              12.687231784346022
            ]
          ]
        ]
      }
    },
    {
      "type": "Feature",
      "properties": {
        "parcel_id": "parc_0168",
        "parcel_type": "residential",
        "owner_type": "government",
        "area_sq_m": 364.1,
        "restricted": false
      },
      "geometry": {
        "type": "Polygon",
        "coordinates": [
          [
            [
              77.69915788874232,
              12.686052778258064
            ],
            [
              77.6990932803475,
              12.686148085856244
            ],
            [
              77.69896601919395,
              12.686103511200896
            ],
            [
              77.69895729508815,
              12.685992238394043
            ],
            [
              77.69910669547599,
              12.68592613638782
            ],
            [
              77.69915788874232,
              12.686052778258064
            ]
          ]
        ]
      }
    },
    {
      "type": "Feature",
      "properties": {
        "parcel_id": "parc_0169",
        "parcel_type": "agricultural",
        "owner_type": "private",
        "area_sq_m": 596.1,
        "restricted": false
      },
      "geometry": {
        "type": "Polygon",
        "coordinates": [
          [
            [
              77.69921562274047,
              12.688948238687127
            ],
            [
              77.69912028367217,
              12.689053277638909
            ],
            [
              77.69894072670415,
              12.689024147114521
            ],
            [
              77.69897872714455,
              12.688854876731899
            ],
            [
              77.69913314303928,
              12.688782872295446
            ],
            [
              77.69921562274047,
              12.688948238687127
            ]
          ]
        ]
      }
    },
    {
      "type": "Feature",
      "properties": {
        "parcel_id": "parc_0170",
        "parcel_type": "commercial",
        "owner_type": "private",
        "area_sq_m": 382.0,
        "restricted": true
      },
      "geometry": {
        "type": "Polygon",
        "coordinates": [
          [
            [
              77.69766441774894,
              12.687131490486404
            ],
            [
              77.6975571009182,
              12.687212936010791
            ],
            [
              77.69746824409874,
              12.687209915312696
            ],
            [
              77.69743604523728,
              12.68706948233181
            ],
            [
              77.69760142058266,
              12.68700769490609
            ],
            [
              77.69766441774894,
              12.687131490486404
            ]
          ]
        ]
      }
    },
    {
      "type": "Feature",
      "properties": {
        "parcel_id": "parc_0171",
        "parcel_type": "residential",
        "owner_type": "private",
        "area_sq_m": 344.9,
        "restricted": false
      },
      "geometry": {
        "type": "Polygon",
        "coordinates": [
          [
            [
              77.69585009359045,
              12.686755427904583
            ],
            [
              77.69577915013129,
              12.686864963473104
            ],
            [
              77.69567427274305,
              12.686807284793737
            ],
            [
              77.6956446495567,
              12.686680258288291
            ],
            [
              77.69578750049895,
              12.686652069866412
            ],
            [
              77.69585009359045,
              12.686755427904583
            ]
          ]
        ]
      }
    },
    {
      "type": "Feature",
      "properties": {
        "parcel_id": "parc_0172",
        "parcel_type": "commercial",
        "owner_type": "private",
        "area_sq_m": 456.2,
        "restricted": false
      },
      "geometry": {
        "type": "Polygon",
        "coordinates": [
          [
            [
              77.6987907135334,
              12.687299525172163
            ],
            [
              77.6987092262892,
              12.687404839005142
            ],
            [
              77.6985334988511,
              12.687329375576795
            ],
            [
              77.69856243234229,
              12.687212289825673
            ],
            [
              77.69866623230527,
              12.687163723719546
            ],
            [
              77.6987907135334,
              12.687299525172163
            ]
          ]
        ]
      }
    },
    {
      "type": "Feature",
      "properties": {
        "parcel_id": "parc_0173",
        "parcel_type": "agricultural",
        "owner_type": "private",
        "area_sq_m": 459.4,
        "restricted": false
      },
      "geometry": {
        "type": "Polygon",
        "coordinates": [
          [
            [
              77.69715420389161,
              12.688303610467981
            ],
            [
              77.69706078392534,
              12.688443708507624
            ],
            [
              77.6969105496564,
              12.68836826683159
            ],
            [
              77.69692479450542,
              12.688235601230637
            ],
            [
              77.69704940328238,
              12.688206866602028
            ],
            [
              77.69715420389161,
              12.688303610467981
            ]
          ]
        ]
      }
    },
    {
      "type": "Feature",
      "properties": {
        "parcel_id": "parc_0174",
        "parcel_type": "agricultural",
        "owner_type": "private",
        "area_sq_m": 626.3,
        "restricted": false
      },
      "geometry": {
        "type": "Polygon",
        "coordinates": [
          [
            [
              77.69963335563871,
              12.687664816969097
            ],
            [
              77.69950802366701,
              12.687782826174544
            ],
            [
              77.69932453464072,
              12.687738770060367
            ],
            [
              77.69935502565028,
              12.687571983327574
            ],
            [
              77.69950210400147,
              12.687530386488353
            ],
            [
              77.69963335563871,
              12.687664816969097
            ]
          ]
        ]
      }
    },
    {
      "type": "Feature",
      "properties": {
        "parcel_id": "parc_0175",
        "parcel_type": "agricultural",
        "owner_type": "private",
        "area_sq_m": 398.2,
        "restricted": false
      },
      "geometry": {
        "type": "Polygon",
        "coordinates": [
          [
            [
              77.70093841373804,
              12.686792638279133
            ],
            [
              77.70086075515162,
              12.686911923065328
            ],
            [
              77.70071969291693,
              12.686895845872593
            ],
            [
              77.70073586833063,
              12.6867609793693
            ],
            [
              77.70084904881375,
              12.68668616215472
            ],
            [
              77.70093841373804,
              12.686792638279133
            ]
          ]
        ]
      }
    },
    {
      "type": "Feature",
      "properties": {
        "parcel_id": "parc_0176",
        "parcel_type": "residential",
        "owner_type": "government",
        "area_sq_m": 468.8,
        "restricted": false
      },
      "geometry": {
        "type": "Polygon",
        "coordinates": [
          [
            [
              77.69789671525923,
              12.686272465481874
            ],
            [
              77.69781063545977,
              12.6863971940706
            ],
            [
              77.69765782359255,
              12.686354537976161
            ],
            [
              77.69766856899746,
              12.686214615001592
            ],
            [
              77.69780150899457,
              12.686157082988109
            ],
            [
              77.69789671525923,
              12.686272465481874
            ]
          ]
        ]
      }
    },
    {
      "type": "Feature",
      "properties": {
        "parcel_id": "parc_0177",
        "parcel_type": "residential",
        "owner_type": "private",
        "area_sq_m": 336.4,
        "restricted": false
      },
      "geometry": {
        "type": "Polygon",
        "coordinates": [
          [
            [
              77.69890881264133,
              12.68616126615613
            ],
            [
              77.69882094038593,
              12.686272674068872
            ],
            [
              77.69873659374909,
              12.68623902131008
            ],
            [
              77.69871417021903,
              12.686092723838122
            ],
            [
              77.69883652861114,
              12.686057133430715
            ],
            [
              77.69890881264133,
              12.68616126615613
            ]
          ]
        ]
      }
    },
    {
      "type": "Feature",
      "properties": {
        "parcel_id": "parc_0178",
        "parcel_type": "residential",
        "owner_type": "private",
        "area_sq_m": 522.6,
        "restricted": false
      },
      "geometry": {
        "type": "Polygon",
        "coordinates": [
          [
            [
              77.69853646589499,
              12.688272370242952
            ],
            [
              77.69841878220876,
              12.688418436574496
            ],
            [
              77.69829571665113,
              12.688386537066188
            ],
            [
              77.69826573605667,
              12.688210049911412
            ],
            [
              77.69843433955431,
              12.688185356413722
            ],
            [
              77.69853646589499,
              12.688272370242952
            ]
          ]
        ]
      }
    },
    {
      "type": "Feature",
      "properties": {
        "parcel_id": "parc_0179",
        "parcel_type": "residential",
        "owner_type": "private",
        "area_sq_m": 631.5,
        "restricted": false
      },
      "geometry": {
        "type": "Polygon",
        "coordinates": [
          [
            [
              77.69849858256903,
              12.688477381388267
            ],
            [
              77.69841839269698,
              12.68861864032266
            ],
            [
              77.69824329629526,
              12.68858922803134
            ],
            [
              77.69826278573375,
              12.688370611622846
            ],
            [
              77.6983990711065,
              12.688339935362647
            ],
            [
              77.69849858256903,
              12.688477381388267
            ]
          ]
        ]
      }
    },
    {
      "type": "Feature",
      "properties": {
        "parcel_id": "parc_0180",
        "parcel_type": "agricultural",
        "owner_type": "private",
        "area_sq_m": 314.2,
        "restricted": false
      },
      "geometry": {
        "type": "Polygon",
        "coordinates": [
          [
            [
              77.69958990316854,
              12.687042159475919
            ],
            [
              77.69951569559063,
              12.687121430366625
            ],
            [
              77.69940246869062,
              12.687100241570958
            ],
            [
              77.69938913237347,
              12.686975182761493
            ],
            [
              77.6995258085978,
              12.686939876507257
            ],
            [
              77.69958990316854,
              12.687042159475919
            ]
          ]
        ]
      }
    },
    {
      "type": "Feature",
      "properties": {
        "parcel_id": "parc_0181",
        "parcel_type": "residential",
        "owner_type": "private",
        "area_sq_m": 653.1,
        "restricted": false
      },
      "geometry": {
        "type": "Polygon",
        "coordinates": [
          [
            [
              77.69906196163471,
              12.688840292822277
            ],
            [
              77.69896164749022,
              12.688987533375027
            ],
            [
              77.69879185047185,
              12.688897252598146
            ],
            [
              77.69877149305425,
              12.688754153657179
            ],
            [
              77.69897648381223,
              12.688704255487602
            ],
            [
              77.69906196163471,
              12.688840292822277
            ]
          ]
        ]
      }
    },
    {
      "type": "Feature",
      "properties": {
        "parcel_id": "parc_0182",
        "parcel_type": "residential",
        "owner_type": "private",
        "area_sq_m": 623.3,
        "restricted": false
      },
      "geometry": {
        "type": "Polygon",
        "coordinates": [
          [
            [
              77.69783622046525,
              12.686663206300286
            ],
            [
              77.69777915819427,
              12.686806190842375
            ],
            [
              77.6975833293278,
              12.686751611432245
            ],
            [
              77.69759327892396,
              12.686584058629093
            ],
            [
              77.69777136685364,
              12.68652451306762
            ],
            [
              77.69783622046525,
              12.686663206300286
            ]
          ]
        ]
      }
    },
    {
      "type": "Feature",
      "properties": {
        "parcel_id": "parc_0183",
        "parcel_type": "agricultural",
        "owner_type": "government",
        "area_sq_m": 274.9,
        "restricted": false
      },
      "geometry": {
        "type": "Polygon",
        "coordinates": [
          [
            [
              77.7006806248562,
              12.68604996373983
            ],
            [
              77.70059595644382,
              12.686158574485265
            ],
            [
              77.70049736280396,
              12.686133359618527
            ],
            [
              77.70049925561054,
              12.686007089527154
            ],
            [
              77.70061334541562,
              12.685985586688036
            ],
            [
              77.7006806248562,
              12.68604996373983
            ]
          ]
        ]
      }
    },
    {
      "type": "Feature",
      "properties": {
        "parcel_id": "parc_0184",
        "parcel_type": "residential",
        "owner_type": "private",
        "area_sq_m": 351.0,
        "restricted": false
      },
      "geometry": {
        "type": "Polygon",
        "coordinates": [
          [
            [
              77.69645374724611,
              12.687709829067405
            ],
            [
              77.69637649110047,
              12.687806070833181
            ],
            [
              77.6962520145048,
              12.687790820089004
            ],
            [
              77.69624314743447,
              12.687667033157615
            ],
            [
              77.69637722863311,
              12.68760823646972
            ],
            [
              77.69645374724611,
              12.687709829067405
            ]
          ]
        ]
      }
    },
    {
      "type": "Feature",
      "properties": {
        "parcel_id": "parc_0185",
        "parcel_type": "residential",
        "owner_type": "private",
        "area_sq_m": 537.7,
        "restricted": false
      },
      "geometry": {
        "type": "Polygon",
        "coordinates": [
          [
            [
              77.69665412196396,
              12.688493537359909
            ],
            [
              77.6965886467536,
              12.688639902260267
            ],
            [
              77.69641483439352,
              12.688579122897451
            ],
            [
              77.6964207571881,
              12.688430451913531
            ],
            [
              77.69656675202688,
              12.68837223714125
            ],
            [
              77.69665412196396,
              12.688493537359909
            ]
          ]
        ]
      }
    },
    {
      "type": "Feature",
      "properties": {
        "parcel_id": "parc_0186",
        "parcel_type": "agricultural",
        "owner_type": "private",
        "area_sq_m": 358.0,
        "restricted": false
      },
      "geometry": {
        "type": "Polygon",
        "coordinates": [
          [
            [
              77.6980945700191,
              12.687300481395171
            ],
            [
              77.69799961815592,
              12.687415030419631
            ],
            [
              77.69789058040557,
              12.687383560595546
            ],
            [
              77.69787526647711,
              12.68726639781257
            ],
            [
              77.69803383723843,
              12.687211444025568
            ],
            [
              77.6980945700191,
              12.687300481395171
            ]
          ]
        ]
      }
    },
    {
      "type": "Feature",
      "properties": {
        "parcel_id": "parc_0187",
        "parcel_type": "residential",
        "owner_type": "government",
        "area_sq_m": 586.5,
        "restricted": false
      },
      "geometry": {
        "type": "Polygon",
        "coordinates": [
          [
            [
              77.69881558080915,
              12.686554843791928
            ],
            [
              77.69872813115603,
              12.686682723004484
            ],
            [
              77.69858119965889,
              12.686661073757305
            ],
            [
              77.69856673764829,
              12.686479636217808
            ],
            [
              77.69875212570554,
              12.686413248554135
            ],
            [
              77.69881558080915,
              12.686554843791928
            ]
          ]
        ]
      }
    },
    {
      "type": "Feature",
      "properties": {
        "parcel_id": "parc_0188",
        "parcel_type": "residential",
        "owner_type": "private",
        "area_sq_m": 356.4,
        "restricted": false
      },
      "geometry": {
        "type": "Polygon",
        "coordinates": [
          [
            [
              77.69898636468025,
              12.687720384910566
            ],
            [
              77.69890692944047,
              12.687847699462836
            ],
            [
              77.69881680850466,
              12.68781122325175
            ],
            [
              77.69879325879431,
              12.687670690944953
            ],
            [
              77.69891059162589,
              12.68761019576302
            ],
            [
              77.69898636468025,
              12.687720384910566
            ]
          ]
        ]
      }
    },
    {
      "type": "Feature",
      "properties": {
        "parcel_id": "parc_0189",
        "parcel_type": "residential",
        "owner_type": "private",
        "area_sq_m": 574.0,
        "restricted": false
      },
      "geometry": {
        "type": "Polygon",
        "coordinates": [
          [
            [
              77.70011037703077,
              12.687324994366254
            ],
            [
              77.70000273242881,
              12.687465874153936
            ],
            [
              77.6998498245504,
              12.68742668304452
            ],
            [
              77.69983455610081,
              12.687249458028267
            ],
            [
              77.69999392524308,
              12.687221705029202
            ],
            [
              77.70011037703077,
              12.687324994366254
            ]
          ]
        ]
      }
    },
    {
      "type": "Feature",
      "properties": {
        "parcel_id": "parc_0190",
        "parcel_type": "agricultural",
        "owner_type": "private",
        "area_sq_m": 303.9,
        "restricted": false
      },
      "geometry": {
        "type": "Polygon",
        "coordinates": [
          [
            [
              77.69950371715177,
              12.68620496840676
            ],
            [
              77.69943060988771,
              12.686262193654935
            ],
            [
              77.69931113071398,
              12.686268117454054
            ],
            [
              77.69930568259377,
              12.686120970626225
            ],
            [
              77.6994348130169,
              12.686103850333629
            ],
            [
              77.69950371715177,
              12.68620496840676
            ]
          ]
        ]
      }
    },
    {
      "type": "Feature",
      "properties": {
        "parcel_id": "parc_0191",
        "parcel_type": "residential",
        "owner_type": "government",
        "area_sq_m": 601.1,
        "restricted": false
      },
      "geometry": {
        "type": "Polygon",
        "coordinates": [
          [
            [
              77.69836141281559,
              12.68711378586188
            ],
            [
              77.6982295309009,
              12.687237632275878
            ],
            [
              77.69806328699636,
              12.687200435743497
            ],
            [
              77.69808476193354,
              12.687029718650065
            ],
            [
              77.69822490762247,
              12.68698902803087
            ],
            [
              77.69836141281559,
              12.68711378586188
            ]
          ]
        ]
      }
    },
    {
      "type": "Feature",
      "properties": {
        "parcel_id": "parc_0192",
        "parcel_type": "agricultural",
        "owner_type": "private",
        "area_sq_m": 480.8,
        "restricted": false
      },
      "geometry": {
        "type": "Polygon",
        "coordinates": [
          [
            [
              77.69840229064664,
              12.687344860075461
            ],
            [
              77.69832849590951,
              12.68748847429084
            ],
            [
              77.69816335729344,
              12.68742593828618
            ],
            [
              77.69816447827097,
              12.687292774802565
            ],
            [
              77.69831575881544,
              12.687250286978967
            ],
            [
              77.69840229064664,
              12.687344860075461
            ]
          ]
        ]
      }
    },
    {
      "type": "Feature",
      "properties": {
        "parcel_id": "parc_0193",
        "parcel_type": "agricultural",
        "owner_type": "private",
        "area_sq_m": 724.5,
        "restricted": false
      },
      "geometry": {
        "type": "Polygon",
        "coordinates": [
          [
            [
              77.69744854617679,
              12.688975075685939
            ],
            [
              77.69738244155155,
              12.68911143632719
            ],
            [
              77.69719883287996,
              12.689063812014256
            ],
            [
              77.69717014029271,
              12.688841554938726
            ],
            [
              77.69732513883982,
              12.688803199154503
            ],
            [
              77.69744854617679,
              12.688975075685939
            ]
          ]
        ]
      }
    },
    {
      "type": "Feature",
      "properties": {
        "parcel_id": "parc_0194",
        "parcel_type": "agricultural",
        "owner_type": "private",
        "area_sq_m": 597.6,
        "restricted": false
      },
      "geometry": {
        "type": "Polygon",
        "coordinates": [
          [
            [
              77.69710987149665,
              12.688418438864304
            ],
            [
              77.69704820490198,
              12.68857631658235
            ],
            [
              77.69688127021283,
              12.688493110643792
            ],
            [
              77.69684748066747,
              12.688323562539503
            ],
            [
              77.69702205491966,
              12.688294304151459
            ],
            [
              77.69710987149665,
              12.688418438864304
            ]
          ]
        ]
      }
    },
    {
      "type": "Feature",
      "properties": {
        "parcel_id": "parc_0195",
        "parcel_type": "residential",
        "owner_type": "private",
        "area_sq_m": 489.8,
        "restricted": false
      },
      "geometry": {
        "type": "Polygon",
        "coordinates": [
          [
            [
              77.6972496105966,
              12.688945137401193
            ],
            [
              77.69717498111625,
              12.689054384130236
            ],
            [
              77.69702449144482,
              12.689060136508044
            ],
            [
              77.69703267610822,
              12.688844514253905
            ],
            [
              77.6971629887182,
              12.688831655976797
            ],
            [
              77.6972496105966,
              12.688945137401193
            ]
          ]
        ]
      }
    },
    {
      "type": "Feature",
      "properties": {
        "parcel_id": "parc_0196",
        "parcel_type": "residential",
        "owner_type": "government",
        "area_sq_m": 309.9,
        "restricted": false
      },
      "geometry": {
        "type": "Polygon",
        "coordinates": [
          [
            [
              77.69792618459921,
              12.688639143178705
            ],
            [
              77.69783900711076,
              12.688744784438809
            ],
            [
              77.69775321971312,
              12.68872429510948
            ],
            [
              77.69774627526604,
              12.688593888643164
            ],
            [
              77.69786031455612,
              12.688531890248143
            ],
            [
              77.69792618459921,
              12.688639143178705
            ]
          ]
        ]
      }
    },
    {
      "type": "Feature",
      "properties": {
        "parcel_id": "parc_0197",
        "parcel_type": "agricultural",
        "owner_type": "private",
        "area_sq_m": 369.3,
        "restricted": false
      },
      "geometry": {
        "type": "Polygon",
        "coordinates": [
          [
            [
              77.69781492810148,
              12.688407718101127
            ],
            [
              77.69774181961742,
              12.688535231947085
            ],
            [
              77.69762399846718,
              12.688475229869892
            ],
            [
              77.69763950914312,
              12.688323739006368
            ],
            [
              77.69775491736769,
              12.688306831077352
            ],
            [
              77.69781492810148,
              12.688407718101127
            ]
          ]
        ]
      }
    },
    {
      "type": "Feature",
      "properties": {
        "parcel_id": "parc_0198",
        "parcel_type": "commercial",
        "owner_type": "private",
        "area_sq_m": 345.0,
        "restricted": false
      },
      "geometry": {
        "type": "Polygon",
        "coordinates": [
          [
            [
              77.70008653527469,
              12.686149775853668
            ],
            [
              77.70000981667029,
              12.68623243521394
            ],
            [
              77.69988535855623,
              12.686188638208113
            ],
            [
              77.69987567966055,
              12.686084112275196
            ],
            [
              77.7000017486108,
              12.686024036498809
            ],
            [
              77.70008653527469,
              12.686149775853668
            ]
          ]
        ]
      }
    },
    {
      "type": "Feature",
      "properties": {
        "parcel_id": "parc_0199",
        "parcel_type": "residential",
        "owner_type": "private",
        "area_sq_m": 544.1,
        "restricted": false
      },
      "geometry": {
        "type": "Polygon",
        "coordinates": [
          [
            [
              77.69787266121651,
              12.686542963595755
            ],
            [
              77.69779020687153,
              12.6866730611922
            ],
            [
              77.69763776318611,
              12.686646481404988
            ],
            [
              77.6976474609339,
              12.686480074890595
            ],
            [
              77.69780218837349,
              12.68639802822384
            ],
            [
              77.69787266121651,
              12.686542963595755
            ]
          ]
        ]
      }
    },
    {
      "type": "Feature",
      "properties": {
        "parcel_id": "parc_0200",
        "parcel_type": "agricultural",
        "owner_type": "government",
        "area_sq_m": 633.9,
        "restricted": false
      },
      "geometry": {
        "type": "Polygon",
        "coordinates": [
          [
            [
              77.69848323819352,
              12.688417219767986
            ],
            [
              77.69833424414072,
              12.68855796932327
            ],
            [
              77.69821763111007,
              12.688503866745657
            ],
            [
              77.69820174810098,
              12.688331930885452
            ],
            [
              77.6983775600725,
              12.688273744013594
            ],
            [
              77.69848323819352,
              12.688417219767986
            ]
          ]
        ]
      }
    },
    {
      "type": "Feature",
      "properties": {
        "parcel_id": "parc_0201",
        "parcel_type": "public",
        "owner_type": "private",
        "area_sq_m": 354.6,
        "restricted": false
      },
      "geometry": {
        "type": "Polygon",
        "coordinates": [
          [
            [
              77.69718317157812,
              12.688400784597357
            ],
            [
              77.69711317932205,
              12.688509539529106
            ],
            [
              77.69695994939771,
              12.688474405676534
            ],
            [
              77.69698173867494,
              12.68836981258683
            ],
            [
              77.69708197493976,
              12.688302386057064
            ],
            [
              77.69718317157812,
              12.688400784597357
            ]
          ]
        ]
      }
    },
    {
      "type": "Feature",
      "properties": {
        "parcel_id": "parc_0202",
        "parcel_type": "agricultural",
        "owner_type": "private",
        "area_sq_m": 313.7,
        "restricted": false
      },
      "geometry": {
        "type": "Polygon",
        "coordinates": [
          [
            [
              77.69652822788983,
              12.687757128604353
            ],
            [
              77.69646742918937,
              12.687881999145839
            ],
            [
              77.69632331674087,
              12.687824271393062
            ],
            [
              77.69633728182077,
              12.687719791998191
            ],
            [
              77.69645712412088,
              12.687696403852838
            ],
            [
              77.69652822788983,
              12.687757128604353
            ]
          ]
        ]
      }
    },
    {
      "type": "Feature",
      "properties": {
        "parcel_id": "parc_0203",
        "parcel_type": "agricultural",
        "owner_type": "private",
        "area_sq_m": 535.0,
        "restricted": false
      },
      "geometry": {
        "type": "Polygon",
        "coordinates": [
          [
            [
              77.6996400224725,
              12.687196538042254
            ],
            [
              77.69953506649274,
              12.687292931285548
            ],
            [
              77.69939293510531,
              12.687274260402301
            ],
            [
              77.69939703178447,
              12.68711411815009
            ],
            [
              77.699533563111,
              12.687028985335102
            ],
            [
              77.6996400224725,
              12.687196538042254
            ]
          ]
        ]
      }
    },
    {
      "type": "Feature",
      "properties": {
        "parcel_id": "parc_0204",
        "parcel_type": "residential",
        "owner_type": "private",
        "area_sq_m": 420.3,
        "restricted": false
      },
      "geometry": {
        "type": "Polygon",
        "coordinates": [
          [
            [
              77.69779128242946,
              12.68778424431312
            ],
            [
              77.6976959121948,
              12.687890286926027
            ],
            [
              77.69758307535781,
              12.687862971597053
            ],
            [
              77.69758995003194,
              12.687682619372545
            ],
            [
              77.69772096895814,
              12.687666093006879
            ],
            [
              77.69779128242946,
              12.68778424431312
            ]
          ]
        ]
      }
    },
    {
      "type": "Feature",
      "properties": {
        "parcel_id": "parc_0205",
        "parcel_type": "commercial",
        "owner_type": "private",
        "area_sq_m": 339.1,
        "restricted": false
      },
      "geometry": {
        "type": "Polygon",
        "coordinates": [
          [
            [
              77.69761034951944,
              12.688657112815068
            ],
            [
              77.69754474123671,
              12.688761768685907
            ],
            [
              77.69740283774705,
              12.688732269786367
            ],
            [
              77.69739825012867,
              12.688613365208884
            ],
            [
              77.69751336907895,
              12.688574665729133
            ],
            [
              77.69761034951944,
              12.688657112815068
            ]
          ]
        ]
      }
    },
    {
      "type": "Feature",
      "properties": {
        "parcel_id": "parc_0206",
        "parcel_type": "residential",
        "owner_type": "government",
        "area_sq_m": 417.9,
        "restricted": false
      },
      "geometry": {
        "type": "Polygon",
        "coordinates": [
          [
            [
              77.69693496374983,
              12.686967415928041
            ],
            [
              77.69685680445227,
              12.687077013231438
            ],
            [
              77.69669688861296,
              12.68702296405386
            ],
            [
              77.69670005759082,
              12.686908285818141
            ],
            [
              77.69685772110479,
              12.686867231695041
            ],
            [
              77.69693496374983,
              12.686967415928041
            ]
          ]
        ]
      }
    },
    {
      "type": "Feature",
      "properties": {
        "parcel_id": "parc_0207",
        "parcel_type": "residential",
        "owner_type": "private",
        "area_sq_m": 485.2,
        "restricted": false
      },
      "geometry": {
        "type": "Polygon",
        "coordinates": [
          [
            [
              77.69658325952469,
              12.687675563790178
            ],
            [
              77.69646944152052,
              12.687815121632623
            ],
            [
              77.69635996911995,
              12.687736539771317
            ],
            [
              77.6963448442706,
              12.687577518060571
            ],
            [
              77.69648027830281,
              12.68755728202568
            ],
            [
              77.69658325952469,
              12.687675563790178
            ]
          ]
        ]
      }
    },
    {
      "type": "Feature",
      "properties": {
        "parcel_id": "parc_0208",
        "parcel_type": "residential",
        "owner_type": "private",
        "area_sq_m": 407.7,
        "restricted": false
      },
      "geometry": {
        "type": "Polygon",
        "coordinates": [
          [
            [
              77.698692663579,
              12.687437662897619
            ],
            [
              77.69860677022805,
              12.687538209622343
            ],
            [
              77.69846059774454,
              12.687473052675589
            ],
            [
              77.69844209724515,
              12.687353821693353
            ],
            [
              77.69858891187579,
              12.687332842139645
            ],
            [
              77.698692663579,
              12.687437662897619
            ]
          ]
        ]
      }
    },
    {
      "type": "Feature",
      "properties": {
        "parcel_id": "parc_0209",
        "parcel_type": "residential",
        "owner_type": "private",
        "area_sq_m": 352.1,
        "restricted": false
      },
      "geometry": {
        "type": "Polygon",
        "coordinates": [
          [
            [
              77.69772807558238,
              12.686994366588431
            ],
            [
              77.69765832727474,
              12.687109706755889
            ],
            [
              77.69753158337396,
              12.687049810738333
            ],
            [
              77.69754935195462,
              12.686953414045615
            ],
            [
              77.69764838636547,
              12.68686192021096
            ],
            [
              77.69772807558238,
              12.686994366588431
            ]
          ]
        ]
      }
    },
    {
      "type": "Feature",
      "properties": {
        "parcel_id": "parc_0210",
        "parcel_type": "residential",
        "owner_type": "government",
        "area_sq_m": 528.4,
        "restricted": false
      },
      "geometry": {
        "type": "Polygon",
        "coordinates": [
          [
            [
              77.6978216257709,
              12.688191446397326
            ],
            [
              77.69770231149698,
              12.688339204680696
            ],
            [
              77.69758041815552,
              12.688231585941265
            ],
            [
              77.69757188824914,
              12.688113637794865
            ],
            [
              77.69773487514475,
              12.688059823416594
            ],
            [
              77.6978216257709,
              12.688191446397326
            ]
          ]
        ]
      }
    },
    {
      "type": "Feature",
      "properties": {
        "parcel_id": "parc_0211",
        "parcel_type": "residential",
        "owner_type": "private",
        "area_sq_m": 473.9,
        "restricted": false
      },
      "geometry": {
        "type": "Polygon",
        "coordinates": [
          [
            [
              77.69933417394283,
              12.688282419483166
            ],
            [
              77.69924889702244,
              12.688386302383243
            ],
            [
              77.69910340339744,
              12.68831667780768
            ],
            [
              77.69907777569996,
              12.688211535053323
            ],
            [
              77.69923597400667,
              12.688135410852798
            ],
            [
              77.69933417394283,
              12.688282419483166
            ]
          ]
        ]
      }
    },
    {
      "type": "Feature",
      "properties": {
        "parcel_id": "parc_0212",
        "parcel_type": "agricultural",
        "owner_type": "private",
        "area_sq_m": 317.3,
        "restricted": false
      },
      "geometry": {
        "type": "Polygon",
        "coordinates": [
          [
            [
              77.69917623941313,
              12.688147445787955
            ],
            [
              77.69913503172272,
              12.68826891177272
            ],
            [
              77.69901577323367,
              12.688214534756215
            ],
            [
              77.69899513515757,
              12.688084800235442
            ],
            [
              77.69910624340879,
              12.68805376307228
            ],
            [
              77.69917623941313,
              12.688147445787955
            ]
          ]
        ]
      }
    },
    {
      "type": "Feature",
      "properties": {
        "parcel_id": "parc_0213",
        "parcel_type": "residential",
        "owner_type": "private",
        "area_sq_m": 343.6,
        "restricted": false
      },
      "geometry": {
        "type": "Polygon",
        "coordinates": [
          [
            [
              77.69755101536656,
              12.686283474364929
            ],
            [
              77.69744933797296,
              12.68639488503138
            ],
            [
              77.6973422906672,
              12.686374753598331
            ],
            [
              77.69734472741999,
              12.686229974154237
            ],
            [
              77.69747309713694,
              12.686206035045377
            ],
            [
              77.69755101536656,
              12.686283474364929
            ]
          ]
        ]
      }
    },
    {
      "type": "Feature",
      "properties": {
        "parcel_id": "parc_0214",
        "parcel_type": "residential",
        "owner_type": "common",
        "area_sq_m": 290.3,
        "restricted": false
      },
      "geometry": {
        "type": "Polygon",
        "coordinates": [
          [
            [
              77.69741058905494,
              12.686347084608919
            ],
            [
              77.69733953251881,
              12.68644554980868
            ],
            [
              77.69723030597827,
              12.686421299426666
            ],
            [
              77.69722778060854,
              12.686303310464735
            ],
            [
              77.69734260149754,
              12.686258659976398
            ],
            [
              77.69741058905494,
              12.686347084608919
            ]
          ]
        ]
      }
    },
    {
      "type": "Feature",
      "properties": {
        "parcel_id": "parc_0215",
        "parcel_type": "residential",
        "owner_type": "government",
        "area_sq_m": 539.7,
        "restricted": false
      },
      "geometry": {
        "type": "Polygon",
        "coordinates": [
          [
            [
              77.69754282263042,
              12.686532054433501
            ],
            [
              77.69745116824713,
              12.686705632498695
            ],
            [
              77.6973196137373,
              12.686624617417888
            ],
            [
              77.6973064420567,
              12.68644705133579
            ],
            [
              77.69746557638832,
              12.686434495530984
            ],
            [
              77.69754282263042,
              12.686532054433501
            ]
          ]
        ]
      }
    },
    {
      "type": "Feature",
      "properties": {
        "parcel_id": "parc_0216",
        "parcel_type": "agricultural",
        "owner_type": "private",
        "area_sq_m": 442.7,
        "restricted": false
      },
      "geometry": {
        "type": "Polygon",
        "coordinates": [
          [
            [
              77.69856913221774,
              12.687455212590399
            ],
            [
              77.69849307495049,
              12.687589975348097
            ],
            [
              77.69835343774767,
              12.687532281340392
            ],
            [
              77.69833923544836,
              12.687404373951239
            ],
            [
              77.69849070000687,
              12.687351015093654
            ],
            [
              77.69856913221774,
              12.687455212590399
            ]
          ]
        ]
      }
    },
    {
      "type": "Feature",
      "properties": {
        "parcel_id": "parc_0217",
        "parcel_type": "public",
        "owner_type": "private",
        "area_sq_m": 630.7,
        "restricted": false
      },
      "geometry": {
        "type": "Polygon",
        "coordinates": [
          [
            [
              77.69821738650302,
              12.688138082360751
            ],
            [
              77.69809380845118,
              12.688284291411076
            ],
            [
              77.69794444744804,
              12.688194586549383
            ],
            [
              77.69796114058951,
              12.6880256062492
            ],
            [
              77.69808082224444,
              12.687983388501168
            ],
            [
              77.69821738650302,
              12.688138082360751
            ]
          ]
        ]
      }
    },
    {
      "type": "Feature",
      "properties": {
        "parcel_id": "parc_0218",
        "parcel_type": "residential",
        "owner_type": "private",
        "area_sq_m": 552.2,
        "restricted": false
      },
      "geometry": {
        "type": "Polygon",
        "coordinates": [
          [
            [
              77.69917984602931,
              12.686187907936509
            ],
            [
              77.69908019368769,
              12.686306878239211
            ],
            [
              77.69893644990998,
              12.686262483725871
            ],
            [
              77.6989364289763,
              12.686110726291323
            ],
            [
              77.69911983718931,
              12.686040795941517
            ],
            [
              77.69917984602931,
              12.686187907936509
            ]
          ]
        ]
      }
    },
    {
      "type": "Feature",
      "properties": {
        "parcel_id": "parc_0219",
        "parcel_type": "residential",
        "owner_type": "private",
        "area_sq_m": 629.0,
        "restricted": false
      },
      "geometry": {
        "type": "Polygon",
        "coordinates": [
          [
            [
              77.69823118188428,
              12.688859614500029
            ],
            [
              77.6981085598871,
              12.688998175036575
            ],
            [
              77.69792769366117,
              12.68895281791629
            ],
            [
              77.69796256926017,
              12.688796678360278
            ],
            [
              77.69809974146673,
              12.688727018923506
            ],
            [
              77.69823118188428,
              12.688859614500029
            ]
          ]
        ]
      }
    },
    {
      "type": "Feature",
      "properties": {
        "parcel_id": "parc_0220",
        "parcel_type": "residential",
        "owner_type": "private",
        "area_sq_m": 448.2,
        "restricted": false
      },
      "geometry": {
        "type": "Polygon",
        "coordinates": [
          [
            [
              77.6970595567929,
              12.688050163586942
            ],
            [
              77.69695211593961,
              12.68817954598348
            ],
            [
              77.69684894410929,
              12.688148071524527
            ],
            [
              77.69682455015209,
              12.687992191571313
            ],
            [
              77.6969571636168,
              12.687936352888851
            ],
            [
              77.6970595567929,
              12.688050163586942
            ]
          ]
        ]
      }
    },
    {
      "type": "Feature",
      "properties": {
        "parcel_id": "parc_0221",
        "parcel_type": "residential",
        "owner_type": "common",
        "area_sq_m": 304.7,
        "restricted": false
      },
      "geometry": {
        "type": "Polygon",
        "coordinates": [
          [
            [
              77.699827914489,
              12.688819979903228
            ],
            [
              77.69972751987862,
              12.688903478612254
            ],
            [
              77.69963390184405,
              12.688890794324958
            ],
            [
              77.69963377385122,
              12.68877021764593
            ],
            [
              77.69976203639271,
              12.688715733107863
            ],
            [
              77.699827914489,
              12.688819979903228
            ]
          ]
        ]
      }
    },
    {
      "type": "Feature",
      "properties": {
        "parcel_id": "parc_0222",
        "parcel_type": "residential",
        "owner_type": "private",
        "area_sq_m": 641.5,
        "restricted": false
      },
      "geometry": {
        "type": "Polygon",
        "coordinates": [
          [
            [
              77.69955350538548,
              12.686672650303564
            ],
            [
              77.69943121380915,
              12.68681170858956
            ],
            [
              77.69926836817632,
              12.686784142214702
            ],
            [
              77.69930616394643,
              12.686582100558185
            ],
            [
              77.69945600943763,
              12.686537021801588
            ],
            [
              77.69955350538548,
              12.686672650303564
            ]
          ]
        ]
      }
    },
    {
      "type": "Feature",
      "properties": {
        "parcel_id": "parc_0223",
        "parcel_type": "residential",
        "owner_type": "private",
        "area_sq_m": 448.0,
        "restricted": true
      },
      "geometry": {
        "type": "Polygon",
        "coordinates": [
          [
            [
              77.69790749095267,
              12.68721474097066
            ],
            [
              77.69780834056039,
              12.687347032465098
            ],
            [
              77.69770330530187,
              12.6873044695228
            ],
            [
              77.69768896511628,
              12.68713378901677
            ],
            [
              77.69785601983803,
              12.687111176325534
            ],
            [
              77.69790749095267,
              12.68721474097066
            ]
          ]
        ]
      }
    },
    {
      "type": "Feature",
      "properties": {
        "parcel_id": "parc_0224",
        "parcel_type": "commercial",
        "owner_type": "government",
        "area_sq_m": 383.3,
        "restricted": false
      },
      "geometry": {
        "type": "Polygon",
        "coordinates": [
          [
            [
              77.70058536070682,
              12.687408052507614
            ],
            [
              77.70052185657303,
              12.687514251161804
            ],
            [
              77.70036372423557,
              12.68746522463373
            ],
            [
              77.70039466442078,
              12.687333918178071
            ],
            [
              77.70051838530172,
              12.687303448323998
            ],
            [
              77.70058536070682,
              12.687408052507614
            ]
          ]
        ]
      }
    },
    {
      "type": "Feature",
      "properties": {
        "parcel_id": "parc_0225",
        "parcel_type": "commercial",
        "owner_type": "private",
        "area_sq_m": 328.2,
        "restricted": false
      },
      "geometry": {
        "type": "Polygon",
        "coordinates": [
          [
            [
              77.70083161692345,
              12.686286720611376
            ],
            [
              77.70074267509865,
              12.686381183707777
            ],
            [
              77.70065123704094,
              12.686343339979235
            ],
            [
              77.70063912573721,
              12.686226833673762
            ],
            [
              77.70077743049464,
              12.686168206375859
            ],
            [
              77.70083161692345,
              12.686286720611376
            ]
          ]
        ]
      }
    },
    {
      "type": "Feature",
      "properties": {
        "parcel_id": "parc_0226",
        "parcel_type": "residential",
        "owner_type": "common",
        "area_sq_m": 645.3,
        "restricted": false
      },
      "geometry": {
        "type": "Polygon",
        "coordinates": [
          [
            [
              77.69713584031159,
              12.686271552558956
            ],
            [
              77.69702627870181,
              12.686409897622259
            ],
            [
              77.69683759404911,
              12.686367036963116
            ],
            [
              77.6968262957376,
              12.686204289419008
            ],
            [
              77.6970041884801,
              12.68616432914935
            ],
            [
              77.69713584031159,
              12.686271552558956
            ]
          ]
        ]
      }
    },
    {
      "type": "Feature",
      "properties": {
        "parcel_id": "parc_0227",
        "parcel_type": "residential",
        "owner_type": "private",
        "area_sq_m": 719.0,
        "restricted": false
      },
      "geometry": {
        "type": "Polygon",
        "coordinates": [
          [
            [
              77.70041153006507,
              12.686839071459818
            ],
            [
              77.70027114715404,
              12.686956468977224
            ],
            [
              77.70010361939565,
              12.686910138353918
            ],
            [
              77.70009064892045,
              12.686760753050145
            ],
            [
              77.70031065033128,
              12.686678505374806
            ],
            [
              77.70041153006507,
              12.686839071459818
            ]
          ]
        ]
      }
    },
    {
      "type": "Feature",
      "properties": {
        "parcel_id": "parc_0228",
        "parcel_type": "agricultural",
        "owner_type": "private",
        "area_sq_m": 393.2,
        "restricted": false
      },
      "geometry": {
        "type": "Polygon",
        "coordinates": [
          [
            [
              77.6955110229989,
              12.687041523150876
            ],
            [
              77.69542826965296,
              12.687151381465672
            ],
            [
              77.69529845889565,
              12.687107477594253
            ],
            [
              77.69531731059043,
              12.68696184353894
            ],
            [
              77.6954178721425,
              12.686919466820067
            ],
            [
              77.6955110229989,
              12.687041523150876
            ]
          ]
        ]
      }
    },
    {
      "type": "Feature",
      "properties": {
        "parcel_id": "parc_0229",
        "parcel_type": "residential",
        "owner_type": "private",
        "area_sq_m": 568.7,
        "restricted": false
      },
      "geometry": {
        "type": "Polygon",
        "coordinates": [
          [
            [
              77.69997316588079,
              12.688634233305276
            ],
            [
              77.69988365954428,
              12.688764273768875
            ],
            [
              77.69971861417027,
              12.688695979711296
            ],
            [
              77.69970919383006,
              12.688563341669944
            ],
            [
              77.69986401564898,
              12.68848977071623
            ],
            [
              77.69997316588079,
              12.688634233305276
            ]
          ]
        ]
      }
    },
    {
      "type": "Feature",
      "properties": {
        "parcel_id": "parc_0230",
        "parcel_type": "commercial",
        "owner_type": "private",
        "area_sq_m": 517.3,
        "restricted": false
      },
      "geometry": {
        "type": "Polygon",
        "coordinates": [
          [
            [
              77.69740082802353,
              12.687030433451486
            ],
            [
              77.69731744470599,
              12.687173533847377
            ],
            [
              77.69714258404666,
              12.68709428651292
            ],
            [
              77.69720133321103,
              12.686949086906735
            ],
            [
              77.69733778535316,
              12.686911491842999
            ],
            [
              77.69740082802353,
              12.687030433451486
            ]
          ]
        ]
      }
    },
    {
      "type": "Feature",
      "properties": {
        "parcel_id": "parc_0231",
        "parcel_type": "agricultural",
        "owner_type": "private",
        "area_sq_m": 298.9,
        "restricted": false
      },
      "geometry": {
        "type": "Polygon",
        "coordinates": [
          [
            [
              77.69923250842535,
              12.686856815943415
            ],
            [
              77.69918340590928,
              12.686923260428696
            ],
            [
              77.69907618698493,
              12.686905495958477
            ],
            [
              77.69903124916722,
              12.686777516521644
            ],
            [
              77.69915646341471,
              12.686735813824436
            ],
            [
              77.69923250842535,
              12.686856815943415
            ]
          ]
        ]
      }
    },
    {
      "type": "Feature",
      "properties": {
        "parcel_id": "parc_0232",
        "parcel_type": "agricultural",
        "owner_type": "government",
        "area_sq_m": 462.5,
        "restricted": false
      },
      "geometry": {
        "type": "Polygon",
        "coordinates": [
          [
            [
              77.69976718909476,
              12.686324490752137
            ],
            [
              77.69968425670027,
              12.686423578530052
            ],
            [
              77.69953717012902,
              12.68643013458262
            ],
            [
              77.69954163670499,
              12.686242725100572
            ],
            [
              77.69966318348621,
              12.686205147742202
            ],
            [
              77.69976718909476,
              12.686324490752137
            ]
          ]
        ]
      }
    },
    {
      "type": "Feature",
      "properties": {
        "parcel_id": "parc_0233",
        "parcel_type": "residential",
        "owner_type": "common",
        "area_sq_m": 489.9,
        "restricted": false
      },
      "geometry": {
        "type": "Polygon",
        "coordinates": [
          [
            [
              77.69851705514044,
              12.686967576576865
            ],
            [
              77.69842703188492,
              12.687076184265242
            ],
            [
              77.6982726999263,
              12.687040776219478
            ],
            [
              77.69827335381653,
              12.686886636188794
            ],
            [
              77.69841551805438,
              12.686843764780074
            ],
            [
              77.69851705514044,
              12.686967576576865
            ]
          ]
        ]
      }
    },
    {
      "type": "Feature",
      "properties": {
        "parcel_id": "parc_0234",
        "parcel_type": "residential",
        "owner_type": "private",
        "area_sq_m": 347.7,
        "restricted": false
      },
      "geometry": {
        "type": "Polygon",
        "coordinates": [
          [
            [
              77.69652983278995,
              12.687956355691664
            ],
            [
              77.69642775511645,
              12.688056856767036
            ],
            [
              77.6963266570703,
              12.688021334058757
            ],
            [
              77.69630108586756,
              12.687911668861783
            ],
            [
              77.69645830945714,
              12.68786057820882
            ],
            [
              77.69652983278995,
              12.687956355691664
            ]
          ]
        ]
      }
    },
    {
      "type": "Feature",
      "properties": {
        "parcel_id": "parc_0235",
        "parcel_type": "residential",
        "owner_type": "private",
        "area_sq_m": 638.1,
        "restricted": false
      },
      "geometry": {
        "type": "Polygon",
        "coordinates": [
          [
            [
              77.69912276893609,
              12.68742976703177
            ],
            [
              77.69902397334259,
              12.687548686780573
            ],
            [
              77.69884024363888,
              12.6875082145445
            ],
            [
              77.69888890023216,
              12.68733142037475
            ],
            [
              77.69902823150615,
              12.687254873682555
            ],
            [
              77.69912276893609,
              12.68742976703177
            ]
          ]
        ]
      }
    },
    {
      "type": "Feature",
      "properties": {
        "parcel_id": "parc_0236",
        "parcel_type": "commercial",
        "owner_type": "private",
        "area_sq_m": 342.2,
        "restricted": false
      },
      "geometry": {
        "type": "Polygon",
        "coordinates": [
          [
            [
              77.69741156630293,
              12.686621650620033
            ],
            [
              77.69731707184764,
              12.686719905984903
            ],
            [
              77.69721441019787,
              12.686685794319727
            ],
            [
              77.69722007104255,
              12.686541219984793
            ],
            [
              77.69733499104032,
              12.686515841400102
            ],
            [
              77.69741156630293,
              12.686621650620033
            ]
          ]
        ]
      }
    },
    {
      "type": "Feature",
      "properties": {
        "parcel_id": "parc_0237",
        "parcel_type": "residential",
        "owner_type": "private",
        "area_sq_m": 577.9,
        "restricted": true
      },
      "geometry": {
        "type": "Polygon",
        "coordinates": [
          [
            [
              77.69626486883416,
              12.688204206816758
            ],
            [
              77.69614985095785,
              12.688322832012592
            ],
            [
              77.69600536166077,
              12.688232485305766
            ],
            [
              77.6959992847862,
              12.688113127499147
            ],
            [
              77.69613997819786,
              12.68802909900686
            ],
            [
              77.69626486883416,
              12.688204206816758
            ]
          ]
        ]
      }
    },
    {
      "type": "Feature",
      "properties": {
        "parcel_id": "parc_0238",
        "parcel_type": "residential",
        "owner_type": "government",
        "area_sq_m": 483.7,
        "restricted": false
      },
      "geometry": {
        "type": "Polygon",
        "coordinates": [
          [
            [
              77.70098438638364,
              12.687140484806285
            ],
            [
              77.70091284944216,
              12.687280874112796
            ],
            [
              77.70076499721199,
              12.68724443853342
            ],
            [
              77.7007548547409,
              12.687056494628992
            ],
            [
              77.70088260902394,
              12.687047196808086
            ],
            [
              77.70098438638364,
              12.687140484806285
            ]
          ]
        ]
      }
    },
    {
      "type": "Feature",
      "properties": {
        "parcel_id": "parc_0239",
        "parcel_type": "residential",
        "owner_type": "private",
        "area_sq_m": 299.7,
        "restricted": false
      },
      "geometry": {
        "type": "Polygon",
        "coordinates": [
          [
            [
              77.70129723872469,
              12.685840639622034
            ],
            [
              77.70124667817065,
              12.68594091798159
            ],
            [
              77.70109634474403,
              12.685893126081368
            ],
            [
              77.70113026545684,
              12.685791611065918
            ],
            [
              77.70124916169519,
              12.685751375722994
            ],
            [
              77.70129723872469,
              12.685840639622034
            ]
          ]
        ]
      }
    },
    {
      "type": "Feature",
      "properties": {
        "parcel_id": "parc_0240",
        "parcel_type": "residential",
        "owner_type": "government",
        "area_sq_m": 486.2,
        "restricted": false
      },
      "geometry": {
        "type": "Polygon",
        "coordinates": [
          [
            [
              77.69693738432427,
              12.687937225842436
            ],
            [
              77.69686381083072,
              12.688025402288975
            ],
            [
              77.69669269089009,
              12.687996804200763
            ],
            [
              77.69672590728935,
              12.687838216820463
            ],
            [
              77.69686371920228,
              12.687784969639708
            ],
            [
              77.69693738432427,
              12.687937225842436
            ]
          ]
        ]
      }
    },
    {
      "type": "Feature",
      "properties": {
        "parcel_id": "parc_0241",
        "parcel_type": "residential",
        "owner_type": "government",
        "area_sq_m": 330.9,
        "restricted": false
      },
      "geometry": {
        "type": "Polygon",
        "coordinates": [
          [
            [
              77.69941605648805,
              12.68673314785128
            ],
            [
              77.69937108859206,
              12.686826241619645
            ],
            [
              77.69921356197142,
              12.686789200279396
            ],
            [
              77.69921305200447,
              12.686674397203278
            ],
            [
              77.69936300795011,
              12.686648311840637
            ],
            [
              77.69941605648805,
              12.68673314785128
            ]
          ]
        ]
      }
    },
    {
      "type": "Feature",
      "properties": {
        "parcel_id": "parc_0242",
        "parcel_type": "residential",
        "owner_type": "private",
        "area_sq_m": 394.6,
        "restricted": false
      },
      "geometry": {
        "type": "Polygon",
        "coordinates": [
          [
            [
              77.6964694682741,
              12.687405744642655
            ],
            [
              77.69636034190343,
              12.687503704138354
            ],
            [
              77.69625477379658,
              12.68748155148157
            ],
            [
              77.69626010447939,
              12.687343150042974
            ],
            [
              77.69639750244538,
              12.68727925086292
            ],
            [
              77.6964694682741,
              12.687405744642655
            ]
          ]
        ]
      }
    },
    {
      "type": "Feature",
      "properties": {
        "parcel_id": "parc_0243",
        "parcel_type": "agricultural",
        "owner_type": "government",
        "area_sq_m": 459.8,
        "restricted": false
      },
      "geometry": {
        "type": "Polygon",
        "coordinates": [
          [
            [
              77.69773200278317,
              12.687895766572279
            ],
            [
              77.69769303783015,
              12.688047950692491
            ],
            [
              77.69752788646426,
              12.687972155442223
            ],
            [
              77.69752517384968,
              12.687823625795572
            ],
            [
              77.69766915545081,
              12.687796371041689
            ],
            [
              77.69773200278317,
              12.687895766572279
            ]
          ]
        ]
      }
    },
    {
      "type": "Feature",
      "properties": {
        "parcel_id": "parc_0244",
        "parcel_type": "commercial",
        "owner_type": "private",
        "area_sq_m": 386.8,
        "restricted": false
      },
      "geometry": {
        "type": "Polygon",
        "coordinates": [
          [
            [
              77.69978064146555,
              12.687047494875335
            ],
            [
              77.69970873379559,
              12.687161611376613
            ],
            [
              77.69956421956101,
              12.687119824366341
            ],
            [
              77.69957469364694,
              12.6869807944403
            ],
            [
              77.69968847162009,
              12.686949845222484
            ],
            [
              77.69978064146555,
              12.687047494875335
            ]
          ]
        ]
      }
    },
    {
      "type": "Feature",
      "properties": {
        "parcel_id": "parc_0245",
        "parcel_type": "residential",
        "owner_type": "private",
        "area_sq_m": 477.2,
        "restricted": false
      },
      "geometry": {
        "type": "Polygon",
        "coordinates": [
          [
            [
              77.69925559952793,
              12.686289678048848
            ],
            [
              77.69916697477115,
              12.68642605342006
            ],
            [
              77.69901665309145,
              12.686401739113446
            ],
            [
              77.69903999597793,
              12.686252692680826
            ],
            [
              77.69917124027545,
              12.686174061706348
            ],
            [
              77.69925559952793,
              12.686289678048848
            ]
          ]
        ]
      }
    },
    {
      "type": "Feature",
      "properties": {
        "parcel_id": "parc_0246",
        "parcel_type": "residential",
        "owner_type": "private",
        "area_sq_m": 504.7,
        "restricted": false
      },
      "geometry": {
        "type": "Polygon",
        "coordinates": [
          [
            [
              77.6983145158056,
              12.68771157811532
            ],
            [
              77.6982120299711,
              12.687797578077324
            ],
            [
              77.69809129799876,
              12.687788469381687
            ],
            [
              77.69807320807816,
              12.687602032483944
            ],
            [
              77.69824772473639,
              12.687566878090754
            ],
            [
              77.6983145158056,
              12.68771157811532
            ]
          ]
        ]
      }
    },
    {
      "type": "Feature",
      "properties": {
        "parcel_id": "parc_0247",
        "parcel_type": "residential",
        "owner_type": "private",
        "area_sq_m": 427.4,
        "restricted": false
      },
      "geometry": {
        "type": "Polygon",
        "coordinates": [
          [
            [
              77.69760527289151,
              12.687574024886619
            ],
            [
              77.69748825088074,
              12.687702737798304
            ],
            [
              77.69736459597905,
              12.68767059702914
            ],
            [
              77.69736611588202,
              12.687523008293866
            ],
            [
              77.6975204073228,
              12.687496007993568
            ],
            [
              77.69760527289151,
              12.687574024886619
            ]
          ]
        ]
      }
    },
    {
      "type": "Feature",
      "properties": {
        "parcel_id": "parc_0248",
        "parcel_type": "residential",
        "owner_type": "private",
        "area_sq_m": 314.9,
        "restricted": false
      },
      "geometry": {
        "type": "Polygon",
        "coordinates": [
          [
            [
              77.70087612281459,
              12.687177988735744
            ],
            [
              77.7007831408211,
              12.687268624000433
            ],
            [
              77.70067200873203,
              12.687224363822587
            ],
            [
              77.70069428185364,
              12.687098138054795
            ],
            [
              77.7007898913029,
              12.687073032435487
            ],
            [
              77.70087612281459,
              12.687177988735744
            ]
          ]
        ]
      }
    },
    {
      "type": "Feature",
      "properties": {
        "parcel_id": "parc_0249",
        "parcel_type": "agricultural",
        "owner_type": "private",
        "area_sq_m": 359.5,
        "restricted": false
      },
      "geometry": {
        "type": "Polygon",
        "coordinates": [
          [
            [
              77.69781806193303,
              12.686211762478946
            ],
            [
              77.69770695056107,
              12.686337510417928
            ],
            [
              77.69759421415911,
              12.686272989207486
            ],
            [
              77.69761703351004,
              12.686157619366718
            ],
            [
              77.6977317840419,
              12.686125961006114
            ],
            [
              77.69781806193303,
              12.686211762478946
            ]
          ]
        ]
      }
    },
    {
      "type": "Feature",
      "properties": {
        "parcel_id": "parc_0250",
        "parcel_type": "agricultural",
        "owner_type": "private",
        "area_sq_m": 369.7,
        "restricted": false
      },
      "geometry": {
        "type": "Polygon",
        "coordinates": [
          [
            [
              77.6996622294893,
              12.688859041435805
            ],
            [
              77.699568612905,
              12.688995001932742
            ],
            [
              77.69945958710827,
              12.688940733947373
            ],
            [
              77.69943439702209,
              12.688809597243875
            ],
            [
              77.699543546705,
              12.688782898823652
            ],
            [
              77.6996622294893,
              12.688859041435805
            ]
          ]
        ]
      }
    },
    {
      "type": "Feature",
      "properties": {
        "parcel_id": "parc_0251",
        "parcel_type": "residential",
        "owner_type": "private",
        "area_sq_m": 367.9,
        "restricted": false
      },
      "geometry": {
        "type": "Polygon",
        "coordinates": [
          [
            [
              77.69854662141464,
              12.687379753787923
            ],
            [
              77.69848512773726,
              12.68745502227948
            ],
            [
              77.69837322715546,
              12.68743781715519
            ],
            [
              77.69834683169718,
              12.687284085735897
            ],
            [
              77.69847251116065,
              12.687233938291449
            ],
            [
              77.69854662141464,
              12.687379753787923
            ]
          ]
        ]
      }
    },
    {
      "type": "Feature",
      "properties": {
        "parcel_id": "parc_0252",
        "parcel_type": "residential",
        "owner_type": "private",
        "area_sq_m": 578.7,
        "restricted": false
      },
      "geometry": {
        "type": "Polygon",
        "coordinates": [
          [
            [
              77.70002795423127,
              12.687731967968322
            ],
            [
              77.69994401133467,
              12.68789058547272
            ],
            [
              77.69976199695829,
              12.687815378948702
            ],
            [
              77.6997950514386,
              12.687677615279568
            ],
            [
              77.69995174325592,
              12.687607385308382
            ],
            [
              77.70002795423127,
              12.687731967968322
            ]
          ]
        ]
      }
    },
    {
      "type": "Feature",
      "properties": {
        "parcel_id": "parc_0253",
        "parcel_type": "agricultural",
        "owner_type": "private",
        "area_sq_m": 692.0,
        "restricted": false
      },
      "geometry": {
        "type": "Polygon",
        "coordinates": [
          [
            [
              77.69996758481088,
              12.686920621652916
            ],
            [
              77.6998849356722,
              12.687082816419736
            ],
            [
              77.69965046808451,
              12.687018648759654
            ],
            [
              77.69970027089856,
              12.68683998591653
            ],
            [
              77.69985537765506,
              12.686822346992507
            ],
            [
              77.69996758481088,
              12.686920621652916
            ]
          ]
        ]
      }
    },
    {
      "type": "Feature",
      "properties": {
        "parcel_id": "parc_0254",
        "parcel_type": "agricultural",
        "owner_type": "government",
        "area_sq_m": 321.5,
        "restricted": true
      },
      "geometry": {
        "type": "Polygon",
        "coordinates": [
          [
            [
              77.69938974373184,
              12.686306908871428
            ],
            [
              77.69932644028552,
              12.686402660097647
            ],
            [
              77.69919485762587,
              12.686354028127239
            ],
            [
              77.69919600551779,
              12.686266151904924
            ],
            [
              77.69933741367636,
              12.686195568114679
            ],
            [
              77.69938974373184,
              12.686306908871428
            ]
          ]
        ]
      }
    },
    {
      "type": "Feature",
      "properties": {
        "parcel_id": "parc_0255",
        "parcel_type": "commercial",
        "owner_type": "private",
        "area_sq_m": 331.1,
        "restricted": false
      },
      "geometry": {
        "type": "Polygon",
        "coordinates": [
          [
            [
              77.69841518514018,
              12.686742557794622
            ],
            [
              77.69833923799476,
              12.68686247407128
            ],
            [
              77.69820704713722,
              12.686807086145269
            ],
            [
              77.69822519473699,
              12.686694301171775
            ],
            [
              77.69835501581203,
              12.686667350013959
            ],
            [
              77.69841518514018,
              12.686742557794622
            ]
          ]
        ]
      }
    },
    {
      "type": "Feature",
      "properties": {
        "parcel_id": "parc_0256",
        "parcel_type": "agricultural",
        "owner_type": "private",
        "area_sq_m": 554.3,
        "restricted": false
      },
      "geometry": {
        "type": "Polygon",
        "coordinates": [
          [
            [
              77.70055108613975,
              12.68627402798055
            ],
            [
              77.70049347997835,
              12.68638172209626
            ],
            [
              77.70030660053412,
              12.686322128848513
            ],
            [
              77.70029987460651,
              12.686161569120072
            ],
            [
              77.70044206467458,
              12.686118370536038
            ],
            [
              77.70055108613975,
              12.68627402798055
            ]
          ]
        ]
      }
    },
    {
      "type": "Feature",
      "properties": {
        "parcel_id": "parc_0257",
        "parcel_type": "agricultural",
        "owner_type": "government",
        "area_sq_m": 496.5,
        "restricted": false
      },
      "geometry": {
        "type": "Polygon",
        "coordinates": [
          [
            [
              77.695866715579,
              12.68765462985811
            ],
            [
              77.69579272143915,
              12.687748512371426
            ],
            [
              77.69563498424397,
              12.687742128082784
            ],
            [
              77.69564754360171,
              12.687567925187524
            ],
            [
              77.69578766822264,
              12.687504508847708
            ],
            [
              77.695866715579,
              12.68765462985811
            ]
          ]
        ]
      }
    },
    {
      "type": "Feature",
      "properties": {
        "parcel_id": "parc_0258",
        "parcel_type": "residential",
        "owner_type": "private",
        "area_sq_m": 527.0,
        "restricted": false
      },
      "geometry": {
        "type": "Polygon",
        "coordinates": [
          [
            [
              77.69911990337287,
              12.686154288915308
            ],
            [
              77.69899204650505,
              12.686260493989959
            ],
            [
              77.69884584732978,
              12.686220921442487
            ],
            [
              77.69888681218886,
              12.686043874166568
            ],
            [
              77.69899730272951,
              12.686013992927201
            ],
            [
              77.69911990337287,
              12.686154288915308
            ]
          ]
        ]
      }
    },
    {
      "type": "Feature",
      "properties": {
        "parcel_id": "parc_0259",
        "parcel_type": "commercial",
        "owner_type": "private",
        "area_sq_m": 316.4,
        "restricted": false
      },
      "geometry": {
        "type": "Polygon",
        "coordinates": [
          [
            [
              77.69942506024375,
              12.686027224809703
            ],
            [
              77.69936335483024,
              12.686134544106908
            ],
            [
              77.69926279870843,
              12.68606448869937
            ],
            [
              77.69923393159435,
              12.685955574565178
            ],
            [
              77.69936083002509,
              12.685911608925032
            ],
            [
              77.69942506024375,
              12.686027224809703
            ]
          ]
        ]
      }
    }
  ]
}