{
  "type": "FeatureCollection",
  "features": [
    {
      "type": "Feature",
      "properties": {
        "building_id": "bldg_0001",
        "building_type": "agricultural",
        "estimated_households": 0,
        "estimated_population": 0,
        "area_sq_m": 128.1
      },
      "geometry": {
        "type": "Polygon",
        "coordinates": [
          [
            [
              77.71438780823162,
              12.684614624154706
            ],
            [
              77.71440739546969,
              12.68474291111176
            ],
            [
              77.71432821175414,
              12.684755001119383
            ],
            [
              77.71430862451606,
              12.684626714162329
            ],
            [
              77.71438780823162,
              12.684614624154706
            ]
          ]
        ]
      }
    },
    {
      "type": "Feature",
      "properties": {
        "building_id": "bldg_0002",
        "building_type": "residential",
        "estimated_households": 1,
        "estimated_population": 5,
        "area_sq_m": 125.4
      },
      "geometry": {
        "type": "Polygon",
        "coordinates": [
          [
            [
              77.71320669883136,
              12.684598313189747
            ],
            [
              77.7131698596138,
              12.684711913560847
            ],
            [
              77.71308878414433,
              12.68468562177298
            ],
            [
              77.71312562336189,
              12.68457202140188
            ],
            [
              77.71320669883136,
              12.684598313189747
            ]
          ]
        ]
      }
    },
    {
      "type": "Feature",
      "properties": {
        "building_id": "bldg_0003",
        "building_type": "residential",
        "estimated_households": 1,
        "estimated_population": 3,
        "area_sq_m": 89.9
      },
      "geometry": {
        "type": "Polygon",
        "coordinates": [
          [
            [
              77.71163748183025,
              12.690012136033056
            ],
            [
              77.71159722903002,
              12.689937185257742
            ],
            [
              77.71167278995426,
              12.689896604773077
            ],
            [
              77.7117130427545,
              12.689971555548391
            ],
            [
              77.71163748183025,
              12.690012136033056
            ]
          ]
        ]
      }
    },
    {
      "type": "Feature",
      "properties": {
        "building_id": "bldg_0004",
        "building_type": "residential",
        "estimated_households": 1,
        "estimated_population": 4,
        "area_sq_m": 114.6
      },
      "geometry": {
        "type": "Polygon",
        "coordinates": [
          [
            [
              77.7099772773065,
              12.681516600339457
            ],
            [
              77.71002204255143,
              12.681427233014855
            ],
            [
              77.71010522993669,
              12.681468902648497
            ],
            [
              77.71006046469176,
              12.681558269973099
            ],
            [
              77.7099772773065,
              12.681516600339457
            ]
          ]
        ]
      }
    },
    {
      "type": "Feature",
      "properties": {
        "building_id": "bldg_0005",
        "building_type": "residential",
        "estimated_households": 1,
        "estimated_population": 4,
        "area_sq_m": 91.8
      },
      "geometry": {
        "type": "Polygon",
        "coordinates": [
          [
            [
              77.71218612607312,
              12.685263610485988
            ],
            [
              77.7121615748172,
              12.685338728509103
            ],
            [
              77.71207197374939,
              12.685309443676308
            ],
            [
              77.71209652500531,
              12.685234325653193
            ],
            [
              77.71218612607312,
              12.685263610485988
            ]
          ]
        ]
      }
    },
    {
      "type": "Feature",
      "properties": {
        "building_id": "bldg_0006",
        "building_type": "residential",
        "estimated_households": 1,
        "estimated_population": 5,
        "area_sq_m": 118.1
      },
      "geometry": {
        "type": "Polygon",
        "coordinates": [
          [
            [
              77.71982066005995,
              12.684138778634006
            ],
            [
              77.71976308107503,
              12.684063535545382
            ],
            [
              77.71984343790132,
              12.6840020433263
            ],
            [
              77.71990101688624,
              12.684077286414924
            ],
            [
              77.71982066005995,
              12.684138778634006
            ]
          ]
        ]
      }
    },
    {
      "type": "Feature",
      "properties": {
        "building_id": "bldg_0007",
        "building_type": "residential",
        "estimated_households": 1,
        "estimated_population": 4,
        "area_sq_m": 65.9
      },
      "geometry": {
        "type": "Polygon",
        "coordinates": [
          [
            [
              77.70820090746058,
              12.676915026167658
            ],
            [
              77.70820303723777,
              12.676991810150845
            ],
            [
              77.70813346819371,
              12.676993739805392
            ],
            [
              77.70813133841652,
              12.676916955822204
            ],
            [
              77.70820090746058,
              12.676915026167658
            ]
          ]
        ]
      }
    },
    {
      "type": "Feature",
      "properties": {
        "building_id": "bldg_0008",
        "building_type": "residential",
        "estimated_households": 1,
        "estimated_population": 3,
        "area_sq_m": 87.9
      },
      "geometry": {
        "type": "Polygon",
        "coordinates": [
          [
            [
              77.71694576878814,
              12.688049370424796
            ],
            [
              77.71693331235846,
              12.68812002936862
            ],
            [
              77.71683533961628,
              12.688102757803172
            ],
            [
              77.71684779604595,
              12.688032098859349
            ],
            [
              77.71694576878814,
              12.688049370424796
            ]
          ]
        ]
      }
    },
    {
      "type": "Feature",
      "properties": {
        "building_id": "bldg_0009",
        "building_type": "residential",
        "estimated_households": 1,
        "estimated_population": 4,
        "area_sq_m": 138.4
      },
      "geometry": {
        "type": "Polygon",
        "coordinates": [
          [
            [
              77.7133142670063,
              12.679827166617192
            ],
            [
              77.71342083519501,
              12.67986578125133
            ],
            [
              77.71338707062316,
              12.67995896429827
            ],
            [
              77.71328050243444,
              12.679920349664133
            ],
            [
              77.7133142670063,
              12.679827166617192
            ]
          ]
        ]
      }
    },
    {
      "type": "Feature",
      "properties": {
        "building_id": "bldg_0010",
        "building_type": "residential",
        "estimated_households": 1,
        "estimated_population": 5,
        "area_sq_m": 91.4
      },
      "geometry": {
        "type": "Polygon",
        "coordinates": [
          [
            [
              77.71426035377917,
              12.677778152630175
            ],
            [
              77.71433035905274,
              12.677746774335093
            ],
            [
              77.71436992103659,
              12.67783503749585
            ],
            [
              77.71429991576302,
              12.677866415790932
            ],
            [
              77.71426035377917,
              12.677778152630175
            ]
          ]
        ]
      }
    },
    {
      "type": "Feature",
      "properties": {
        "building_id": "bldg_0011",
        "building_type": "residential",
        "estimated_households": 1,
        "estimated_population": 4,
        "area_sq_m": 109.0
      },
      "geometry": {
        "type": "Polygon",
        "coordinates": [
          [
            [
              77.7204606994031,
              12.679417833317183
            ],
            [
              77.72054920201073,
              12.679503357999419
            ],
            [
              77.72049923565947,
              12.679555064153282
            ],
            [
              77.72041073305185,
              12.679469539471047
            ],
            [
              77.7204606994031,
              12.679417833317183
            ]
          ]
        ]
      }
    },
    {
      "type": "Feature",
      "properties": {
        "building_id": "bldg_0012",
        "building_type": "residential",
        "estimated_households": 1,
        "estimated_population": 4,
        "area_sq_m": 66.6
      },
      "geometry": {
        "type": "Polygon",
        "coordinates": [
          [
            [
              77.7200843865655,
              12.679803916457326
            ],
            [
              77.72007264828252,
              12.679879418269651
            ],
            [
              77.72000278217547,
              12.679868556170986
            ],
            [
              77.72001452045845,
              12.67979305435866
            ],
            [
              77.7200843865655,
              12.679803916457326
            ]
          ]
        ]
      }
    },
    {
      "type": "Feature",
      "properties": {
        "building_id": "bldg_0013",
        "building_type": "residential",
        "estimated_households": 1,
        "estimated_population": 4,
        "area_sq_m": 119.4
      },
      "geometry": {
        "type": "Polygon",
        "coordinates": [
          [
            [
              77.71687781131116,
              12.679734243836617
            ],
            [
              77.71695518659016,
              12.67980071743066
            ],
            [
              77.71689329234052,
              12.679872762351689
            ],
            [
              77.71681591706152,
              12.679806288757645
            ],
            [
              77.71687781131116,
              12.679734243836617
            ]
          ]
        ]
      }
    },
    {
      "type": "Feature",
      "properties": {
        "building_id": "bldg_0014",
        "building_type": "residential",
        "estimated_households": 1,
        "estimated_population": 5,
        "area_sq_m": 105.9
      },
      "geometry": {
        "type": "Polygon",
        "coordinates": [
          [
            [
              77.7091450603038,
              12.682870190705659
            ],
            [
              77.7091982153533,
              12.68293863918331
            ],
            [
              77.70911985499447,
              12.68299949150459
            ],
            [
              77.70906669994497,
              12.682931043026938
            ],
            [
              77.7091450603038,
              12.682870190705659
            ]
          ]
        ]
      }
    },
    {
      "type": "Feature",
      "properties": {
        "building_id": "bldg_0015",
        "building_type": "commercial",
        "estimated_households": 0,
        "estimated_population": 0,
        "area_sq_m": 141.0
      },
      "geometry": {
        "type": "Polygon",
        "coordinates": [
          [
            [
              77.71028617436876,
              12.687056001689179
            ],
            [
              77.71039230812411,
              12.687079591998355
            ],
            [
              77.71036946906408,
              12.687182345853437
            ],
            [
              77.71026333530872,
              12.68715875554426
            ],
            [
              77.71028617436876,
              12.687056001689179
            ]
          ]
        ]
      }
    },
    {
      "type": "Feature",
      "properties": {
        "building_id": "bldg_0016",
        "building_type": "residential",
        "estimated_households": 1,
        "estimated_population": 3,
        "area_sq_m": 94.0
      },
      "geometry": {
        "type": "Polygon",
        "coordinates": [
          [
            [
              77.72107734224804,
              12.681118624242975
            ],
            [
              77.72108422218227,
              12.681193724786885
            ],
            [
              77.720983508524,
              12.681202951129444
            ],
            [
              77.72097662858977,
              12.681127850585534
            ],
            [
              77.72107734224804,
              12.681118624242975
            ]
          ]
        ]
      }
    },
    {
      "type": "Feature",
      "properties": {
        "building_id": "bldg_0017",
        "building_type": "residential",
        "estimated_households": 1,
        "estimated_population": 5,
        "area_sq_m": 152.0
      },
      "geometry": {
        "type": "Polygon",
        "coordinates": [
          [
            [
              77.7128107179487,
              12.683386994111904
            ],
            [
              77.71292427752631,
              12.68334244109537
            ],
            [
              77.7129612240059,
              12.683436612645176
            ],
            [
              77.71284766442828,
              12.68348116566171
            ],
            [
              77.7128107179487,
              12.683386994111904
            ]
          ]
        ]
      }
    },
    {
      "type": "Feature",
      "properties": {
        "building_id": "bldg_0018",
        "building_type": "residential",
        "estimated_households": 1,
        "estimated_population": 3,
        "area_sq_m": 83.0
      },
      "geometry": {
        "type": "Polygon",
        "coordinates": [
          [
            [
              77.71265815177244,
              12.682763758762713
            ],
            [
              77.71260814601746,
              12.682710403106823
            ],
            [
              77.71267533106192,
              12.68264743623263
            ],
            [
              77.7127253368169,
              12.68270079188852
            ],
            [
              77.71265815177244,
              12.682763758762713
            ]
          ]
        ]
      }
    },
    {
      "type": "Feature",
      "properties": {
        "building_id": "bldg_0019",
        "building_type": "residential",
        "estimated_households": 1,
        "estimated_population": 5,
        "area_sq_m": 96.6
      },
      "geometry": {
        "type": "Polygon",
        "coordinates": [
          [
            [
              77.72019482617654,
              12.68203812258891
            ],
            [
              77.72026259389017,
              12.68209478147858
            ],
            [
              77.72020564147485,
              12.682162900267958
            ],
            [
              77.72013787376122,
              12.682106241378287
            ],
            [
              77.72019482617654,
              12.68203812258891
            ]
          ]
        ]
      }
    },
    {
      "type": "Feature",
      "properties": {
        "building_id": "bldg_0020",
        "building_type": "residential",
        "estimated_households": 1,
        "estimated_population": 4,
        "area_sq_m": 104.8
      },
      "geometry": {
        "type": "Polygon",
        "coordinates": [
          [
            [
              77.71251999655243,
              12.678692650423574
            ],
            [
              77.71261807622818,
              12.678653402605578
            ],
            [
              77.71264798952737,
              12.678728155466608
            ],
            [
              77.71254990985162,
              12.678767403284604
            ],
            [
              77.71251999655243,
              12.678692650423574
            ]
          ]
        ]
      }
    },
    {
      "type": "Feature",
      "properties": {
        "building_id": "bldg_0021",
        "building_type": "residential",
        "estimated_households": 1,
        "estimated_population": 3,
        "area_sq_m": 88.8
      },
      "geometry": {
        "type": "Polygon",
        "coordinates": [
          [
            [
              77.71795555417404,
              12.679033440924414
            ],
            [
              77.71791789261697,
              12.679104484381787
            ],
            [
              77.71783868333759,
              12.679062493959222
            ],
            [
              77.71787634489466,
              12.678991450501849
            ],
            [
              77.71795555417404,
              12.679033440924414
            ]
          ]
        ]
      }
    },
    {
      "type": "Feature",
      "properties": {
        "building_id": "bldg_0022",
        "building_type": "residential",
        "estimated_households": 1,
        "estimated_population": 3,
        "area_sq_m": 91.0
      },
      "geometry": {
        "type": "Polygon",
        "coordinates": [
          [
            [
              77.72174139512572,
              12.686006739144938
            ],
            [
              77.7217888837347,
              12.685926069455814
            ],
            [
              77.72185684783628,
              12.685966078543247
            ],
            [
              77.7218093592273,
              12.686046748232371
            ],
            [
              77.72174139512572,
              12.686006739144938
            ]
          ]
        ]
      }
    },
    {
      "type": "Feature",
      "properties": {
        "building_id": "bldg_0023",
        "building_type": "residential",
        "estimated_households": 1,
        "estimated_population": 4,
        "area_sq_m": 115.5
      },
      "geometry": {
        "type": "Polygon",
        "coordinates": [
          [
            [
              77.7173854499033,
              12.682250232039255
            ],
            [
              77.71739925709122,
              12.68235281885185
            ],
            [
              77.71730946654068,
              12.68236490378726
            ],
            [
              77.71729565935277,
              12.682262316974665
            ],
            [
              77.7173854499033,
              12.682250232039255
            ]
          ]
        ]
      }
    },
    {
      "type": "Feature",
      "properties": {
        "building_id": "bldg_0024",
        "building_type": "residential",
        "estimated_households": 1,
        "estimated_population": 3,
        "area_sq_m": 86.1
      },
      "geometry": {
        "type": "Polygon",
        "coordinates": [
          [
            [
              77.71909104602605,
              12.689287221876146
            ],
            [
              77.7191721782398,
              12.689338041177024
            ],
            [
              77.71913342291728,
              12.68939991343925
            ],
            [
              77.71905229070353,
              12.689349094138372
            ],
            [
              77.71909104602605,
              12.689287221876146
            ]
          ]
        ]
      }
    },
    {
      "type": "Feature",
      "properties": {
        "building_id": "bldg_0025",
        "building_type": "residential",
        "estimated_households": 1,
        "estimated_population": 5,
        "area_sq_m": 113.9
      },
      "geometry": {
        "type": "Polygon",
        "coordinates": [
          [
            [
              77.71859726358764,
              12.680729493627313
            ],
            [
              77.71869638327269,
              12.680674993237515
            ],
            [
              77.71873577538875,
              12.680746635553335
            ],
            [
              77.7186366557037,
              12.680801135943133
            ],
            [
              77.71859726358764,
              12.680729493627313
            ]
          ]
        ]
      }
    },
    {
      "type": "Feature",
      "properties": {
        "building_id": "bldg_0026",
        "building_type": "residential",
        "estimated_households": 1,
        "estimated_population": 4,
        "area_sq_m": 108.7
      },
      "geometry": {
        "type": "Polygon",
        "coordinates": [
          [
            [
              77.70934664263748,
              12.682222581596447
            ],
            [
              77.709378529697,
              12.682146830679413
            ],
            [
              77.70947742734873,
              12.682188461268593
            ],
            [
              77.70944554028921,
              12.682264212185627
            ],
            [
              77.70934664263748,
              12.682222581596447
            ]
          ]
        ]
      }
    },
    {
      "type": "Feature",
      "properties": {
        "building_id": "bldg_0027",
        "building_type": "residential",
        "estimated_households": 1,
        "estimated_population": 5,
        "area_sq_m": 83.1
      },
      "geometry": {
        "type": "Polygon",
        "coordinates": [
          [
            [
              77.71484274721182,
              12.673834479393333
            ],
            [
              77.71486332921917,
              12.673928122709563
            ],
            [
              77.71479463851948,
              12.673943220343263
            ],
            [
              77.71477405651213,
              12.673849577027033
            ],
            [
              77.71484274721182,
              12.673834479393333
            ]
          ]
        ]
      }
    },
    {
      "type": "Feature",
      "properties": {
        "building_id": "bldg_0028",
        "building_type": "residential",
        "estimated_households": 1,
        "estimated_population": 3,
        "area_sq_m": 78.4
      },
      "geometry": {
        "type": "Polygon",
        "coordinates": [
          [
            [
              77.71120460255365,
              12.674163328047552
            ],
            [
              77.71118098754313,
              12.674254841678916
            ],
            [
              77.711115825003,
              12.674238026543868
            ],
            [
              77.71113944001353,
              12.674146512912504
            ],
            [
              77.71120460255365,
              12.674163328047552
            ]
          ]
        ]
      }
    },
    {
      "type": "Feature",
      "properties": {
        "building_id": "bldg_0029",
        "building_type": "residential",
        "estimated_households": 1,
        "estimated_population": 3,
        "area_sq_m": 73.2
      },
      "geometry": {
        "type": "Polygon",
        "coordinates": [
          [
            [
              77.71288724514388,
              12.682612465941066
            ],
            [
              77.71285991697951,
              12.682539418219044
            ],
            [
              77.71293125072295,
              12.682512731277797
            ],
            [
              77.71295857888731,
              12.682585778999819
            ],
            [
              77.71288724514388,
              12.682612465941066
            ]
          ]
        ]
      }
    },
    {
      "type": "Feature",
      "properties": {
        "building_id": "bldg_0030",
        "building_type": "residential",
        "estimated_households": 1,
        "estimated_population": 4,
        "area_sq_m": 58.7
      },
      "geometry": {
        "type": "Polygon",
        "coordinates": [
          [
            [
              77.71451424786697,
              12.675906436307134
            ],
            [
              77.71447658361866,
              12.675972120650403
            ],
            [
              77.71442198519604,
              12.675940813211756
            ],
            [
              77.71445964944435,
              12.675875128868487
            ],
            [
              77.71451424786697,
              12.675906436307134
            ]
          ]
        ]
      }
    },
    {
      "type": "Feature",
      "properties": {
        "building_id": "bldg_0031",
        "building_type": "residential",
        "estimated_households": 1,
        "estimated_population": 3,
        "area_sq_m": 99.2
      },
      "geometry": {
        "type": "Polygon",
        "coordinates": [
          [
            [
              77.72087784320067,
              12.683705683562215
            ],
            [
              77.72079328009633,
              12.68377153582669
            ],
            [
              77.7207471222317,
              12.6837122629626
            ],
            [
              77.72083168533604,
              12.683646410698124
            ],
            [
              77.72087784320067,
              12.683705683562215
            ]
          ]
        ]
      }
    },
    {
      "type": "Feature",
      "properties": {
        "building_id": "bldg_0032",
        "building_type": "residential",
        "estimated_households": 1,
        "estimated_population": 3,
        "area_sq_m": 131.5
      },
      "geometry": {
        "type": "Polygon",
        "coordinates": [
          [
            [
              77.70953393124358,
              12.679010081887384
            ],
            [
              77.70960607895844,
              12.678940513802473
            ],
            [
              77.70968001413249,
              12.67901719054099
            ],
            [
              77.70960786641763,
              12.6790867586259
            ],
            [
              77.70953393124358,
              12.679010081887384
            ]
          ]
        ]
      }
    },
    {
      "type": "Feature",
      "properties": {
        "building_id": "bldg_0033",
        "building_type": "residential",
        "estimated_households": 1,
        "estimated_population": 5,
        "area_sq_m": 59.4
      },
      "geometry": {
        "type": "Polygon",
        "coordinates": [
          [
            [
              77.71738359635006,
              12.685012355967817
            ],
            [
              77.71743388461198,
              12.684959924355818
            ],
            [
              77.71748180113093,
              12.68500588209703
            ],
            [
              77.71743151286901,
              12.68505831370903
            ],
            [
              77.71738359635006,
              12.685012355967817
            ]
          ]
        ]
      }
    },
    {
      "type": "Feature",
      "properties": {
        "building_id": "bldg_0034",
        "building_type": "residential",
        "estimated_households": 1,
        "estimated_population": 5,
        "area_sq_m": 111.9
      },
      "geometry": {
        "type": "Polygon",
        "coordinates": [
          [
            [
              77.70925150403612,
              12.688859047163005
            ],
            [
              77.70931104115112,
              12.6887500842563
            ],
            [
              77.70937524323018,
              12.688785164144308
            ],
            [
              77.70931570611518,
              12.688894127051013
            ],
            [
              77.70925150403612,
              12.688859047163005
            ]
          ]
        ]
      }
    },
    {
      "type": "Feature",
      "properties": {
        "building_id": "bldg_0035",
        "building_type": "residential",
        "estimated_households": 1,
        "estimated_population": 3,
        "area_sq_m": 138.7
      },
      "geometry": {
        "type": "Polygon",
        "coordinates": [
          [
            [
              77.71531694373179,
              12.677640048272098
            ],
            [
              77.71535309987867,
              12.677524385767647
            ],
            [
              77.71544174082935,
              12.677552094965607
            ],
            [
              77.71540558468247,
              12.677667757470058
            ],
            [
              77.71531694373179,
              12.677640048272098
            ]
          ]
        ]
      }
    },
    {
      "type": "Feature",
      "properties": {
        "building_id": "bldg_0036",
        "building_type": "residential",
        "estimated_households": 1,
        "estimated_population": 3,
        "area_sq_m": 64.9
      },
      "geometry": {
        "type": "Polygon",
        "coordinates": [
          [
            [
              77.71835172616535,
              12.686608995237522
            ],
            [
              77.71833201601352,
              12.686539587869309
            ],
            [
              77.71840225015443,
              12.68651964293238
            ],
            [
              77.71842196030626,
              12.686589050300594
            ],
            [
              77.71835172616535,
              12.686608995237522
            ]
          ]
        ]
      }
    },
    {
      "type": "Feature",
      "properties": {
        "building_id": "bldg_0037",
        "building_type": "commercial",
        "estimated_households": 0,
        "estimated_population": 0,
        "area_sq_m": 116.8
      },
      "geometry": {
        "type": "Polygon",
        "coordinates": [
          [
            [
              77.72251072483209,
              12.683992694750417
            ],
            [
              77.72239829227506,
              12.683997651088013
            ],
            [
              77.72239458146649,
              12.683913472863937
            ],
            [
              77.72250701402352,
              12.68390851652634
            ],
            [
              77.72251072483209,
              12.683992694750417
            ]
          ]
        ]
      }
    },
    {
      "type": "Feature",
      "properties": {
        "building_id": "bldg_0038",
        "building_type": "residential",
        "estimated_households": 1,
        "estimated_population": 5,
        "area_sq_m": 96.3
      },
      "geometry": {
        "type": "Polygon",
        "coordinates": [
          [
            [
              77.71769697920395,
              12.678990884573796
            ],
            [
              77.71772889253515,
              12.679059434686986
            ],
            [
              77.71763514518712,
              12.679103078526914
            ],
            [
              77.71760323185592,
              12.679034528413725
            ],
            [
              77.71769697920395,
              12.678990884573796
            ]
          ]
        ]
      }
    },
    {
      "type": "Feature",
      "properties": {
        "building_id": "bldg_0039",
        "building_type": "residential",
        "estimated_households": 1,
        "estimated_population": 5,
        "area_sq_m": 135.8
      },
      "geometry": {
        "type": "Polygon",
        "coordinates": [
          [
            [
              77.70867596716273,
              12.6817203153891
            ],
            [
              77.7085691362642,
              12.681658444813817
            ],
            [
              77.70861388215427,
              12.681581182825877
            ],
            [
              77.7087207130528,
              12.68164305340116
            ],
            [
              77.70867596716273,
              12.6817203153891
            ]
          ]
        ]
      }
    },
    {
      "type": "Feature",
      "properties": {
        "building_id": "bldg_0040",
        "building_type": "residential",
        "estimated_households": 1,
        "estimated_population": 4,
        "area_sq_m": 111.6
      },
      "geometry": {
        "type": "Polygon",
        "coordinates": [
          [
            [
              77.71557961564704,
              12.677173673849842
            ],
            [
              77.71545439967754,
              12.677175160276175
            ],
            [
              77.71545354137845,
              12.677102857498594
            ],
            [
              77.71557875734796,
              12.677101371072261
            ],
            [
              77.71557961564704,
              12.677173673849842
            ]
          ]
        ]
      }
    },
    {
      "type": "Feature",
      "properties": {
        "building_id": "bldg_0041",
        "building_type": "residential",
        "estimated_households": 1,
        "estimated_population": 3,
        "area_sq_m": 139.7
      },
      "geometry": {
        "type": "Polygon",
        "coordinates": [
          [
            [
              77.71142005608877,
              12.674486792835912
            ],
            [
              77.71147484249697,
              12.674396726797863
            ],
            [
              77.71156673743121,
              12.674452625708126
            ],
            [
              77.71151195102301,
              12.674542691746176
            ],
            [
              77.71142005608877,
              12.674486792835912
            ]
          ]
        ]
      }
    },
    {
      "type": "Feature",
      "properties": {
        "building_id": "bldg_0042",
        "building_type": "residential",
        "estimated_households": 1,
        "estimated_population": 5,
        "area_sq_m": 82.8
      },
      "geometry": {
        "type": "Polygon",
        "coordinates": [
          [
            [
              77.71017577355236,
              12.679722069502118
            ],
            [
              77.71014341703973,
              12.679787418708996
            ],
            [
              77.71006080655535,
              12.67974651557782
            ],
            [
              77.71009316306798,
              12.679681166370942
            ],
            [
              77.71017577355236,
              12.679722069502118
            ]
          ]
        ]
      }
    },
    {
      "type": "Feature",
      "properties": {
        "building_id": "bldg_0043",
        "building_type": "residential",
        "estimated_households": 1,
        "estimated_population": 3,
        "area_sq_m": 107.6
      },
      "geometry": {
        "type": "Polygon",
        "coordinates": [
          [
            [
              77.70877280708133,
              12.687678323805985
            ],
            [
              77.70882635789644,
              12.687617977495655
            ],
            [
              77.70890732696442,
              12.687689828774802
            ],
            [
              77.70885377614931,
              12.687750175085132
            ],
            [
              77.70877280708133,
              12.687678323805985
            ]
          ]
        ]
      }
    },
    {
      "type": "Feature",
      "properties": {
        "building_id": "bldg_0044",
        "building_type": "residential",
        "estimated_households": 1,
        "estimated_population": 3,
        "area_sq_m": 106.8
      },
      "geometry": {
        "type": "Polygon",
        "coordinates": [
          [
            [
              77.71772453939785,
              12.67837091476359
            ],
            [
              77.71772641649802,
              12.678254160299288
            ],
            [
              77.71780065369866,
              12.678255353835343
            ],
            [
              77.71779877659849,
              12.678372108299646
            ],
            [
              77.71772453939785,
              12.67837091476359
            ]
          ]
        ]
      }
    },
    {
      "type": "Feature",
      "properties": {
        "building_id": "bldg_0045",
        "building_type": "residential",
        "estimated_households": 1,
        "estimated_population": 5,
        "area_sq_m": 68.8
      },
      "geometry": {
        "type": "Polygon",
        "coordinates": [
          [
            [
              77.70697264374247,
              12.685576071355818
            ],
            [
              77.70690211118594,
              12.685592525087413
            ],
            [
              77.70688459858276,
              12.685517453443858
            ],
            [
              77.7069551311393,
              12.685500999712263
            ],
            [
              77.70697264374247,
              12.685576071355818
            ]
          ]
        ]
      }
    },
    {
      "type": "Feature",
      "properties": {
        "building_id": "bldg_0046",
        "building_type": "residential",
        "estimated_households": 1,
        "estimated_population": 4,
        "area_sq_m": 112.4
      },
      "geometry": {
        "type": "Polygon",
        "coordinates": [
          [
            [
              77.71329453785027,
              12.677926623456916
            ],
            [
              77.71319601484545,
              12.67791122334848
            ],
            [
              77.71321014220395,
              12.677820842828474
            ],
            [
              77.71330866520877,
              12.67783624293691
            ],
            [
              77.71329453785027,
              12.677926623456916
            ]
          ]
        ]
      }
    },
    {
      "type": "Feature",
      "properties": {
        "building_id": "bldg_0047",
        "building_type": "residential",
        "estimated_households": 1,
        "estimated_population": 4,
        "area_sq_m": 100.6
      },
      "geometry": {
        "type": "Polygon",
        "coordinates": [
          [
            [
              77.7106003000883,
              12.682617779531013
            ],
            [
              77.71064254808591,
              12.682552607992937
            ],
            [
              77.7107307765382,
              12.682609802829079
            ],
            [
              77.71068852854059,
              12.682674974367155
            ],
            [
              77.7106003000883,
              12.682617779531013
            ]
          ]
        ]
      }
    },
    {
      "type": "Feature",
      "properties": {
        "building_id": "bldg_0048",
        "building_type": "residential",
        "estimated_households": 1,
        "estimated_population": 4,
        "area_sq_m": 57.2
      },
      "geometry": {
        "type": "Polygon",
        "coordinates": [
          [
            [
              77.71421133262285,
              12.68460395271466
            ],
            [
              77.71426950769869,
              12.684650639112391
            ],
            [
              77.71423054304168,
              12.68469919226678
            ],
            [
              77.71417236796584,
              12.68465250586905
            ],
            [
              77.71421133262285,
              12.68460395271466
            ]
          ]
        ]
      }
    },
    {
      "type": "Feature",
      "properties": {
        "building_id": "bldg_0049",
        "building_type": "residential",
        "estimated_households": 1,
        "estimated_population": 5,
        "area_sq_m": 67.3
      },
      "geometry": {
        "type": "Polygon",
        "coordinates": [
          [
            [
              77.70953964577531,
              12.67950775048855
            ],
            [
              77.70945437413812,
              12.679505904678614
            ],
            [
              77.70945576108751,
              12.679441831209896
            ],
            [
              77.7095410327247,
              12.679443677019833
            ],
            [
              77.70953964577531,
              12.67950775048855
            ]
          ]
        ]
      }
    },
    {
      "type": "Feature",
      "properties": {
        "building_id": "bldg_0050",
        "building_type": "commercial",
        "estimated_households": 0,
        "estimated_population": 0,
        "area_sq_m": 79.4
      },
      "geometry": {
        "type": "Polygon",
        "coordinates": [
          [
            [
              77.71241478535981,
              12.677805321381395
            ],
            [
              77.71248488582205,
              12.67784576878946
            ],
            [
              77.7124450804256,
              12.677914756564551
            ],
            [
              77.71237497996336,
              12.677874309156486
            ],
            [
              77.71241478535981,
              12.677805321381395
            ]
          ]
        ]
      }
    },
    {
      "type": "Feature",
      "properties": {
        "building_id": "bldg_0051",
        "building_type": "residential",
        "estimated_households": 1,
        "estimated_population": 3,
        "area_sq_m": 163.3
      },
      "geometry": {
        "type": "Polygon",
        "coordinates": [
          [
            [
              77.71057714573713,
              12.677540929898324
            ],
            [
              77.71062635939657,
              12.677659094314295
            ],
            [
              77.71053075268769,
              12.677698913036132
            ],
            [
              77.71048153902825,
              12.67758074862016
            ],
            [
              77.71057714573713,
              12.677540929898324
            ]
          ]
        ]
      }
    },
    {
      "type": "Feature",
      "properties": {
        "building_id": "bldg_0052",
        "building_type": "residential",
        "estimated_households": 1,
        "estimated_population": 5,
        "area_sq_m": 75.8
      },
      "geometry": {
        "type": "Polygon",
        "coordinates": [
          [
            [
              77.71754322117549,
              12.679271186118893
            ],
            [
              77.71761906346391,
              12.679339484826613
            ],
            [
              77.71757871674107,
              12.679384287838165
            ],
            [
              77.71750287445265,
              12.679315989130444
            ],
            [
              77.71754322117549,
              12.679271186118893
            ]
          ]
        ]
      }
    },
    {
      "type": "Feature",
      "properties": {
        "building_id": "bldg_0053",
        "building_type": "residential",
        "estimated_households": 1,
        "estimated_population": 3,
        "area_sq_m": 72.0
      },
      "geometry": {
        "type": "Polygon",
        "coordinates": [
          [
            [
              77.71191045588893,
              12.674221828926022
            ],
            [
              77.71199828044122,
              12.674229505366435
            ],
            [
              77.71199251136238,
              12.674295508193044
            ],
            [
              77.71190468681009,
              12.67428783175263
            ],
            [
              77.71191045588893,
              12.674221828926022
            ]
          ]
        ]
      }
    },
    {
      "type": "Feature",
      "properties": {
        "building_id": "bldg_0054",
        "building_type": "residential",
        "estimated_households": 1,
        "estimated_population": 4,
        "area_sq_m": 74.2
      },
      "geometry": {
        "type": "Polygon",
        "coordinates": [
          [
            [
              77.71334434179566,
              12.677219788180183
            ],
            [
              77.71338817656873,
              12.677276412819523
            ],
            [
              77.71332170952964,
              12.677327866879248
            ],
            [
              77.71327787475657,
              12.677271242239907
            ],
            [
              77.71334434179566,
              12.677219788180183
            ]
          ]
        ]
      }
    },
    {
      "type": "Feature",
      "properties": {
        "building_id": "bldg_0055",
        "building_type": "residential",
        "estimated_households": 1,
        "estimated_population": 3,
        "area_sq_m": 96.5
      },
      "geometry": {
        "type": "Polygon",
        "coordinates": [
          [
            [
              77.71178838281328,
              12.681191561220109
            ],
            [
              77.71168591686423,
              12.68124632691403
            ],
            [
              77.71165414239793,
              12.681186877272994
            ],
            [
              77.71175660834699,
              12.681132111579073
            ],
            [
              77.71178838281328,
              12.681191561220109
            ]
          ]
        ]
      }
    },
    {
      "type": "Feature",
      "properties": {
        "building_id": "bldg_0056",
        "building_type": "residential",
        "estimated_households": 1,
        "estimated_population": 3,
        "area_sq_m": 77.9
      },
      "geometry": {
        "type": "Polygon",
        "coordinates": [
          [
            [
              77.724069396002,
              12.683149992797777
            ],
            [
              77.72410987606942,
              12.683075754114345
            ],
            [
              77.72417549647537,
              12.683111534900522
            ],
            [
              77.72413501640794,
              12.683185773583954
            ],
            [
              77.724069396002,
              12.683149992797777
            ]
          ]
        ]
      }
    },
    {
      "type": "Feature",
      "properties": {
        "building_id": "bldg_0057",
        "building_type": "residential",
        "estimated_households": 1,
        "estimated_population": 5,
        "area_sq_m": 121.5
      },
      "geometry": {
        "type": "Polygon",
        "coordinates": [
          [
            [
              77.71324121995964,
              12.685153335023372
            ],
            [
              77.71313692842496,
              12.6852144077407
            ],
            [
              77.71309569908452,
              12.685144001978912
            ],
            [
              77.7131999906192,
              12.685082929261585
            ],
            [
              77.71324121995964,
              12.685153335023372
            ]
          ]
        ]
      }
    },
    {
      "type": "Feature",
      "properties": {
        "building_id": "bldg_0058",
        "building_type": "residential",
        "estimated_households": 1,
        "estimated_population": 4,
        "area_sq_m": 99.2
      },
      "geometry": {
        "type": "Polygon",
        "coordinates": [
          [
            [
              77.71755740017109,
              12.682037338982864
            ],
            [
              77.71754247335649,
              12.681944551132515
            ],
            [
              77.71762705369444,
              12.681930944663362
            ],
            [
              77.71764198050904,
              12.682023732513711
            ],
            [
              77.71755740017109,
              12.682037338982864
            ]
          ]
        ]
      }
    },
    {
      "type": "Feature",
      "properties": {
        "building_id": "bldg_0059",
        "building_type": "residential",
        "estimated_households": 1,
        "estimated_population": 5,
        "area_sq_m": 77.9
      },
      "geometry": {
        "type": "Polygon",
        "coordinates": [
          [
            [
              77.715356088132,
              12.68500572188865
            ],
            [
              77.71528889267671,
              12.68498235870789
            ],
            [
              77.71531806174089,
              12.684898464799481
            ],
            [
              77.71538525719617,
              12.684921827980242
            ],
            [
              77.715356088132,
              12.68500572188865
            ]
          ]
        ]
      }
    },
    {
      "type": "Feature",
      "properties": {
        "building_id": "bldg_0060",
        "building_type": "residential",
        "estimated_households": 1,
        "estimated_population": 4,
        "area_sq_m": 131.4
      },
      "geometry": {
        "type": "Polygon",
        "coordinates": [
          [
            [
              77.70676742579603,
              12.686751791679214
            ],
            [
              77.7067104827763,
              12.686833615000292
            ],
            [
              77.70662269971471,
              12.686772524439046
            ],
            [
              77.70667964273444,
              12.686690701117968
            ],
            [
              77.70676742579603,
              12.686751791679214
            ]
          ]
        ]
      }
    },
    {
      "type": "Feature",
      "properties": {
        "building_id": "bldg_0061",
        "building_type": "residential",
        "estimated_households": 1,
        "estimated_population": 5,
        "area_sq_m": 77.5
      },
      "geometry": {
        "type": "Polygon",
        "coordinates": [
          [
            [
              77.72158555965828,
              12.682816612918717
            ],
            [
              77.72159470858645,
              12.68289763005784
            ],
            [
              77.72151800374704,
              12.682906292015968
            ],
            [
              77.72150885481886,
              12.682825274876846
            ],
            [
              77.72158555965828,
              12.682816612918717
            ]
          ]
        ]
      }
    },
    {
      "type": "Feature",
      "properties": {
        "building_id": "bldg_0062",
        "building_type": "residential",
        "estimated_households": 1,
        "estimated_population": 4,
        "area_sq_m": 133.5
      },
      "geometry": {
        "type": "Polygon",
        "coordinates": [
          [
            [
              77.72123370354902,
              12.678056574578878
            ],
            [
              77.7211751362937,
              12.677968072566639
            ],
            [
              77.72126030036176,
              12.677911714235414
            ],
            [
              77.72131886761709,
              12.678000216247653
            ],
            [
              77.72123370354902,
              12.678056574578878
            ]
          ]
        ]
      }
    },
    {
      "type": "Feature",
      "properties": {
        "building_id": "bldg_0063",
        "building_type": "residential",
        "estimated_households": 1,
        "estimated_population": 4,
        "area_sq_m": 125.3
      },
      "geometry": {
        "type": "Polygon",
        "coordinates": [
          [
            [
              77.71359107495829,
              12.67394212463933
            ],
            [
              77.71353644284383,
              12.673864390808214
            ],
            [
              77.71362403390214,
              12.673802830935843
            ],
            [
              77.71367866601659,
              12.673880564766959
            ],
            [
              77.71359107495829,
              12.67394212463933
            ]
          ]
        ]
      }
    },
    {
      "type": "Feature",
      "properties": {
        "building_id": "bldg_0064",
        "building_type": "residential",
        "estimated_households": 1,
        "estimated_population": 3,
        "area_sq_m": 132.2
      },
      "geometry": {
        "type": "Polygon",
        "coordinates": [
          [
            [
              77.71029386233974,
              12.677408687987366
            ],
            [
              77.7103730290439,
              12.677492038718134
            ],
            [
              77.71030534161392,
              12.677556328385368
            ],
            [
              77.71022617490976,
              12.6774729776546
            ],
            [
              77.71029386233974,
              12.677408687987366
            ]
          ]
        ]
      }
    },
    {
      "type": "Feature",
      "properties": {
        "building_id": "bldg_0065",
        "building_type": "residential",
        "estimated_households": 1,
        "estimated_population": 5,
        "area_sq_m": 128.3
      },
      "geometry": {
        "type": "Polygon",
        "coordinates": [
          [
            [
              77.71222193537302,
              12.679744588952566
            ],
            [
              77.71219052707234,
              12.679834203360171
            ],
            [
              77.71208701238523,
              12.679797923251822
            ],
            [
              77.71211842068591,
              12.679708308844218
            ],
            [
              77.71222193537302,
              12.679744588952566
            ]
          ]
        ]
      }
    },
    {
      "type": "Feature",
      "properties": {
        "building_id": "bldg_0066",
        "building_type": "residential",
        "estimated_households": 1,
        "estimated_population": 3,
        "area_sq_m": 117.8
      },
      "geometry": {
        "type": "Polygon",
        "coordinates": [
          [
            [
              77.71719006440934,
              12.68259445889671
            ],
            [
              77.71725679942148,
              12.682697607495847
            ],
            [
              77.7171914346733,
              12.682739897137195
            ],
            [
              77.71712469966116,
              12.682636748538059
            ],
            [
              77.71719006440934,
              12.68259445889671
            ]
          ]
        ]
      }
    },
    {
      "type": "Feature",
      "properties": {
        "building_id": "bldg_0067",
        "building_type": "residential",
        "estimated_households": 1,
        "estimated_population": 4,
        "area_sq_m": 67.5
      },
      "geometry": {
        "type": "Polygon",
        "coordinates": [
          [
            [
              77.71760923299762,
              12.675110593045819
            ],
            [
              77.71753814836845,
              12.675081419805334
            ],
            [
              77.71756523203315,
              12.67501542671613
            ],
            [
              77.71763631666232,
              12.675044599956614
            ],
            [
              77.71760923299762,
              12.675110593045819
            ]
          ]
        ]
      }
    },
    {
      "type": "Feature",
      "properties": {
        "building_id": "bldg_0068",
        "building_type": "agricultural",
        "estimated_households": 0,
        "estimated_population": 0,
        "area_sq_m": 96.6
      },
      "geometry": {
        "type": "Polygon",
        "coordinates": [
          [
            [
              77.71203087693841,
              12.67978441195788
            ],
            [
              77.71205300045217,
              12.679714818510858
            ],
            [
              77.71215527057178,
              12.67974732982472
            ],
            [
              77.71213314705803,
              12.679816923271742
            ],
            [
              77.71203087693841,
              12.67978441195788
            ]
          ]
        ]
      }
    },
    {
      "type": "Feature",
      "properties": {
        "building_id": "bldg_0069",
        "building_type": "residential",
        "estimated_households": 1,
        "estimated_population": 3,
        "area_sq_m": 130.2
      },
      "geometry": {
        "type": "Polygon",
        "coordinates": [
          [
            [
              77.71776614698085,
              12.684341860761288
            ],
            [
              77.71786700686879,
              12.684307246195448
            ],
            [
              77.71789917824536,
              12.6844009871209
            ],
            [
              77.71779831835742,
              12.68443560168674
            ],
            [
              77.71776614698085,
              12.684341860761288
            ]
          ]
        ]
      }
    },
    {
      "type": "Feature",
      "properties": {
        "building_id": "bldg_0070",
        "building_type": "commercial",
        "estimated_households": 0,
        "estimated_population": 0,
        "area_sq_m": 66.7
      },
      "geometry": {
        "type": "Polygon",
        "coordinates": [
          [
            [
              77.71038389294472,
              12.681778812090196
            ],
            [
              77.71033414921199,
              12.681837697032591
            ],
            [
              77.71028046974652,
              12.681792350686402
            ],
            [
              77.71033021347925,
              12.681733465744006
            ],
            [
              77.71038389294472,
              12.681778812090196
            ]
          ]
        ]
      }
    },
    {
      "type": "Feature",
      "properties": {
        "building_id": "bldg_0071",
        "building_type": "residential",
        "estimated_households": 1,
        "estimated_population": 4,
        "area_sq_m": 119.5
      },
      "geometry": {
        "type": "Polygon",
        "coordinates": [
          [
            [
              77.71261639674256,
              12.690680140978056
            ],
            [
              77.71269784544197,
              12.69073876685919
            ],
            [
              77.71264139637825,
              12.690817191314967
            ],
            [
              77.71255994767884,
              12.690758565433834
            ],
            [
              77.71261639674256,
              12.690680140978056
            ]
          ]
        ]
      }
    },
    {
      "type": "Feature",
      "properties": {
        "building_id": "bldg_0072",
        "building_type": "agricultural",
        "estimated_households": 0,
        "estimated_population": 0,
        "area_sq_m": 122.1
      },
      "geometry": {
        "type": "Polygon",
        "coordinates": [
          [
            [
              77.71294161349923,
              12.685628974629932
            ],
            [
              77.7128372474356,
              12.685690034703613
            ],
            [
              77.71279586154492,
              12.685619296457812
            ],
            [
              77.71290022760854,
              12.68555823638413
            ],
            [
              77.71294161349923,
              12.685628974629932
            ]
          ]
        ]
      }
    },
    {
      "type": "Feature",
      "properties": {
        "building_id": "bldg_0073",
        "building_type": "residential",
        "estimated_households": 1,
        "estimated_population": 4,
        "area_sq_m": 72.5
      },
      "geometry": {
        "type": "Polygon",
        "coordinates": [
          [
            [
              77.70847479194565,
              12.683132355753573
            ],
            [
              77.70845737867847,
              12.683053991428926
            ],
            [
              77.70852893415146,
              12.68303809115064
            ],
            [
              77.70854634741863,
              12.683116455475288
            ],
            [
              77.70847479194565,
              12.683132355753573
            ]
          ]
        ]
      }
    },
    {
      "type": "Feature",
      "properties": {
        "building_id": "bldg_0074",
        "building_type": "residential",
        "estimated_households": 1,
        "estimated_population": 4,
        "area_sq_m": 122.7
      },
      "geometry": {
        "type": "Polygon",
        "coordinates": [
          [
            [
              77.71087196147569,
              12.677739544538161
            ],
            [
              77.71089865250408,
              12.677627487086909
            ],
            [
              77.71098278142337,
              12.677647525802305
            ],
            [
              77.71095609039497,
              12.677759583253557
            ],
            [
              77.71087196147569,
              12.677739544538161
            ]
          ]
        ]
      }
    },
    {
      "type": "Feature",
      "properties": {
        "building_id": "bldg_0075",
        "building_type": "residential",
        "estimated_households": 1,
        "estimated_population": 3,
        "area_sq_m": 123.3
      },
      "geometry": {
        "type": "Polygon",
        "coordinates": [
          [
            [
              77.70762262181111,
              12.686457756713828
            ],
            [
              77.70764959933513,
              12.686364037053776
            ],
            [
              77.70774821454941,
              12.686392423779782
            ],
            [
              77.7077212370254,
              12.686486143439835
            ],
            [
              77.70762262181111,
              12.686457756713828
            ]
          ]
        ]
      }
    },
    {
      "type": "Feature",
      "properties": {
        "building_id": "bldg_0076",
        "building_type": "residential",
        "estimated_households": 1,
        "estimated_population": 3,
        "area_sq_m": 114.3
      },
      "geometry": {
        "type": "Polygon",
        "coordinates": [
          [
            [
              77.72177855362335,
              12.685164782288066
            ],
            [
              77.72169241308752,
              12.685202656285647
            ],
            [
              77.72165272000083,
              12.685112378417571
            ],
            [
              77.72173886053666,
              12.68507450441999
            ],
            [
              77.72177855362335,
              12.685164782288066
            ]
          ]
        ]
      }
    },
    {
      "type": "Feature",
      "properties": {
        "building_id": "bldg_0077",
        "building_type": "residential",
        "estimated_households": 1,
        "estimated_population": 4,
        "area_sq_m": 127.2
      },
      "geometry": {
        "type": "Polygon",
        "coordinates": [
          [
            [
              77.71738152800822,
              12.680389456174881
            ],
            [
              77.71732392134365,
              12.680298225056706
            ],
            [
              77.71740481317767,
              12.680247146994281
            ],
            [
              77.71746241984224,
              12.680338378112456
            ],
            [
              77.71738152800822,
              12.680389456174881
            ]
          ]
        ]
      }
    },
    {
      "type": "Feature",
      "properties": {
        "building_id": "bldg_0078",
        "building_type": "residential",
        "estimated_households": 1,
        "estimated_population": 3,
        "area_sq_m": 113.2
      },
      "geometry": {
        "type": "Polygon",
        "coordinates": [
          [
            [
              77.71368556628349,
              12.675078271163553
            ],
            [
              77.71375897296895,
              12.675025084889027
            ],
            [
              77.71381843763064,
              12.675107156885144
            ],
            [
              77.71374503094518,
              12.67516034315967
            ],
            [
              77.71368556628349,
              12.675078271163553
            ]
          ]
        ]
      }
    },
    {
      "type": "Feature",
      "properties": {
        "building_id": "bldg_0079",
        "building_type": "residential",
        "estimated_households": 1,
        "estimated_population": 4,
        "area_sq_m": 88.5
      },
      "geometry": {
        "type": "Polygon",
        "coordinates": [
          [
            [
              77.71213983489967,
              12.673332610869348
            ],
            [
              77.71215947225608,
              12.67325267975245
            ],
            [
              77.71224417473802,
              12.67327348933063
            ],
            [
              77.71222453738162,
              12.673353420447528
            ],
            [
              77.71213983489967,
              12.673332610869348
            ]
          ]
        ]
      }
    },
    {
      "type": "Feature",
      "properties": {
        "building_id": "bldg_0080",
        "building_type": "residential",
        "estimated_households": 1,
        "estimated_population": 4,
        "area_sq_m": 75.7
      },
      "geometry": {
        "type": "Polygon",
        "coordinates": [
          [
            [
              77.71663798777105,
              12.673648015231711
            ],
            [
              77.71671762749128,
              12.673666854857764
            ],
            [
              77.71670034433531,
              12.673739914997205
            ],
            [
              77.71662070461508,
              12.673721075371152
            ],
            [
              77.71663798777105,
              12.673648015231711
            ]
          ]
        ]
      }
    },
    {
      "type": "Feature",
      "properties": {
        "building_id": "bldg_0081",
        "building_type": "residential",
        "estimated_households": 1,
        "estimated_population": 3,
        "area_sq_m": 109.3
      },
      "geometry": {
        "type": "Polygon",
        "coordinates": [
          [
            [
              77.714217402186,
              12.685455822931731
            ],
            [
              77.71422196559497,
              12.68535281681588
            ],
            [
              77.71430794805093,
              12.685356626037391
            ],
            [
              77.71430338464195,
              12.685459632153242
            ],
            [
              77.714217402186,
              12.685455822931731
            ]
          ]
        ]
      }
    },
    {
      "type": "Feature",
      "properties": {
        "building_id": "bldg_0082",
        "building_type": "residential",
        "estimated_households": 1,
        "estimated_population": 5,
        "area_sq_m": 138.2
      },
      "geometry": {
        "type": "Polygon",
        "coordinates": [
          [
            [
              77.71003906853792,
              12.678738592843027
            ],
            [
              77.71015512704525,
              12.678729058626034
            ],
            [
              77.71016301362371,
              12.678825060691489
            ],
            [
              77.71004695511638,
              12.678834594908482
            ],
            [
              77.71003906853792,
              12.678738592843027
            ]
          ]
        ]
      }
    },
    {
      "type": "Feature",
      "properties": {
        "building_id": "bldg_0083",
        "building_type": "residential",
        "estimated_households": 1,
        "estimated_population": 3,
        "area_sq_m": 103.1
      },
      "geometry": {
        "type": "Polygon",
        "coordinates": [
          [
            [
              77.72236921779866,
              12.68487754154469
            ],
            [
              77.7224720332309,
              12.684909336451675
            ],
            [
              77.72244907066637,
              12.684983590671006
            ],
            [
              77.72234625523413,
              12.684951795764022
            ],
            [
              77.72236921779866,
              12.68487754154469
            ]
          ]
        ]
      }
    },
    {
      "type": "Feature",
      "properties": {
        "building_id": "bldg_0084",
        "building_type": "commercial",
        "estimated_households": 0,
        "estimated_population": 0,
        "area_sq_m": 100.9
      },
      "geometry": {
        "type": "Polygon",
        "coordinates": [
          [
            [
              77.72243251481984,
              12.682306164361417
            ],
            [
              77.72235916947513,
              12.682264880599867
            ],
            [
              77.72240688967409,
              12.682180100184723
            ],
            [
              77.7224802350188,
              12.682221383946274
            ],
            [
              77.72243251481984,
              12.682306164361417
            ]
          ]
        ]
      }
    },
    {
      "type": "Feature",
      "properties": {
        "building_id": "bldg_0085",
        "building_type": "commercial",
        "estimated_households": 0,
        "estimated_population": 0,
        "area_sq_m": 138.1
      },
      "geometry": {
        "type": "Polygon",
        "coordinates": [
          [
            [
              77.71112239466194,
              12.687367113871344
            ],
            [
              77.71106756296211,
              12.68726365888802
            ],
            [
              77.71115215844887,
              12.687218822823217
            ],
            [
              77.7112069901487,
              12.687322277806542
            ],
            [
              77.71112239466194,
              12.687367113871344
            ]
          ]
        ]
      }
    },
    {
      "type": "Feature",
      "properties": {
        "building_id": "bldg_0086",
        "building_type": "residential",
        "estimated_households": 1,
        "estimated_population": 3,
        "area_sq_m": 94.9
      },
      "geometry": {
        "type": "Polygon",
        "coordinates": [
          [
            [
              77.71081506820514,
              12.683170379880245
            ],
            [
              77.71089500527074,
              12.683222708162301
            ],
            [
              77.71085085904272,
              12.683290146262465
            ],
            [
              77.71077092197712,
              12.683237817980409
            ],
            [
              77.71081506820514,
              12.683170379880245
            ]
          ]
        ]
      }
    },
    {
      "type": "Feature",
      "properties": {
        "building_id": "bldg_0087",
        "building_type": "residential",
        "estimated_households": 1,
        "estimated_population": 5,
        "area_sq_m": 99.9
      },
      "geometry": {
        "type": "Polygon",
        "coordinates": [
          [
            [
              77.71015254866765,
              12.685837815633231
            ],
            [
              77.71005961797088,
              12.685874555505539
            ],
            [
              77.71002977481066,
              12.685799069514477
            ],
            [
              77.71012270550743,
              12.68576232964217
            ],
            [
              77.71015254866765,
              12.685837815633231
            ]
          ]
        ]
      }
    },
    {
      "type": "Feature",
      "properties": {
        "building_id": "bldg_0088",
        "building_type": "residential",
        "estimated_households": 1,
        "estimated_population": 3,
        "area_sq_m": 92.3
      },
      "geometry": {
        "type": "Polygon",
        "coordinates": [
          [
            [
              77.71746952162094,
              12.685240706459188
            ],
            [
              77.71743776497843,
              12.68513260545599
            ],
            [
              77.71750153932142,
              12.685113870578865
            ],
            [
              77.71753329596393,
              12.685221971582063
            ],
            [
              77.71746952162094,
              12.685240706459188
            ]
          ]
        ]
      }
    },
    {
      "type": "Feature",
      "properties": {
        "building_id": "bldg_0089",
        "building_type": "residential",
        "estimated_households": 1,
        "estimated_population": 5,
        "area_sq_m": 60.1
      },
      "geometry": {
        "type": "Polygon",
        "coordinates": [
          [
            [
              77.71184636499652,
              12.673317282089736
            ],
            [
              77.71177930084697,
              12.673291202795461
            ],
            [
              77.71180388893117,
              12.673227973363774
            ],
            [
              77.71187095308072,
              12.673254052658049
            ],
            [
              77.71184636499652,
              12.673317282089736
            ]
          ]
        ]
      }
    },
    {
      "type": "Feature",
      "properties": {
        "building_id": "bldg_0090",
        "building_type": "residential",
        "estimated_households": 1,
        "estimated_population": 4,
        "area_sq_m": 84.6
      },
      "geometry": {
        "type": "Polygon",
        "coordinates": [
          [
            [
              77.71729766584231,
              12.679029730660114
            ],
            [
              77.71720643303888,
              12.67901658397548
            ],
            [
              77.7172170558455,
              12.678942865889615
            ],
            [
              77.71730828864892,
              12.678956012574249
            ],
            [
              77.71729766584231,
              12.679029730660114
            ]
          ]
        ]
      }
    },
    {
      "type": "Feature",
      "properties": {
        "building_id": "bldg_0091",
        "building_type": "residential",
        "estimated_households": 1,
        "estimated_population": 4,
        "area_sq_m": 66.3
      },
      "geometry": {
        "type": "Polygon",
        "coordinates": [
          [
            [
              77.71229327232825,
              12.68946679459825
            ],
            [
              77.7123479090013,
              12.689535317637027
            ],
            [
              77.71229990247062,
              12.689573595523807
            ],
            [
              77.71224526579758,
              12.68950507248503
            ],
            [
              77.71229327232825,
              12.68946679459825
            ]
          ]
        ]
      }
    },
    {
      "type": "Feature",
      "properties": {
        "building_id": "bldg_0092",
        "building_type": "residential",
        "estimated_households": 1,
        "estimated_population": 3,
        "area_sq_m": 124.0
      },
      "geometry": {
        "type": "Polygon",
        "coordinates": [
          [
            [
              77.7191646328093,
              12.678429909263201
            ],
            [
              77.7192502853728,
              12.678512732968207
            ],
            [
              77.71919158831967,
              12.678573434829701
            ],
            [
              77.71910593575618,
              12.678490611124696
            ],
            [
              77.7191646328093,
              12.678429909263201
            ]
          ]
        ]
      }
    },
    {
      "type": "Feature",
      "properties": {
        "building_id": "bldg_0093",
        "building_type": "residential",
        "estimated_households": 1,
        "estimated_population": 4,
        "area_sq_m": 135.5
      },
      "geometry": {
        "type": "Polygon",
        "coordinates": [
          [
            [
              77.71988405011372,
              12.676644642266485
            ],
            [
              77.71978457687376,
              12.676708096243637
            ],
            [
              77.71973444067858,
              12.676629500543282
            ],
            [
              77.71983391391854,
              12.67656604656613
            ],
            [
              77.71988405011372,
              12.676644642266485
            ]
          ]
        ]
      }
    },
    {
      "type": "Feature",
      "properties": {
        "building_id": "bldg_0094",
        "building_type": "residential",
        "estimated_households": 1,
        "estimated_population": 3,
        "area_sq_m": 111.6
      },
      "geometry": {
        "type": "Polygon",
        "coordinates": [
          [
            [
              77.71359998676292,
              12.684269551522817
            ],
            [
              77.71358112081822,
              12.68437815164332
            ],
            [
              77.71350017828868,
              12.684364090357946
            ],
            [
              77.71351904423338,
              12.684255490237442
            ],
            [
              77.71359998676292,
              12.684269551522817
            ]
          ]
        ]
      }
    },
    {
      "type": "Feature",
      "properties": {
        "building_id": "bldg_0095",
        "building_type": "residential",
        "estimated_households": 1,
        "estimated_population": 3,
        "area_sq_m": 88.8
      },
      "geometry": {
        "type": "Polygon",
        "coordinates": [
          [
            [
              77.71132312586,
              12.680571131231925
            ],
            [
              77.7112470582718,
              12.680500855789354
            ],
            [
              77.71129430252633,
              12.680449717634001
            ],
            [
              77.71137037011454,
              12.680519993076572
            ],
            [
              77.71132312586,
              12.680571131231925
            ]
          ]
        ]
      }
    },
    {
      "type": "Feature",
      "properties": {
        "building_id": "bldg_0096",
        "building_type": "residential",
        "estimated_households": 1,
        "estimated_population": 4,
        "area_sq_m": 81.4
      },
      "geometry": {
        "type": "Polygon",
        "coordinates": [
          [
            [
              77.71506085655513,
              12.672010440599443
            ],
            [
              77.71499115689942,
              12.671996298809022
            ],
            [
              77.71500963208364,
              12.671905241457651
            ],
            [
              77.71507933173935,
              12.671919383248072
            ],
            [
              77.71506085655513,
              12.672010440599443
            ]
          ]
        ]
      }
    },
    {
      "type": "Feature",
      "properties": {
        "building_id": "bldg_0097",
        "building_type": "residential",
        "estimated_households": 1,
        "estimated_population": 5,
        "area_sq_m": 144.5
      },
      "geometry": {
        "type": "Polygon",
        "coordinates": [
          [
            [
              77.71642683180399,
              12.676262453843176
            ],
            [
              77.71632132148899,
              12.67630101793219
            ],
            [
              77.7162854880144,
              12.676202978505184
            ],
            [
              77.7163909983294,
              12.67616441441617
            ],
            [
              77.71642683180399,
              12.676262453843176
            ]
          ]
        ]
      }
    },
    {
      "type": "Feature",
      "properties": {
        "building_id": "bldg_0098",
        "building_type": "residential",
        "estimated_households": 1,
        "estimated_population": 3,
        "area_sq_m": 76.0
      },
      "geometry": {
        "type": "Polygon",
        "coordinates": [
          [
            [
              77.71243745411014,
              12.686135636409874
            ],
            [
              77.71238476032389,
              12.686183880856595
            ],
            [
              77.71232641928394,
              12.686120159319769
            ],
            [
              77.7123791130702,
              12.686071914873049
            ],
            [
              77.71243745411014,
              12.686135636409874
            ]
          ]
        ]
      }
    },
    {
      "type": "Feature",
      "properties": {
        "building_id": "bldg_0099",
        "building_type": "residential",
        "estimated_households": 1,
        "estimated_population": 3,
        "area_sq_m": 96.9
      },
      "geometry": {
        "type": "Polygon",
        "coordinates": [
          [
            [
              77.71385006138838,
              12.6867866109473
            ],
            [
              77.71396095515519,
              12.686752239688255
            ],
            [
              77.71398100131744,
              12.686816915656037
            ],
            [
              77.71387010755063,
              12.686851286915081
            ],
            [
              77.71385006138838,
              12.6867866109473
            ]
          ]
        ]
      }
    },
    {
      "type": "Feature",
      "properties": {
        "building_id": "bldg_0100",
        "building_type": "residential",
        "estimated_households": 1,
        "estimated_population": 3,
        "area_sq_m": 101.3
      },
      "geometry": {
        "type": "Polygon",
        "coordinates": [
          [
            [
              77.71399031329108,
              12.68538154650556
            ],
            [
              77.71398639910801,
              12.685459996552247
            ],
            [
              77.71388187857315,
              12.685454781609419
            ],
            [
              77.71388579275622,
              12.685376331562733
            ],
            [
              77.71399031329108,
              12.68538154650556
            ]
          ]
        ]
      }
    },
    {
      "type": "Feature",
      "properties": {
        "building_id": "bldg_0101",
        "building_type": "residential",
        "estimated_households": 1,
        "estimated_population": 3,
        "area_sq_m": 59.7
      },
      "geometry": {
        "type": "Polygon",
        "coordinates": [
          [
            [
              77.7151669693039,
              12.67386246065109
            ],
            [
              77.71509193518739,
              12.67387932013757
            ],
            [
              77.71507811707393,
              12.673817821827026
            ],
            [
              77.71515315119044,
              12.673800962340547
            ],
            [
              77.7151669693039,
              12.67386246065109
            ]
          ]
        ]
      }
    },
    {
      "type": "Feature",
      "properties": {
        "building_id": "bldg_0102",
        "building_type": "residential",
        "estimated_households": 1,
        "estimated_population": 5,
        "area_sq_m": 108.0
      },
      "geometry": {
        "type": "Polygon",
        "coordinates": [
          [
            [
              77.70657902150604,
              12.682810491606132
            ],
            [
              77.7065689307082,
              12.68289390791263
            ],
            [
              77.70646537783368,
              12.68288138121172
            ],
            [
              77.70647546863152,
              12.682797964905221
            ],
            [
              77.70657902150604,
              12.682810491606132
            ]
          ]
        ]
      }
    },
    {
      "type": "Feature",
      "properties": {
        "building_id": "bldg_0103",
        "building_type": "residential",
        "estimated_households": 1,
        "estimated_population": 3,
        "area_sq_m": 105.6
      },
      "geometry": {
        "type": "Polygon",
        "coordinates": [
          [
            [
              77.71261175673718,
              12.678753136456736
            ],
            [
              77.71267095601927,
              12.678667514266092
            ],
            [
              77.71273865041422,
              12.67871431824942
            ],
            [
              77.71267945113213,
              12.678799940440065
            ],
            [
              77.71261175673718,
              12.678753136456736
            ]
          ]
        ]
      }
    },
    {
      "type": "Feature",
      "properties": {
        "building_id": "bldg_0104",
        "building_type": "residential",
        "estimated_households": 1,
        "estimated_population": 5,
        "area_sq_m": 86.3
      },
      "geometry": {
        "type": "Polygon",
        "coordinates": [
          [
            [
              77.71591017134487,
              12.677760872383011
            ],
            [
              77.71591328475897,
              12.677863251438747
            ],
            [
              77.71584490695322,
              12.677865330852576
            ],
            [
              77.71584179353913,
              12.67776295179684
            ],
            [
              77.71591017134487,
              12.677760872383011
            ]
          ]
        ]
      }
    },
    {
      "type": "Feature",
      "properties": {
        "building_id": "bldg_0105",
        "building_type": "residential",
        "estimated_households": 1,
        "estimated_population": 3,
        "area_sq_m": 122.4
      },
      "geometry": {
        "type": "Polygon",
        "coordinates": [
          [
            [
              77.71313709662404,
              12.68256688696508
            ],
            [
              77.71311320242334,
              12.68266180477129
            ],
            [
              77.71301480374983,
              12.682637034312005
            ],
            [
              77.71303869795052,
              12.682542116505797
            ],
            [
              77.71313709662404,
              12.68256688696508
            ]
          ]
        ]
      }
    },
    {
      "type": "Feature",
      "properties": {
        "building_id": "bldg_0106",
        "building_type": "residential",
        "estimated_households": 1,
        "estimated_population": 5,
        "area_sq_m": 150.1
      },
      "geometry": {
        "type": "Polygon",
        "coordinates": [
          [
            [
              77.71404619709917,
              12.687966019655578
            ],
            [
              77.71410699306587,
              12.687873388876982
            ],
            [
              77.71419892344927,
              12.687933725156283
            ],
            [
              77.71413812748257,
              12.688026355934879
            ],
            [
              77.71404619709917,
              12.687966019655578
            ]
          ]
        ]
      }
    },
    {
      "type": "Feature",
      "properties": {
        "building_id": "bldg_0107",
        "building_type": "residential",
        "estimated_households": 1,
        "estimated_population": 4,
        "area_sq_m": 85.1
      },
      "geometry": {
        "type": "Polygon",
        "coordinates": [
          [
            [
              77.71848934899282,
              12.676469882830533
            ],
            [
              77.71856146392057,
              12.676503781694278
            ],
            [
              77.71852457889048,
              12.676582249258841
            ],
            [
              77.71845246396273,
              12.676548350395096
            ],
            [
              77.71848934899282,
              12.676469882830533
            ]
          ]
        ]
      }
    },
    {
      "type": "Feature",
      "properties": {
        "building_id": "bldg_0108",
        "building_type": "residential",
        "estimated_households": 1,
        "estimated_population": 5,
        "area_sq_m": 123.7
      },
      "geometry": {
        "type": "Polygon",
        "coordinates": [
          [
            [
              77.71880644828516,
              12.678275472715553
            ],
            [
              77.71888122942926,
              12.678208646769031
            ],
            [
              77.71894793117988,
              12.678283288932517
            ],
            [
              77.71887315003579,
              12.67835011487904
            ],
            [
              77.71880644828516,
              12.678275472715553
            ]
          ]
        ]
      }
    },
    {
      "type": "Feature",
      "properties": {
        "building_id": "bldg_0109",
        "building_type": "residential",
        "estimated_households": 1,
        "estimated_population": 4,
        "area_sq_m": 122.5
      },
      "geometry": {
        "type": "Polygon",
        "coordinates": [
          [
            [
              77.70939719955781,
              12.68375851253161
            ],
            [
              77.70927231096655,
              12.68379074636263
            ],
            [
              77.70925304746551,
              12.683716110756754
            ],
            [
              77.70937793605677,
              12.683683876925732
            ],
            [
              77.70939719955781,
              12.68375851253161
            ]
          ]
        ]
      }
    },
    {
      "type": "Feature",
      "properties": {
        "building_id": "bldg_0110",
        "building_type": "residential",
        "estimated_households": 1,
        "estimated_population": 5,
        "area_sq_m": 127.6
      },
      "geometry": {
        "type": "Polygon",
        "coordinates": [
          [
            [
              77.71374527271664,
              12.680450691038407
            ],
            [
              77.71369925174155,
              12.680363499293057
            ],
            [
              77.71379217466915,
              12.680314453322952
            ],
            [
              77.71383819564424,
              12.680401645068303
            ],
            [
              77.71374527271664,
              12.680450691038407
            ]
          ]
        ]
      }
    },
    {
      "type": "Feature",
      "properties": {
        "building_id": "bldg_0111",
        "building_type": "residential",
        "estimated_households": 1,
        "estimated_population": 5,
        "area_sq_m": 133.6
      },
      "geometry": {
        "type": "Polygon",
        "coordinates": [
          [
            [
              77.715799984562,
              12.671354134347581
            ],
            [
              77.71590358778545,
              12.671409008698452
            ],
            [
              77.715860313531,
              12.671490710844953
            ],
            [
              77.71575671030755,
              12.671435836494082
            ],
            [
              77.715799984562,
              12.671354134347581
            ]
          ]
        ]
      }
    },
    {
      "type": "Feature",
      "properties": {
        "building_id": "bldg_0112",
        "building_type": "residential",
        "estimated_households": 1,
        "estimated_population": 3,
        "area_sq_m": 124.6
      },
      "geometry": {
        "type": "Polygon",
        "coordinates": [
          [
            [
              77.71128700468923,
              12.68341204033769
            ],
            [
              77.71118381449189,
              12.6833357618575
            ],
            [
              77.71123066666048,
              12.683272379832694
            ],
            [
              77.71133385685782,
              12.683348658312884
            ],
            [
              77.71128700468923,
              12.68341204033769
            ]
          ]
        ]
      }
    },
    {
      "type": "Feature",
      "properties": {
        "building_id": "bldg_0113",
        "building_type": "agricultural",
        "estimated_households": 0,
        "estimated_population": 0,
        "area_sq_m": 79.1
      },
      "geometry": {
        "type": "Polygon",
        "coordinates": [
          [
            [
              77.71893153933368,
              12.681556347892576
            ],
            [
              77.7190236086102,
              12.681561770711706
            ],
            [
              77.71901951339572,
              12.681631299756303
            ],
            [
              77.7189274441192,
              12.681625876937172
            ],
            [
              77.71893153933368,
              12.681556347892576
            ]
          ]
        ]
      }
    },
    {
      "type": "Feature",
      "properties": {
        "building_id": "bldg_0114",
        "building_type": "residential",
        "estimated_households": 1,
        "estimated_population": 5,
        "area_sq_m": 120.2
      },
      "geometry": {
        "type": "Polygon",
        "coordinates": [
          [
            [
              77.72141598677815,
              12.682739148370556
            ],
            [
              77.72152178161119,
              12.682806256598518
            ],
            [
              77.72148005933472,
              12.68287203096636
            ],
            [
              77.72137426450169,
              12.682804922738399
            ],
            [
              77.72141598677815,
              12.682739148370556
            ]
          ]
        ]
      }
    },
    {
      "type": "Feature",
      "properties": {
        "building_id": "bldg_0115",
        "building_type": "residential",
        "estimated_households": 1,
        "estimated_population": 5,
        "area_sq_m": 146.0
      },
      "geometry": {
        "type": "Polygon",
        "coordinates": [
          [
            [
              77.71079856450774,
              12.686851170117547
            ],
            [
              77.71083015980038,
              12.686971356986922
            ],
            [
              77.71073794459366,
              12.686995598956594
            ],
            [
              77.71070634930102,
              12.68687541208722
            ],
            [
              77.71079856450774,
              12.686851170117547
            ]
          ]
        ]
      }
    },
    {
      "type": "Feature",
      "properties": {
        "building_id": "bldg_0116",
        "building_type": "residential",
        "estimated_households": 1,
        "estimated_population": 3,
        "area_sq_m": 60.6
      },
      "geometry": {
        "type": "Polygon",
        "coordinates": [
          [
            [
              77.71223971358039,
              12.680751051351983
            ],
            [
              77.71223501805375,
              12.680828604117522
            ],
            [
              77.71217188120674,
              12.680824781420231
            ],
            [
              77.71217657673338,
              12.680747228654692
            ],
            [
              77.71223971358039,
              12.680751051351983
            ]
          ]
        ]
      }
    },
    {
      "type": "Feature",
      "properties": {
        "building_id": "bldg_0117",
        "building_type": "residential",
        "estimated_households": 1,
        "estimated_population": 4,
        "area_sq_m": 125.8
      },
      "geometry": {
        "type": "Polygon",
        "coordinates": [
          [
            [
              77.72376290291581,
              12.682124274183632
            ],
            [
              77.72382993267512,
              12.682036569693867
            ],
            [
              77.72390342748434,
              12.682092739445103
            ],
            [
              77.72383639772504,
              12.682180443934868
            ],
            [
              77.72376290291581,
              12.682124274183632
            ]
          ]
        ]
      }
    },
    {
      "type": "Feature",
      "properties": {
        "building_id": "bldg_0118",
        "building_type": "residential",
        "estimated_households": 1,
        "estimated_population": 5,
        "area_sq_m": 88.4
      },
      "geometry": {
        "type": "Polygon",
        "coordinates": [
          [
            [
              77.70802565647335,
              12.68057624542868
            ],
            [
              77.70809386303497,
              12.680512274562103
            ],
            [
              77.70814635734115,
              12.680568244667244
            ],
            [
              77.70807815077953,
              12.680632215533821
            ],
            [
              77.70802565647335,
              12.68057624542868
            ]
          ]
        ]
      }
    },
    {
      "type": "Feature",
      "properties": {
        "building_id": "bldg_0119",
        "building_type": "residential",
        "estimated_households": 1,
        "estimated_population": 3,
        "area_sq_m": 83.0
      },
      "geometry": {
        "type": "Polygon",
        "coordinates": [
          [
            [
              77.71735263442004,
              12.688815132958988
            ],
            [
              77.71742527666834,
              12.68882798644847
            ],
            [
              77.71740937508211,
              12.688917855193976
            ],
            [
              77.71733673283381,
              12.688905001704494
            ],
            [
              77.71735263442004,
              12.688815132958988
            ]
          ]
        ]
      }
    },
    {
      "type": "Feature",
      "properties": {
        "building_id": "bldg_0120",
        "building_type": "residential",
        "estimated_households": 1,
        "estimated_population": 4,
        "area_sq_m": 67.8
      },
      "geometry": {
        "type": "Polygon",
        "coordinates": [
          [
            [
              77.71201601622396,
              12.687170681997893
            ],
            [
              77.71197471649207,
              12.687235040837361
            ],
            [
              77.71191418909702,
              12.687196199782926
            ],
            [
              77.7119554888289,
              12.687131840943458
            ],
            [
              77.71201601622396,
              12.687170681997893
            ]
          ]
        ]
      }
    },
    {
      "type": "Feature",
      "properties": {
        "building_id": "bldg_0121",
        "building_type": "residential",
        "estimated_households": 1,
        "estimated_population": 5,
        "area_sq_m": 82.5
      },
      "geometry": {
        "type": "Polygon",
        "coordinates": [
          [
            [
              77.7093076705879,
              12.681313985572755
            ],
            [
              77.70923877470561,
              12.681342002460369
            ],
            [
              77.70920487242255,
              12.681258633895828
            ],
            [
              77.70927376830484,
              12.681230617008215
            ],
            [
              77.7093076705879,
              12.681313985572755
            ]
          ]
        ]
      }
    },
    {
      "type": "Feature",
      "properties": {
        "building_id": "bldg_0122",
        "building_type": "residential",
        "estimated_households": 1,
        "estimated_population": 3,
        "area_sq_m": 167.5
      },
      "geometry": {
        "type": "Polygon",
        "coordinates": [
          [
            [
              77.71130981095631,
              12.683312788512842
            ],
            [
              77.71121761109755,
              12.683402254267632
            ],
            [
              77.71114390860389,
              12.683326299400628
            ],
            [
              77.71123610846264,
              12.683236833645838
            ],
            [
              77.71130981095631,
              12.683312788512842
            ]
          ]
        ]
      }
    },
    {
      "type": "Feature",
      "properties": {
        "building_id": "bldg_0123",
        "building_type": "residential",
        "estimated_households": 1,
        "estimated_population": 3,
        "area_sq_m": 91.3
      },
      "geometry": {
        "type": "Polygon",
        "coordinates": [
          [
            [
              77.71563467113904,
              12.679132631322366
            ],
            [
              77.71554399070007,
              12.679056902333015
            ],
            [
              77.71558420624743,
              12.679008746883978
            ],
            [
              77.7156748866864,
              12.67908447587333
            ],
            [
              77.71563467113904,
              12.679132631322366
            ]
          ]
        ]
      }
    },
    {
      "type": "Feature",
      "properties": {
        "building_id": "bldg_0124",
        "building_type": "residential",
        "estimated_households": 1,
        "estimated_population": 4,
        "area_sq_m": 92.4
      },
      "geometry": {
        "type": "Polygon",
        "coordinates": [
          [
            [
              77.71738000754662,
              12.683747608533318
            ],
            [
              77.71732039110285,
              12.683789966491723
            ],
            [
              77.71726102543757,
              12.683706412657221
            ],
            [
              77.71732064188134,
              12.683664054698816
            ],
            [
              77.71738000754662,
              12.683747608533318
            ]
          ]
        ]
      }
    },
    {
      "type": "Feature",
      "properties": {
        "building_id": "bldg_0125",
        "building_type": "residential",
        "estimated_households": 1,
        "estimated_population": 3,
        "area_sq_m": 114.4
      },
      "geometry": {
        "type": "Polygon",
        "coordinates": [
          [
            [
              77.71376618307544,
              12.680165585955402
            ],
            [
              77.71383397807072,
              12.68010187263396
            ],
            [
              77.7139022955282,
              12.680174566720593
            ],
            [
              77.71383450053291,
              12.680238280042035
            ],
            [
              77.71376618307544,
              12.680165585955402
            ]
          ]
        ]
      }
    },
    {
      "type": "Feature",
      "properties": {
        "building_id": "bldg_0126",
        "building_type": "residential",
        "estimated_households": 1,
        "estimated_population": 5,
        "area_sq_m": 76.9
      },
      "geometry": {
        "type": "Polygon",
        "coordinates": [
          [
            [
              77.71688843156579,
              12.672877593487136
            ],
            [
              77.71696009235508,
              12.672931531581295
            ],
            [
              77.71691822234075,
              12.672987159024597
            ],
            [
              77.71684656155146,
              12.672933220930439
            ],
            [
              77.71688843156579,
              12.672877593487136
            ]
          ]
        ]
      }
    },
    {
      "type": "Feature",
      "properties": {
        "building_id": "bldg_0127",
        "building_type": "residential",
        "estimated_households": 1,
        "estimated_population": 3,
        "area_sq_m": 112.9
      },
      "geometry": {
        "type": "Polygon",
        "coordinates": [
          [
            [
              77.7110952030204,
              12.677393470764644
            ],
            [
              77.71100565074221,
              12.677425950560359
            ],
            [
              77.71097283996785,
              12.677335485718194
            ],
            [
              77.71106239224605,
              12.677303005922479
            ],
            [
              77.7110952030204,
              12.677393470764644
            ]
          ]
        ]
      }
    },
    {
      "type": "Feature",
      "properties": {
        "building_id": "bldg_0128",
        "building_type": "agricultural",
        "estimated_households": 0,
        "estimated_population": 0,
        "area_sq_m": 89.4
      },
      "geometry": {
        "type": "Polygon",
        "coordinates": [
          [
            [
              77.7158110371827,
              12.679132256883522
            ],
            [
              77.71589691455821,
              12.679110058495912
            ],
            [
              77.71591738422345,
              12.679189248082041
            ],
            [
              77.71583150684793,
              12.679211446469651
            ],
            [
              77.7158110371827,
              12.679132256883522
            ]
          ]
        ]
      }
    },
    {
      "type": "Feature",
      "properties": {
        "building_id": "bldg_0129",
        "building_type": "residential",
        "estimated_households": 1,
        "estimated_population": 5,
        "area_sq_m": 109.1
      },
      "geometry": {
        "type": "Polygon",
        "coordinates": [
          [
            [
              77.71087000185062,
              12.680857106291954
            ],
            [
              77.71084495250587,
              12.680952028149981
            ],
            [
              77.71075777062745,
              12.680929021342331
            ],
            [
              77.71078281997221,
              12.680834099484304
            ],
            [
              77.71087000185062,
              12.680857106291954
            ]
          ]
        ]
      }
    },
    {
      "type": "Feature",
      "properties": {
        "building_id": "bldg_0130",
        "building_type": "residential",
        "estimated_households": 1,
        "estimated_population": 3,
        "area_sq_m": 106.5
      },
      "geometry": {
        "type": "Polygon",
        "coordinates": [
          [
            [
              77.71041555842461,
              12.68443975704628
            ],
            [
              77.71043358369519,
              12.68435973986282
            ],
            [
              77.71053643146925,
              12.684382908123384
            ],
            [
              77.71051840619867,
              12.684462925306843
            ],
            [
              77.71041555842461,
              12.68443975704628
            ]
          ]
        ]
      }
    },
    {
      "type": "Feature",
      "properties": {
        "building_id": "bldg_0131",
        "building_type": "residential",
        "estimated_households": 1,
        "estimated_population": 3,
        "area_sq_m": 119.2
      },
      "geometry": {
        "type": "Polygon",
        "coordinates": [
          [
            [
              77.71095646133553,
              12.684186582486811
            ],
            [
              77.71105032184754,
              12.68421206478039
            ],
            [
              77.71102426276066,
              12.684308049830923
            ],
            [
              77.71093040224865,
              12.684282567537345
            ],
            [
              77.71095646133553,
              12.684186582486811
            ]
          ]
        ]
      }
    },
    {
      "type": "Feature",
      "properties": {
        "building_id": "bldg_0132",
        "building_type": "commercial",
        "estimated_households": 0,
        "estimated_population": 0,
        "area_sq_m": 119.9
      },
      "geometry": {
        "type": "Polygon",
        "coordinates": [
          [
            [
              77.70964419696537,
              12.683155122176686
            ],
            [
              77.70968325489291,
              12.683064321475486
            ],
            [
              77.70977366302043,
              12.683103210537436
            ],
            [
              77.70973460509289,
              12.683194011238635
            ],
            [
              77.70964419696537,
              12.683155122176686
            ]
          ]
        ]
      }
    },
    {
      "type": "Feature",
      "properties": {
        "building_id": "bldg_0133",
        "building_type": "residential",
        "estimated_households": 1,
        "estimated_population": 3,
        "area_sq_m": 88.9
      },
      "geometry": {
        "type": "Polygon",
        "coordinates": [
          [
            [
              77.70896502226782,
              12.687875263731355
            ],
            [
              77.70908435645563,
              12.687882690375751
            ],
            [
              77.70908060873853,
              12.687942910140153
            ],
            [
              77.70896127455072,
              12.687935483495757
            ],
            [
              77.70896502226782,
              12.687875263731355
            ]
          ]
        ]
      }
    },
    {
      "type": "Feature",
      "properties": {
        "building_id": "bldg_0134",
        "building_type": "residential",
        "estimated_households": 1,
        "estimated_population": 3,
        "area_sq_m": 108.8
      },
      "geometry": {
        "type": "Polygon",
        "coordinates": [
          [
            [
              77.71090669411558,
              12.68054460469203
            ],
            [
              77.7109889755215,
              12.680494330921878
            ],
            [
              77.7110367165551,
              12.680572467082188
            ],
            [
              77.71095443514918,
              12.680622740852339
            ],
            [
              77.71090669411558,
              12.68054460469203
            ]
          ]
        ]
      }
    },
    {
      "type": "Feature",
      "properties": {
        "building_id": "bldg_0135",
        "building_type": "residential",
        "estimated_households": 1,
        "estimated_population": 4,
        "area_sq_m": 76.1
      },
      "geometry": {
        "type": "Polygon",
        "coordinates": [
          [
            [
              77.72016233587549,
              12.681157963658643
            ],
            [
              77.7201557796002,
              12.681244762452438
            ],
            [
              77.72008503387788,
              12.681239418732664
            ],
            [
              77.72009159015316,
              12.681152619938869
            ],
            [
              77.72016233587549,
              12.681157963658643
            ]
          ]
        ]
      }
    },
    {
      "type": "Feature",
      "properties": {
        "building_id": "bldg_0136",
        "building_type": "residential",
        "estimated_households": 1,
        "estimated_population": 3,
        "area_sq_m": 69.3
      },
      "geometry": {
        "type": "Polygon",
        "coordinates": [
          [
            [
              77.71845127808473,
              12.677106442555349
            ],
            [
              77.71844522771312,
              12.677187977630947
            ],
            [
              77.71837661249717,
              12.67718288598724
            ],
            [
              77.71838266286878,
              12.677101350911641
            ],
            [
              77.71845127808473,
              12.677106442555349
            ]
          ]
        ]
      }
    },
    {
      "type": "Feature",
      "properties": {
        "building_id": "bldg_0137",
        "building_type": "residential",
        "estimated_households": 1,
        "estimated_population": 4,
        "area_sq_m": 140.4
      },
      "geometry": {
        "type": "Polygon",
        "coordinates": [
          [
            [
              77.71712780790125,
              12.678322668580932
            ],
            [
              77.71707018662165,
              12.678415537104067
            ],
            [
              77.71698160206284,
              12.678360573856462
            ],
            [
              77.71703922334244,
              12.678267705333328
            ],
            [
              77.71712780790125,
              12.678322668580932
            ]
          ]
        ]
      }
    },
    {
      "type": "Feature",
      "properties": {
        "building_id": "bldg_0138",
        "building_type": "residential",
        "estimated_households": 1,
        "estimated_population": 4,
        "area_sq_m": 78.0
      },
      "geometry": {
        "type": "Polygon",
        "coordinates": [
          [
            [
              77.707423252319,
              12.684192033221994
            ],
            [
              77.7073322297296,
              12.684176484866393
            ],
            [
              77.70734377518956,
              12.684108895875767
            ],
            [
              77.70743479777896,
              12.684124444231367
            ],
            [
              77.707423252319,
              12.684192033221994
            ]
          ]
        ]
      }
    },
    {
      "type": "Feature",
      "properties": {
        "building_id": "bldg_0139",
        "building_type": "residential",
        "estimated_households": 1,
        "estimated_population": 5,
        "area_sq_m": 102.9
      },
      "geometry": {
        "type": "Polygon",
        "coordinates": [
          [
            [
              77.71713727844588,
              12.679915452355191
            ],
            [
              77.71715917717884,
              12.679839895920757
            ],
            [
              77.71726118678046,
              12.679869461649245
            ],
            [
              77.7172392880475,
              12.679945018083679
            ],
            [
              77.71713727844588,
              12.679915452355191
            ]
          ]
        ]
      }
    },
    {
      "type": "Feature",
      "properties": {
        "building_id": "bldg_0140",
        "building_type": "residential",
        "estimated_households": 1,
        "estimated_population": 5,
        "area_sq_m": 142.1
      },
      "geometry": {
        "type": "Polygon",
        "coordinates": [
          [
            [
              77.70929188584253,
              12.687479069498456
            ],
            [
              77.7092955142435,
              12.687584980313705
            ],
            [
              77.70918672898733,
              12.68758870719021
            ],
            [
              77.70918310058637,
              12.687482796374962
            ],
            [
              77.70929188584253,
              12.687479069498456
            ]
          ]
        ]
      }
    },
    {
      "type": "Feature",
      "properties": {
        "building_id": "bldg_0141",
        "building_type": "residential",
        "estimated_households": 1,
        "estimated_population": 5,
        "area_sq_m": 95.6
      },
      "geometry": {
        "type": "Polygon",
        "coordinates": [
          [
            [
              77.71385332524389,
              12.686176419199395
            ],
            [
              77.71383739125204,
              12.686259739590142
            ],
            [
              77.71374754643688,
              12.686242557883002
            ],
            [
              77.71376348042872,
              12.686159237492255
            ],
            [
              77.71385332524389,
              12.686176419199395
            ]
          ]
        ]
      }
    },
    {
      "type": "Feature",
      "properties": {
        "building_id": "bldg_0142",
        "building_type": "residential",
        "estimated_households": 1,
        "estimated_population": 4,
        "area_sq_m": 112.8
      },
      "geometry": {
        "type": "Polygon",
        "coordinates": [
          [
            [
              77.7158099906061,
              12.68513255463604
            ],
            [
              77.71590018194956,
              12.685171498525877
            ],
            [
              77.7158632458764,
              12.685257039905393
            ],
            [
              77.71577305453295,
              12.685218096015555
            ],
            [
              77.7158099906061,
              12.68513255463604
            ]
          ]
        ]
      }
    },
    {
      "type": "Feature",
      "properties": {
        "building_id": "bldg_0143",
        "building_type": "residential",
        "estimated_households": 1,
        "estimated_population": 4,
        "area_sq_m": 107.9
      },
      "geometry": {
        "type": "Polygon",
        "coordinates": [
          [
            [
              77.70799389246538,
              12.683646934560059
            ],
            [
              77.70797409739671,
              12.68355664633497
            ],
            [
              77.70806662518869,
              12.683536360256756
            ],
            [
              77.70808642025736,
              12.683626648481845
            ],
            [
              77.70799389246538,
              12.683646934560059
            ]
          ]
        ]
      }
    },
    {
      "type": "Feature",
      "properties": {
        "building_id": "bldg_0144",
        "building_type": "residential",
        "estimated_households": 1,
        "estimated_population": 3,
        "area_sq_m": 137.7
      },
      "geometry": {
        "type": "Polygon",
        "coordinates": [
          [
            [
              77.71398185764185,
              12.69030165089619
            ],
            [
              77.71410383012143,
              12.690330209013863
            ],
            [
              77.7140834953514,
              12.690417059357058
            ],
            [
              77.71396152287183,
              12.690388501239385
            ],
            [
              77.71398185764185,
              12.69030165089619
            ]
          ]
        ]
      }
    },
    {
      "type": "Feature",
      "properties": {
        "building_id": "bldg_0145",
        "building_type": "residential",
        "estimated_households": 1,
        "estimated_population": 4,
        "area_sq_m": 83.2
      },
      "geometry": {
        "type": "Polygon",
        "coordinates": [
          [
            [
              77.70956663979507,
              12.683705373562047
            ],
            [
              77.70950710404729,
              12.68376337098975
            ],
            [
              77.70945040763965,
              12.683705170770205
            ],
            [
              77.70950994338743,
              12.683647173342502
            ],
            [
              77.70956663979507,
              12.683705373562047
            ]
          ]
        ]
      }
    },
    {
      "type": "Feature",
      "properties": {
        "building_id": "bldg_0146",
        "building_type": "residential",
        "estimated_households": 1,
        "estimated_population": 5,
        "area_sq_m": 106.0
      },
      "geometry": {
        "type": "Polygon",
        "coordinates": [
          [
            [
              77.71495724073857,
              12.685398688428625
            ],
            [
              77.71484294719836,
              12.685385109396165
            ],
            [
              77.71485176638616,
              12.685310879056297
            ],
            [
              77.71496605992637,
              12.685324458088758
            ],
            [
              77.71495724073857,
              12.685398688428625
            ]
          ]
        ]
      }
    },
    {
      "type": "Feature",
      "properties": {
        "building_id": "bldg_0147",
        "building_type": "residential",
        "estimated_households": 1,
        "estimated_population": 4,
        "area_sq_m": 91.7
      },
      "geometry": {
        "type": "Polygon",
        "coordinates": [
          [
            [
              77.7249154799055,
              12.684625612615953
            ],
            [
              77.72483328601487,
              12.684662721059954
            ],
            [
              77.72479931507065,
              12.684587476620369
            ],
            [
              77.72488150896129,
              12.684550368176367
            ],
            [
              77.7249154799055,
              12.684625612615953
            ]
          ]
        ]
      }
    },
    {
      "type": "Feature",
      "properties": {
        "building_id": "bldg_0148",
        "building_type": "residential",
        "estimated_households": 1,
        "estimated_population": 3,
        "area_sq_m": 71.3
      },
      "geometry": {
        "type": "Polygon",
        "coordinates": [
          [
            [
              77.71167797300606,
              12.689462618394687
            ],
            [
              77.71162860851122,
              12.689398684235934
            ],
            [
              77.71168535217052,
              12.689354871630405
            ],
            [
              77.71173471666536,
              12.689418805789158
            ],
            [
              77.71167797300606,
              12.689462618394687
            ]
          ]
        ]
      }
    },
    {
      "type": "Feature",
      "properties": {
        "building_id": "bldg_0149",
        "building_type": "residential",
        "estimated_households": 1,
        "estimated_population": 3,
        "area_sq_m": 76.2
      },
      "geometry": {
        "type": "Polygon",
        "coordinates": [
          [
            [
              77.7118804848094,
              12.681005188315169
            ],
            [
              77.71194412632448,
              12.681063897819193
            ],
            [
              77.71189572214388,
              12.681116368291239
            ],
            [
              77.7118320806288,
              12.681057658787214
            ],
            [
              77.7118804848094,
              12.681005188315169
            ]
          ]
        ]
      }
    },
    {
      "type": "Feature",
      "properties": {
        "building_id": "bldg_0150",
        "building_type": "agricultural",
        "estimated_households": 0,
        "estimated_population": 0,
        "area_sq_m": 98.7
      },
      "geometry": {
        "type": "Polygon",
        "coordinates": [
          [
            [
              77.70793010048233,
              12.679963089617566
            ],
            [
              77.70792677606656,
              12.67985263319434
            ],
            [
              77.70799924443396,
              12.679850452108116
            ],
            [
              77.70800256884974,
              12.679960908531342
            ],
            [
              77.70793010048233,
              12.679963089617566
            ]
          ]
        ]
      }
    },
    {
      "type": "Feature",
      "properties": {
        "building_id": "bldg_0151",
        "building_type": "agricultural",
        "estimated_households": 0,
        "estimated_population": 0,
        "area_sq_m": 152.1
      },
      "geometry": {
        "type": "Polygon",
        "coordinates": [
          [
            [
              77.71235121242962,
              12.676103391389896
            ],
            [
              77.7124635453473,
              12.676102265656649
            ],
            [
              77.71246464664186,
              12.676212159923802
            ],
            [
              77.71235231372418,
              12.676213285657049
            ],
            [
              77.71235121242962,
              12.676103391389896
            ]
          ]
        ]
      }
    },
    {
      "type": "Feature",
      "properties": {
        "building_id": "bldg_0152",
        "building_type": "agricultural",
        "estimated_households": 0,
        "estimated_population": 0,
        "area_sq_m": 171.6
      },
      "geometry": {
        "type": "Polygon",
        "coordinates": [
          [
            [
              77.71342356460853,
              12.6894305569012
            ],
            [
              77.71348020508556,
              12.689313755220194
            ],
            [
              77.71357674377948,
              12.689360569595028
            ],
            [
              77.71352010330246,
              12.689477371276034
            ],
            [
              77.71342356460853,
              12.6894305569012
            ]
          ]
        ]
      }
    },
    {
      "type": "Feature",
      "properties": {
        "building_id": "bldg_0153",
        "building_type": "residential",
        "estimated_households": 1,
        "estimated_population": 5,
        "area_sq_m": 100.4
      },
      "geometry": {
        "type": "Polygon",
        "coordinates": [
          [
            [
              77.71999349509046,
              12.68878260215866
            ],
            [
              77.71991095564118,
              12.688795973928181
            ],
            [
              77.71989537038046,
              12.688699771339891
            ],
            [
              77.71997790982974,
              12.68868639957037
            ],
            [
              77.71999349509046,
              12.68878260215866
            ]
          ]
        ]
      }
    },
    {
      "type": "Feature",
      "properties": {
        "building_id": "bldg_0154",
        "building_type": "agricultural",
        "estimated_households": 0,
        "estimated_population": 0,
        "area_sq_m": 109.5
      },
      "geometry": {
        "type": "Polygon",
        "coordinates": [
          [
            [
              77.71340010208836,
              12.672688454215898
            ],
            [
              77.7134448365797,
              12.67279712148527
            ],
            [
              77.71337487876163,
              12.672825920657495
            ],
            [
              77.71333014427029,
              12.672717253388122
            ],
            [
              77.71340010208836,
              12.672688454215898
            ]
          ]
        ]
      }
    },
    {
      "type": "Feature",
      "properties": {
        "building_id": "bldg_0155",
        "building_type": "residential",
        "estimated_households": 1,
        "estimated_population": 5,
        "area_sq_m": 113.6
      },
      "geometry": {
        "type": "Polygon",
        "coordinates": [
          [
            [
              77.71911503754133,
              12.682857976091105
            ],
            [
              77.71910566613849,
              12.682735910287006
            ],
            [
              77.71918072385954,
              12.682730147853002
            ],
            [
              77.71919009526238,
              12.682852213657101
            ],
            [
              77.71911503754133,
              12.682857976091105
            ]
          ]
        ]
      }
    },
    {
      "type": "Feature",
      "properties": {
        "building_id": "bldg_0156",
        "building_type": "agricultural",
        "estimated_households": 0,
        "estimated_population": 0,
        "area_sq_m": 110.5
      },
      "geometry": {
        "type": "Polygon",
        "coordinates": [
          [
            [
              77.7188235524625,
              12.675593487653664
            ],
            [
              77.71874540899783,
              12.675647773015246
            ],
            [
              77.71869161469151,
              12.675570336421782
            ],
            [
              77.71876975815617,
              12.6755160510602
            ],
            [
              77.7188235524625,
              12.675593487653664
            ]
          ]
        ]
      }
    },
    {
      "type": "Feature",
      "properties": {
        "building_id": "bldg_0157",
        "building_type": "residential",
        "estimated_households": 1,
        "estimated_population": 3,
        "area_sq_m": 114.6
      },
      "geometry": {
        "type": "Polygon",
        "coordinates": [
          [
            [
              77.7124768342618,
              12.67562093884613
            ],
            [
              77.71257990428794,
              12.67564208715613
            ],
            [
              77.71256214044418,
              12.675728662387925
            ],
            [
              77.71245907041805,
              12.675707514077926
            ],
            [
              77.7124768342618,
              12.67562093884613
            ]
          ]
        ]
      }
    },
    {
      "type": "Feature",
      "properties": {
        "building_id": "bldg_0158",
        "building_type": "residential",
        "estimated_households": 1,
        "estimated_population": 3,
        "area_sq_m": 98.8
      },
      "geometry": {
        "type": "Polygon",
        "coordinates": [
          [
            [
              77.70879800843862,
              12.687111357988261
            ],
            [
              77.70870205086936,
              12.687194431614758
            ],
            [
              77.70866069425917,
              12.687146660980979
            ],
            [
              77.70875665182842,
              12.687063587354482
            ],
            [
              77.70879800843862,
              12.687111357988261
            ]
          ]
        ]
      }
    },
    {
      "type": "Feature",
      "properties": {
        "building_id": "bldg_0159",
        "building_type": "residential",
        "estimated_households": 1,
        "estimated_population": 5,
        "area_sq_m": 92.7
      },
      "geometry": {
        "type": "Polygon",
        "coordinates": [
          [
            [
              77.7106095349875,
              12.676674135154444
            ],
            [
              77.71064479402342,
              12.676746263851793
            ],
            [
              77.71056057384232,
              12.676787433628876
            ],
            [
              77.71052531480639,
              12.676715304931527
            ],
            [
              77.7106095349875,
              12.676674135154444
            ]
          ]
        ]
      }
    },
    {
      "type": "Feature",
      "properties": {
        "building_id": "bldg_0160",
        "building_type": "residential",
        "estimated_households": 1,
        "estimated_population": 4,
        "area_sq_m": 98.8
      },
      "geometry": {
        "type": "Polygon",
        "coordinates": [
          [
            [
              77.710086363801,
              12.68233164688453
            ],
            [
              77.71007072241848,
              12.682404148307041
            ],
            [
              77.709965004932,
              12.682381340924957
            ],
            [
              77.70998064631452,
              12.682308839502445
            ],
            [
              77.710086363801,
              12.68233164688453
            ]
          ]
        ]
      }
    },
    {
      "type": "Feature",
      "properties": {
        "building_id": "bldg_0161",
        "building_type": "residential",
        "estimated_households": 1,
        "estimated_population": 4,
        "area_sq_m": 77.8
      },
      "geometry": {
        "type": "Polygon",
        "coordinates": [
          [
            [
              77.71334184710064,
              12.679317855298388
            ],
            [
              77.71337648992287,
              12.679382619213568
            ],
            [
              77.71330072198764,
              12.679423148188755
            ],
            [
              77.71326607916541,
              12.679358384273575
            ],
            [
              77.71334184710064,
              12.679317855298388
            ]
          ]
        ]
      }
    },
    {
      "type": "Feature",
      "properties": {
        "building_id": "bldg_0162",
        "building_type": "residential",
        "estimated_households": 1,
        "estimated_population": 3,
        "area_sq_m": 105.6
      },
      "geometry": {
        "type": "Polygon",
        "coordinates": [
          [
            [
              77.71705122387303,
              12.685087031052145
            ],
            [
              77.71714402097176,
              12.685129820285134
            ],
            [
              77.71710888394267,
              12.685206022033334
            ],
            [
              77.71701608684394,
              12.685163232800345
            ],
            [
              77.71705122387303,
              12.685087031052145
            ]
          ]
        ]
      }
    },
    {
      "type": "Feature",
      "properties": {
        "building_id": "bldg_0163",
        "building_type": "residential",
        "estimated_households": 1,
        "estimated_population": 4,
        "area_sq_m": 136.8
      },
      "geometry": {
        "type": "Polygon",
        "coordinates": [
          [
            [
              77.71978296142505,
              12.676867362713487
            ],
            [
              77.71984753233916,
              12.676967408497239
            ],
            [
              77.7197691923959,
              12.677017970165686
            ],
            [
              77.7197046214818,
              12.676917924381934
            ],
            [
              77.71978296142505,
              12.676867362713487
            ]
          ]
        ]
      }
    },
    {
      "type": "Feature",
      "properties": {
        "building_id": "bldg_0164",
        "building_type": "residential",
        "estimated_households": 1,
        "estimated_population": 5,
        "area_sq_m": 58.3
      },
      "geometry": {
        "type": "Polygon",
        "coordinates": [
          [
            [
              77.71243010633894,
              12.676077849776103
            ],
            [
              77.71249493873086,
              12.67610540851705
            ],
            [
              77.71246867564544,
              12.676167192857964
            ],
            [
              77.71240384325353,
              12.676139634117018
            ],
            [
              77.71243010633894,
              12.676077849776103
            ]
          ]
        ]
      }
    },
    {
      "type": "Feature",
      "properties": {
        "building_id": "bldg_0165",
        "building_type": "commercial",
        "estimated_households": 0,
        "estimated_population": 0,
        "area_sq_m": 125.4
      },
      "geometry": {
        "type": "Polygon",
        "coordinates": [
          [
            [
              77.7144524528123,
              12.675485642864345
            ],
            [
              77.71441471956253,
              12.675368721120922
            ],
            [
              77.71449353236515,
              12.675343286474806
            ],
            [
              77.71453126561492,
              12.67546020821823
            ],
            [
              77.7144524528123,
              12.675485642864345
            ]
          ]
        ]
      }
    },
    {
      "type": "Feature",
      "properties": {
        "building_id": "bldg_0166",
        "building_type": "residential",
        "estimated_households": 1,
        "estimated_population": 5,
        "area_sq_m": 150.8
      },
      "geometry": {
        "type": "Polygon",
        "coordinates": [
          [
            [
              77.71724871953019,
              12.674046869519673
            ],
            [
              77.717145921817,
              12.674107617931865
            ],
            [
              77.71709377829204,
              12.674019381302598
            ],
            [
              77.71719657600522,
              12.673958632890406
            ],
            [
              77.71724871953019,
              12.674046869519673
            ]
          ]
        ]
      }
    },
    {
      "type": "Feature",
      "properties": {
        "building_id": "bldg_0167",
        "building_type": "residential",
        "estimated_households": 1,
        "estimated_population": 5,
        "area_sq_m": 106.2
      },
      "geometry": {
        "type": "Polygon",
        "coordinates": [
          [
            [
              77.71406220661399,
              12.672783849567853
            ],
            [
              77.71394896244242,
              12.672731759486775
            ],
            [
              77.71397786887442,
              12.67266891671752
            ],
            [
              77.714091113046,
              12.672721006798598
            ],
            [
              77.71406220661399,
              12.672783849567853
            ]
          ]
        ]
      }
    },
    {
      "type": "Feature",
      "properties": {
        "building_id": "bldg_0168",
        "building_type": "residential",
        "estimated_households": 1,
        "estimated_population": 5,
        "area_sq_m": 111.0
      },
      "geometry": {
        "type": "Polygon",
        "coordinates": [
          [
            [
              77.72051445903345,
              12.68011673960593
            ],
            [
              77.72042971818203,
              12.680028650209724
            ],
            [
              77.72048282361415,
              12.679977563475953
            ],
            [
              77.72056756446557,
              12.680065652872159
            ],
            [
              77.72051445903345,
              12.68011673960593
            ]
          ]
        ]
      }
    },
    {
      "type": "Feature",
      "properties": {
        "building_id": "bldg_0169",
        "building_type": "residential",
        "estimated_households": 1,
        "estimated_population": 3,
        "area_sq_m": 134.5
      },
      "geometry": {
        "type": "Polygon",
        "coordinates": [
          [
            [
              77.71408465894164,
              12.67667404838084
            ],
            [
              77.71399048594186,
              12.676641591490645
            ],
            [
              77.71402620458706,
              12.676537954575805
            ],
            [
              77.71412037758684,
              12.676570411466
            ],
            [
              77.71408465894164,
              12.67667404838084
            ]
          ]
        ]
      }
    },
    {
      "type": "Feature",
      "properties": {
        "building_id": "bldg_0170",
        "building_type": "residential",
        "estimated_households": 1,
        "estimated_population": 5,
        "area_sq_m": 115.8
      },
      "geometry": {
        "type": "Polygon",
        "coordinates": [
          [
            [
              77.71534626895813,
              12.671864721886317
            ],
            [
              77.71540581162672,
              12.67196517114036
            ],
            [
              77.71533655922262,
              12.672006221449655
            ],
            [
              77.71527701655403,
              12.671905772195611
            ],
            [
              77.71534626895813,
              12.671864721886317
            ]
          ]
        ]
      }
    },
    {
      "type": "Feature",
      "properties": {
        "building_id": "bldg_0171",
        "building_type": "residential",
        "estimated_households": 1,
        "estimated_population": 5,
        "area_sq_m": 125.2
      },
      "geometry": {
        "type": "Polygon",
        "coordinates": [
          [
            [
              77.71739638461051,
              12.682704613303306
            ],
            [
              77.71729114128203,
              12.682730297217958
            ],
            [
              77.7172689071692,
              12.682639189920954
            ],
            [
              77.71737415049768,
              12.682613506006302
            ],
            [
              77.71739638461051,
              12.682704613303306
            ]
          ]
        ]
      }
    },
    {
      "type": "Feature",
      "properties": {
        "building_id": "bldg_0172",
        "building_type": "residential",
        "estimated_households": 1,
        "estimated_population": 4,
        "area_sq_m": 64.6
      },
      "geometry": {
        "type": "Polygon",
        "coordinates": [
          [
            [
              77.71085212010827,
              12.685065087192845
            ],
            [
              77.71083375246305,
              12.684995193890728
            ],
            [
              77.710903900909,
              12.684976759194848
            ],
            [
              77.71092226855423,
              12.685046652496965
            ],
            [
              77.71085212010827,
              12.685065087192845
            ]
          ]
        ]
      }
    },
    {
      "type": "Feature",
      "properties": {
        "building_id": "bldg_0173",
        "building_type": "residential",
        "estimated_households": 1,
        "estimated_population": 4,
        "area_sq_m": 129.0
      },
      "geometry": {
        "type": "Polygon",
        "coordinates": [
          [
            [
              77.71184544662101,
              12.682821747754874
            ],
            [
              77.71174429572626,
              12.682863479393967
            ],
            [
              77.71170780518325,
              12.6827750320874
            ],
            [
              77.711808956078,
              12.682733300448307
            ],
            [
              77.71184544662101,
              12.682821747754874
            ]
          ]
        ]
      }
    },
    {
      "type": "Feature",
      "properties": {
        "building_id": "bldg_0174",
        "building_type": "residential",
        "estimated_households": 1,
        "estimated_population": 5,
        "area_sq_m": 57.0
      },
      "geometry": {
        "type": "Polygon",
        "coordinates": [
          [
            [
              77.71761423654392,
              12.678006604849761
            ],
            [
              77.71759477189146,
              12.678074971930744
            ],
            [
              77.71753223147233,
              12.678057166175309
            ],
            [
              77.7175516961248,
              12.677988799094326
            ],
            [
              77.71761423654392,
              12.678006604849761
            ]
          ]
        ]
      }
    },
    {
      "type": "Feature",
      "properties": {
        "building_id": "bldg_0175",
        "building_type": "residential",
        "estimated_households": 1,
        "estimated_population": 3,
        "area_sq_m": 133.9
      },
      "geometry": {
        "type": "Polygon",
        "coordinates": [
          [
            [
              77.71249706082429,
              12.683978432260085
            ],
            [
              77.71256306069178,
              12.684073601641312
            ],
            [
              77.71248592523304,
              12.684127095002198
            ],
            [
              77.71241992536555,
              12.684031925620971
            ],
            [
              77.71249706082429,
              12.683978432260085
            ]
          ]
        ]
      }
    },
    {
      "type": "Feature",
      "properties": {
        "building_id": "bldg_0176",
        "building_type": "residential",
        "estimated_households": 1,
        "estimated_population": 5,
        "area_sq_m": 96.4
      },
      "geometry": {
        "type": "Polygon",
        "coordinates": [
          [
            [
              77.71551502185453,
              12.684559202729904
            ],
            [
              77.71547873085701,
              12.684454829367972
            ],
            [
              77.71554561163386,
              12.684431574678648
            ],
            [
              77.71558190263137,
              12.68453594804058
            ],
            [
              77.71551502185453,
              12.684559202729904
            ]
          ]
        ]
      }
    },
    {
      "type": "Feature",
      "properties": {
        "building_id": "bldg_0177",
        "building_type": "residential",
        "estimated_households": 1,
        "estimated_population": 4,
        "area_sq_m": 85.4
      },
      "geometry": {
        "type": "Polygon",
        "coordinates": [
          [
            [
              77.71393007535065,
              12.684679805408077
            ],
            [
              77.71393761813279,
              12.684609931400312
            ],
            [
              77.7140356689867,
              12.684620515825824
            ],
            [
              77.71402812620455,
              12.68469038983359
            ],
            [
              77.71393007535065,
              12.684679805408077
            ]
          ]
        ]
      }
    },
    {
      "type": "Feature",
      "properties": {
        "building_id": "bldg_0178",
        "building_type": "residential",
        "estimated_households": 1,
        "estimated_population": 5,
        "area_sq_m": 53.7
      },
      "geometry": {
        "type": "Polygon",
        "coordinates": [
          [
            [
              77.71933587899134,
              12.679145791806224
            ],
            [
              77.71940654455857,
              12.679152274596278
            ],
            [
              77.7194009355919,
              12.679213415063266
            ],
            [
              77.71933027002468,
              12.679206932273212
            ],
            [
              77.71933587899134,
              12.679145791806224
            ]
          ]
        ]
      }
    },
    {
      "type": "Feature",
      "properties": {
        "building_id": "bldg_0179",
        "building_type": "residential",
        "estimated_households": 1,
        "estimated_population": 5,
        "area_sq_m": 151.2
      },
      "geometry": {
        "type": "Polygon",
        "coordinates": [
          [
            [
              77.71223097428498,
              12.677202119770426
            ],
            [
              77.71229050452966,
              12.677094557248488
            ],
            [
              77.71237786387377,
              12.677142906088188
            ],
            [
              77.71231833362909,
              12.677250468610126
            ],
            [
              77.71223097428498,
              12.677202119770426
            ]
          ]
        ]
      }
    },
    {
      "type": "Feature",
      "properties": {
        "building_id": "bldg_0180",
        "building_type": "residential",
        "estimated_households": 1,
        "estimated_population": 5,
        "area_sq_m": 71.9
      },
      "geometry": {
        "type": "Polygon",
        "coordinates": [
          [
            [
              77.71932836215683,
              12.689552048346656
            ],
            [
              77.71925763967897,
              12.689522985996607
            ],
            [
              77.71928666251586,
              12.68945235967302
            ],
            [
              77.71935738499371,
              12.689481422023068
            ],
            [
              77.71932836215683,
              12.689552048346656
            ]
          ]
        ]
      }
    },
    {
      "type": "Feature",
      "properties": {
        "building_id": "bldg_0181",
        "building_type": "residential",
        "estimated_households": 1,
        "estimated_population": 5,
        "area_sq_m": 79.4
      },
      "geometry": {
        "type": "Polygon",
        "coordinates": [
          [
            [
              77.71866220373043,
              12.680472808445126
            ],
            [
              77.7187004440677,
              12.680546279223483
            ],
            [
              77.7186314067058,
              12.680582212040063
            ],
            [
              77.71859316636854,
              12.680508741261706
            ],
            [
              77.71866220373043,
              12.680472808445126
            ]
          ]
        ]
      }
    },
    {
      "type": "Feature",
      "properties": {
        "building_id": "bldg_0182",
        "building_type": "residential",
        "estimated_households": 1,
        "estimated_population": 5,
        "area_sq_m": 76.1
      },
      "geometry": {
        "type": "Polygon",
        "coordinates": [
          [
            [
              77.71162550229441,
              12.689556822179682
            ],
            [
              77.71166428249614,
              12.689467337404103
            ],
            [
              77.71172236369362,
              12.689492508172432
            ],
            [
              77.71168358349189,
              12.68958199294801
            ],
            [
              77.71162550229441,
              12.689556822179682
            ]
          ]
        ]
      }
    },
    {
      "type": "Feature",
      "properties": {
        "building_id": "bldg_0183",
        "building_type": "residential",
        "estimated_households": 1,
        "estimated_population": 5,
        "area_sq_m": 76.9
      },
      "geometry": {
        "type": "Polygon",
        "coordinates": [
          [
            [
              77.71291980814017,
              12.684311422494194
            ],
            [
              77.71285222235076,
              12.684263048533182
            ],
            [
              77.71289591863776,
              12.684201998166653
            ],
            [
              77.71296350442717,
              12.684250372127664
            ],
            [
              77.71291980814017,
              12.684311422494194
            ]
          ]
        ]
      }
    },
    {
      "type": "Feature",
      "properties": {
        "building_id": "bldg_0184",
        "building_type": "residential",
        "estimated_households": 1,
        "estimated_population": 4,
        "area_sq_m": 141.4
      },
      "geometry": {
        "type": "Polygon",
        "coordinates": [
          [
            [
              77.71773069038137,
              12.678133454668368
            ],
            [
              77.71785736395721,
              12.678118595733821
            ],
            [
              77.71786784838228,
              12.678207976275223
            ],
            [
              77.71774117480645,
              12.67822283520977
            ],
            [
              77.71773069038137,
              12.678133454668368
            ]
          ]
        ]
      }
    },
    {
      "type": "Feature",
      "properties": {
        "building_id": "bldg_0185",
        "building_type": "residential",
        "estimated_households": 1,
        "estimated_population": 4,
        "area_sq_m": 138.8
      },
      "geometry": {
        "type": "Polygon",
        "coordinates": [
          [
            [
              77.71253748463447,
              12.675112084866036
            ],
            [
              77.71249270226593,
              12.675210495916703
            ],
            [
              77.71239786176669,
              12.675167338342835
            ],
            [
              77.71244264413522,
              12.675068927292168
            ],
            [
              77.71253748463447,
              12.675112084866036
            ]
          ]
        ]
      }
    },
    {
      "type": "Feature",
      "properties": {
        "building_id": "bldg_0186",
        "building_type": "commercial",
        "estimated_households": 0,
        "estimated_population": 0,
        "area_sq_m": 126.7
      },
      "geometry": {
        "type": "Polygon",
        "coordinates": [
          [
            [
              77.71713944963378,
              12.682984849601691
            ],
            [
              77.71701502263795,
              12.682976215570068
            ],
            [
              77.71702072984107,
              12.682893967766397
            ],
            [
              77.71714515683689,
              12.68290260179802
            ],
            [
              77.71713944963378,
              12.682984849601691
            ]
          ]
        ]
      }
    },
    {
      "type": "Feature",
      "properties": {
        "building_id": "bldg_0187",
        "building_type": "commercial",
        "estimated_households": 0,
        "estimated_population": 0,
        "area_sq_m": 138.2
      },
      "geometry": {
        "type": "Polygon",
        "coordinates": [
          [
            [
              77.72077466119988,
              12.68155172609455
            ],
            [
              77.72073599950244,
              12.681651476736134
            ],
            [
              77.7206382460469,
              12.681613589114939
            ],
            [
              77.72067690774435,
              12.681513838473355
            ],
            [
              77.72077466119988,
              12.68155172609455
            ]
          ]
        ]
      }
    },
    {
      "type": "Feature",
      "properties": {
        "building_id": "bldg_0188",
        "building_type": "residential",
        "estimated_households": 1,
        "estimated_population": 3,
        "area_sq_m": 61.6
      },
      "geometry": {
        "type": "Polygon",
        "coordinates": [
          [
            [
              77.7097260594205,
              12.684594089841408
            ],
            [
              77.70965129843559,
              12.684594688072893
            ],
            [
              77.70965076330207,
              12.684527812439768
            ],
            [
              77.70972552428698,
              12.684527214208282
            ],
            [
              77.7097260594205,
              12.684594089841408
            ]
          ]
        ]
      }
    },
    {
      "type": "Feature",
      "properties": {
        "building_id": "bldg_0189",
        "building_type": "agricultural",
        "estimated_households": 0,
        "estimated_population": 0,
        "area_sq_m": 100.8
      },
      "geometry": {
        "type": "Polygon",
        "coordinates": [
          [
            [
              77.72413173218408,
              12.681303847097954
            ],
            [
              77.72408123694818,
              12.681415609255088
            ],
            [
              77.72402044085251,
              12.681388140984328
            ],
            [
              77.72407093608841,
              12.681276378827194
            ],
            [
              77.72413173218408,
              12.681303847097954
            ]
          ]
        ]
      }
    },
    {
      "type": "Feature",
      "properties": {
        "building_id": "bldg_0190",
        "building_type": "residential",
        "estimated_households": 1,
        "estimated_population": 5,
        "area_sq_m": 108.3
      },
      "geometry": {
        "type": "Polygon",
        "coordinates": [
          [
            [
              77.71504108053351,
              12.676270499341936
            ],
            [
              77.71507231526887,
              12.676380108175877
            ],
            [
              77.71499813209782,
              12.676401247819761
            ],
            [
              77.71496689736246,
              12.67629163898582
            ],
            [
              77.71504108053351,
              12.676270499341936
            ]
          ]
        ]
      }
    },
    {
      "type": "Feature",
      "properties": {
        "building_id": "bldg_0191",
        "building_type": "residential",
        "estimated_households": 1,
        "estimated_population": 3,
        "area_sq_m": 129.8
      },
      "geometry": {
        "type": "Polygon",
        "coordinates": [
          [
            [
              77.71317351158312,
              12.676681215275972
            ],
            [
              77.71322313179108,
              12.67679306508115
            ],
            [
              77.71314445305352,
              12.67682796952567
            ],
            [
              77.71309483284556,
              12.676716119720492
            ],
            [
              77.71317351158312,
              12.676681215275972
            ]
          ]
        ]
      }
    },
    {
      "type": "Feature",
      "properties": {
        "building_id": "bldg_0192",
        "building_type": "residential",
        "estimated_households": 1,
        "estimated_population": 5,
        "area_sq_m": 170.6
      },
      "geometry": {
        "type": "Polygon",
        "coordinates": [
          [
            [
              77.71770674897955,
              12.681102937887063
            ],
            [
              77.71779801059009,
              12.681194845145713
            ],
            [
              77.71772214516169,
              12.681270177619796
            ],
            [
              77.71763088355115,
              12.681178270361146
            ],
            [
              77.71770674897955,
              12.681102937887063
            ]
          ]
        ]
      }
    },
    {
      "type": "Feature",
      "properties": {
        "building_id": "bldg_0193",
        "building_type": "residential",
        "estimated_households": 1,
        "estimated_population": 3,
        "area_sq_m": 68.7
      },
      "geometry": {
        "type": "Polygon",
        "coordinates": [
          [
            [
              77.706577595732,
              12.686247541594572
            ],
            [
              77.70650667458763,
              12.686284231354918
            ],
            [
              77.70647456715295,
              12.686222167825804
            ],
            [
              77.70654548829732,
              12.686185478065457
            ],
            [
              77.706577595732,
              12.686247541594572
            ]
          ]
        ]
      }
    },
    {
      "type": "Feature",
      "properties": {
        "building_id": "bldg_0194",
        "building_type": "residential",
        "estimated_households": 1,
        "estimated_population": 4,
        "area_sq_m": 126.1
      },
      "geometry": {
        "type": "Polygon",
        "coordinates": [
          [
            [
              77.72004466132897,
              12.68092660480606
            ],
            [
              77.72016068536318,
              12.68088972123315
            ],
            [
              77.72018615142404,
              12.680969829391973
            ],
            [
              77.72007012738983,
              12.681006712964884
            ],
            [
              77.72004466132897,
              12.68092660480606
            ]
          ]
        ]
      }
    },
    {
      "type": "Feature",
      "properties": {
        "building_id": "bldg_0195",
        "building_type": "residential",
        "estimated_households": 1,
        "estimated_population": 4,
        "area_sq_m": 106.3
      },
      "geometry": {
        "type": "Polygon",
        "coordinates": [
          [
            [
              77.7082081258575,
              12.688645642824053
            ],
            [
              77.70812098482412,
              12.688684376787965
            ],
            [
              77.70808423793785,
              12.688601706146489
            ],
            [
              77.70817137897123,
              12.688562972182577
            ],
            [
              77.7082081258575,
              12.688645642824053
            ]
          ]
        ]
      }
    },
    {
      "type": "Feature",
      "properties": {
        "building_id": "bldg_0196",
        "building_type": "residential",
        "estimated_households": 1,
        "estimated_population": 5,
        "area_sq_m": 146.3
      },
      "geometry": {
        "type": "Polygon",
        "coordinates": [
          [
            [
              77.72296343708702,
              12.68299154809077
            ],
            [
              77.72307024021337,
              12.68293416478383
            ],
            [
              77.72311659596245,
              12.683020443166678
            ],
            [
              77.7230097928361,
              12.683077826473617
            ],
            [
              77.72296343708702,
              12.68299154809077
            ]
          ]
        ]
      }
    },
    {
      "type": "Feature",
      "properties": {
        "building_id": "bldg_0197",
        "building_type": "residential",
        "estimated_households": 1,
        "estimated_population": 4,
        "area_sq_m": 94.3
      },
      "geometry": {
        "type": "Polygon",
        "coordinates": [
          [
            [
              77.714582523539,
              12.691469534865517
            ],
            [
              77.71450609314697,
              12.691409456732535
            ],
            [
              77.71455476399468,
              12.691347538497288
            ],
            [
              77.71463119438671,
              12.69140761663027
            ],
            [
              77.714582523539,
              12.691469534865517
            ]
          ]
        ]
      }
    },
    {
      "type": "Feature",
      "properties": {
        "building_id": "bldg_0198",
        "building_type": "residential",
        "estimated_households": 1,
        "estimated_population": 4,
        "area_sq_m": 74.1
      },
      "geometry": {
        "type": "Polygon",
        "coordinates": [
          [
            [
              77.71780019032838,
              12.686200150757651
            ],
            [
              77.71778927116299,
              12.686130228138271
            ],
            [
              77.71787328790083,
              12.686117108025448
            ],
            [
              77.71788420706622,
              12.686187030644827
            ],
            [
              77.71780019032838,
              12.686200150757651
            ]
          ]
        ]
      }
    },
    {
      "type": "Feature",
      "properties": {
        "building_id": "bldg_0199",
        "building_type": "residential",
        "estimated_households": 1,
        "estimated_population": 3,
        "area_sq_m": 112.7
      },
      "geometry": {
        "type": "Polygon",
        "coordinates": [
          [
            [
              77.72285171185729,
              12.68059604934978
            ],
            [
              77.7227672474105,
              12.680543697046627
            ],
            [
              77.72281574301593,
              12.680465454940027
            ],
            [
              77.72290020746271,
              12.68051780724318
            ],
            [
              77.72285171185729,
              12.68059604934978
            ]
          ]
        ]
      }
    },
    {
      "type": "Feature",
      "properties": {
        "building_id": "bldg_0200",
        "building_type": "residential",
        "estimated_households": 1,
        "estimated_population": 5,
        "area_sq_m": 105.7
      },
      "geometry": {
        "type": "Polygon",
        "coordinates": [
          [
            [
              77.71894811208641,
              12.68187126541851
            ],
            [
              77.71895834785533,
              12.68174575433064
            ],
            [
              77.7190262405767,
              12.681751291165833
            ],
            [
              77.71901600480777,
              12.681876802253703
            ],
            [
              77.71894811208641,
              12.68187126541851
            ]
          ]
        ]
      }
    },
    {
      "type": "Feature",
      "properties": {
        "building_id": "bldg_0201",
        "building_type": "residential",
        "estimated_households": 1,
        "estimated_population": 3,
        "area_sq_m": 71.7
      },
      "geometry": {
        "type": "Polygon",
        "coordinates": [
          [
            [
              77.70983174074946,
              12.676099953034743
            ],
            [
              77.70976648766876,
              12.67613369828044
            ],
            [
              77.70973007615318,
              12.676063289441622
            ],
            [
              77.70979532923388,
              12.676029544195925
            ],
            [
              77.70983174074946,
              12.676099953034743
            ]
          ]
        ]
      }
    },
    {
      "type": "Feature",
      "properties": {
        "building_id": "bldg_0202",
        "building_type": "residential",
        "estimated_households": 1,
        "estimated_population": 3,
        "area_sq_m": 93.0
      },
      "geometry": {
        "type": "Polygon",
        "coordinates": [
          [
            [
              77.71907760447446,
              12.680564297634183
            ],
            [
              77.71903332072661,
              12.680491926336583
            ],
            [
              77.71910916554545,
              12.680445517153034
            ],
            [
              77.7191534492933,
              12.680517888450634
            ],
            [
              77.71907760447446,
              12.680564297634183
            ]
          ]
        ]
      }
    },
    {
      "type": "Feature",
      "properties": {
        "building_id": "bldg_0203",
        "building_type": "residential",
        "estimated_households": 1,
        "estimated_population": 5,
        "area_sq_m": 110.0
      },
      "geometry": {
        "type": "Polygon",
        "coordinates": [
          [
            [
              77.71756014677322,
              12.68439254382701
            ],
            [
              77.71752943355877,
              12.684284113135302
            ],
            [
              77.71760565234854,
              12.684262524007734
            ],
            [
              77.717636365563,
              12.684370954699443
            ],
            [
              77.71756014677322,
              12.68439254382701
            ]
          ]
        ]
      }
    },
    {
      "type": "Feature",
      "properties": {
        "building_id": "bldg_0204",
        "building_type": "residential",
        "estimated_households": 1,
        "estimated_population": 5,
        "area_sq_m": 116.8
      },
      "geometry": {
        "type": "Polygon",
        "coordinates": [
          [
            [
              77.71950115753458,
              12.689676603035593
            ],
            [
              77.71939206489806,
              12.68965350924571
            ],
            [
              77.7194096751156,
              12.689570320428729
            ],
            [
              77.71951876775212,
              12.689593414218612
            ],
            [
              77.71950115753458,
              12.689676603035593
            ]
          ]
        ]
      }
    },
    {
      "type": "Feature",
      "properties": {
        "building_id": "bldg_0205",
        "building_type": "residential",
        "estimated_households": 1,
        "estimated_population": 5,
        "area_sq_m": 145.6
      },
      "geometry": {
        "type": "Polygon",
        "coordinates": [
          [
            [
              77.7119145559206,
              12.68994896946227
            ],
            [
              77.71201851937764,
              12.690013919008639
            ],
            [
              77.7119674523137,
              12.690095661050021
            ],
            [
              77.71186348885666,
              12.690030711503653
            ],
            [
              77.7119145559206,
              12.68994896946227
            ]
          ]
        ]
      }
    },
    {
      "type": "Feature",
      "properties": {
        "building_id": "bldg_0206",
        "building_type": "residential",
        "estimated_households": 1,
        "estimated_population": 5,
        "area_sq_m": 94.3
      },
      "geometry": {
        "type": "Polygon",
        "coordinates": [
          [
            [
              77.71619733511994,
              12.674567718891057
            ],
            [
              77.71626842441916,
              12.674534276007215
            ],
            [
              77.71630990152158,
              12.67462244358749
            ],
            [
              77.71623881222237,
              12.674655886471331
            ],
            [
              77.71619733511994,
              12.674567718891057
            ]
          ]
        ]
      }
    },
    {
      "type": "Feature",
      "properties": {
        "building_id": "bldg_0207",
        "building_type": "residential",
        "estimated_households": 1,
        "estimated_population": 4,
        "area_sq_m": 86.7
      },
      "geometry": {
        "type": "Polygon",
        "coordinates": [
          [
            [
              77.71584975650065,
              12.680201023320448
            ],
            [
              77.71577647664921,
              12.680189434872103
            ],
            [
              77.71579128674703,
              12.680095782837219
            ],
            [
              77.71586456659847,
              12.680107371285564
            ],
            [
              77.71584975650065,
              12.680201023320448
            ]
          ]
        ]
      }
    },
    {
      "type": "Feature",
      "properties": {
        "building_id": "bldg_0208",
        "building_type": "residential",
        "estimated_households": 1,
        "estimated_population": 5,
        "area_sq_m": 108.5
      },
      "geometry": {
        "type": "Polygon",
        "coordinates": [
          [
            [
              77.71452721191338,
              12.677237609562846
            ],
            [
              77.71455688118643,
              12.677325200173586
            ],
            [
              77.71446671125241,
              12.677355743132127
            ],
            [
              77.71443704197937,
              12.677268152521387
            ],
            [
              77.71452721191338,
              12.677237609562846
            ]
          ]
        ]
      }
    },
    {
      "type": "Feature",
      "properties": {
        "building_id": "bldg_0209",
        "building_type": "residential",
        "estimated_households": 1,
        "estimated_population": 4,
        "area_sq_m": 62.6
      },
      "geometry": {
        "type": "Polygon",
        "coordinates": [
          [
            [
              77.71691922244877,
              12.67746551488157
            ],
            [
              77.71692345473122,
              12.677392097845992
            ],
            [
              77.71699247660978,
              12.677396076760187
            ],
            [
              77.71698824432733,
              12.677469493795765
            ],
            [
              77.71691922244877,
              12.67746551488157
            ]
          ]
        ]
      }
    },
    {
      "type": "Feature",
      "properties": {
        "building_id": "bldg_0210",
        "building_type": "residential",
        "estimated_households": 1,
        "estimated_population": 4,
        "area_sq_m": 60.3
      },
      "geometry": {
        "type": "Polygon",
        "coordinates": [
          [
            [
              77.71792403101173,
              12.683582372161789
            ],
            [
              77.71800016974863,
              12.683596731193546
            ],
            [
              77.71798845487069,
              12.683658849310158
            ],
            [
              77.71791231613379,
              12.6836444902784
            ],
            [
              77.71792403101173,
              12.683582372161789
            ]
          ]
        ]
      }
    },
    {
      "type": "Feature",
      "properties": {
        "building_id": "bldg_0211",
        "building_type": "residential",
        "estimated_households": 1,
        "estimated_population": 3,
        "area_sq_m": 146.3
      },
      "geometry": {
        "type": "Polygon",
        "coordinates": [
          [
            [
              77.7211853841725,
              12.682423898327235
            ],
            [
              77.72121643090863,
              12.682300429078726
            ],
            [
              77.7213068813176,
              12.68232317312239
            ],
            [
              77.72127583458148,
              12.682446642370898
            ],
            [
              77.7211853841725,
              12.682423898327235
            ]
          ]
        ]
      }
    },
    {
      "type": "Feature",
      "properties": {
        "building_id": "bldg_0212",
        "building_type": "residential",
        "estimated_households": 1,
        "estimated_population": 4,
        "area_sq_m": 119.5
      },
      "geometry": {
        "type": "Polygon",
        "coordinates": [
          [
            [
              77.72108597442845,
              12.680592299674238
            ],
            [
              77.72100738679717,
              12.680531836370243
            ],
            [
              77.72106705129413,
              12.680454286994369
            ],
            [
              77.7211456389254,
              12.680514750298364
            ],
            [
              77.72108597442845,
              12.680592299674238
            ]
          ]
        ]
      }
    },
    {
      "type": "Feature",
      "properties": {
        "building_id": "bldg_0213",
        "building_type": "residential",
        "estimated_households": 1,
        "estimated_population": 4,
        "area_sq_m": 78.9
      },
      "geometry": {
        "type": "Polygon",
        "coordinates": [
          [
            [
              77.71194680056863,
              12.675175844353149
            ],
            [
              77.71188960554122,
              12.675243920241423
            ],
            [
              77.71183449471687,
              12.675197618016231
            ],
            [
              77.71189168974428,
              12.675129542127957
            ],
            [
              77.71194680056863,
              12.675175844353149
            ]
          ]
        ]
      }
    },
    {
      "type": "Feature",
      "properties": {
        "building_id": "bldg_0214",
        "building_type": "agricultural",
        "estimated_households": 0,
        "estimated_population": 0,
        "area_sq_m": 82.5
      },
      "geometry": {
        "type": "Polygon",
        "coordinates": [
          [
            [
              77.71709840378564,
              12.68087645395388
            ],
            [
              77.71717214841642,
              12.680853035700153
            ],
            [
              77.71719833840827,
              12.680935508599331
            ],
            [
              77.71712459377748,
              12.680958926853059
            ],
            [
              77.71709840378564,
              12.68087645395388
            ]
          ]
        ]
      }
    },
    {
      "type": "Feature",
      "properties": {
        "building_id": "bldg_0215",
        "building_type": "residential",
        "estimated_households": 1,
        "estimated_population": 5,
        "area_sq_m": 122.6
      },
      "geometry": {
        "type": "Polygon",
        "coordinates": [
          [
            [
              77.71819790442709,
              12.674793056915233
            ],
            [
              77.71809210100687,
              12.674809678655915
            ],
            [
              77.7180776764323,
              12.674717860996479
            ],
            [
              77.71818347985251,
              12.674701239255796
            ],
            [
              77.71819790442709,
              12.674793056915233
            ]
          ]
        ]
      }
    },
    {
      "type": "Feature",
      "properties": {
        "building_id": "bldg_0216",
        "building_type": "residential",
        "estimated_households": 1,
        "estimated_population": 3,
        "area_sq_m": 90.0
      },
      "geometry": {
        "type": "Polygon",
        "coordinates": [
          [
            [
              77.72278220980799,
              12.682800299914351
            ],
            [
              77.72274897044299,
              12.682865007078034
            ],
            [
              77.72265968395389,
              12.682819141581366
            ],
            [
              77.72269292331889,
              12.682754434417683
            ],
            [
              77.72278220980799,
              12.682800299914351
            ]
          ]
        ]
      }
    },
    {
      "type": "Feature",
      "properties": {
        "building_id": "bldg_0217",
        "building_type": "residential",
        "estimated_households": 1,
        "estimated_population": 5,
        "area_sq_m": 84.3
      },
      "geometry": {
        "type": "Polygon",
        "coordinates": [
          [
            [
              77.7084800782731,
              12.676782178242355
            ],
            [
              77.70838408633915,
              12.676828893273031
            ],
            [
              77.7083560506969,
              12.67677128450173
            ],
            [
              77.70845204263085,
              12.676724569471054
            ],
            [
              77.7084800782731,
              12.676782178242355
            ]
          ]
        ]
      }
    },
    {
      "type": "Feature",
      "properties": {
        "building_id": "bldg_0218",
        "building_type": "residential",
        "estimated_households": 1,
        "estimated_population": 5,
        "area_sq_m": 67.6
      },
      "geometry": {
        "type": "Polygon",
        "coordinates": [
          [
            [
              77.71437534092446,
              12.675369312951863
            ],
            [
              77.71429428407924,
              12.67535904492703
            ],
            [
              77.71430272400316,
              12.675292419298687
            ],
            [
              77.71438378084838,
              12.675302687323521
            ],
            [
              77.71437534092446,
              12.675369312951863
            ]
          ]
        ]
      }
    },
    {
      "type": "Feature",
      "properties": {
        "building_id": "bldg_0219",
        "building_type": "residential",
        "estimated_households": 1,
        "estimated_population": 4,
        "area_sq_m": 109.0
      },
      "geometry": {
        "type": "Polygon",
        "coordinates": [
          [
            [
              77.71095008141631,
              12.681951752843377
            ],
            [
              77.71089532305444,
              12.68184744301565
            ],
            [
              77.71096178871349,
              12.681812551283114
            ],
            [
              77.71101654707536,
              12.68191686111084
            ],
            [
              77.71095008141631,
              12.681951752843377
            ]
          ]
        ]
      }
    },
    {
      "type": "Feature",
      "properties": {
        "building_id": "bldg_0220",
        "building_type": "residential",
        "estimated_households": 1,
        "estimated_population": 3,
        "area_sq_m": 88.3
      },
      "geometry": {
        "type": "Polygon",
        "coordinates": [
          [
            [
              77.71954546761589,
              12.689914417561205
            ],
            [
              77.7195498636789,
              12.68999123259095
            ],
            [
              77.71945688371207,
              12.689996553760459
            ],
            [
              77.71945248764905,
              12.689919738730714
            ],
            [
              77.71954546761589,
              12.689914417561205
            ]
          ]
        ]
      }
    },
    {
      "type": "Feature",
      "properties": {
        "building_id": "bldg_0221",
        "building_type": "residential",
        "estimated_households": 1,
        "estimated_population": 4,
        "area_sq_m": 94.6
      },
      "geometry": {
        "type": "Polygon",
        "coordinates": [
          [
            [
              77.72251520685,
              12.686766762295854
            ],
            [
              77.72261708919406,
              12.686718010204478
            ],
            [
              77.72264644586352,
              12.686779359906886
            ],
            [
              77.72254456351946,
              12.686828111998262
            ],
            [
              77.72251520685,
              12.686766762295854
            ]
          ]
        ]
      }
    },
    {
      "type": "Feature",
      "properties": {
        "building_id": "bldg_0222",
        "building_type": "residential",
        "estimated_households": 1,
        "estimated_population": 5,
        "area_sq_m": 127.4
      },
      "geometry": {
        "type": "Polygon",
        "coordinates": [
          [
            [
              77.71613431423184,
              12.687944358620713
            ],
            [
              77.71620484747855,
              12.688013225961383
            ],
            [
              77.71613158072897,
              12.688088265039037
            ],
            [
              77.71606104748226,
              12.688019397698367
            ],
            [
              77.71613431423184,
              12.687944358620713
            ]
          ]
        ]
      }
    },
    {
      "type": "Feature",
      "properties": {
        "building_id": "bldg_0223",
        "building_type": "residential",
        "estimated_households": 1,
        "estimated_population": 5,
        "area_sq_m": 91.3
      },
      "geometry": {
        "type": "Polygon",
        "coordinates": [
          [
            [
              77.71700996116407,
              12.674952797203126
            ],
            [
              77.71708402017047,
              12.674914384223637
            ],
            [
              77.71712490576901,
              12.674993210361162
            ],
            [
              77.7170508467626,
              12.67503162334065
            ],
            [
              77.71700996116407,
              12.674952797203126
            ]
          ]
        ]
      }
    },
    {
      "type": "Feature",
      "properties": {
        "building_id": "bldg_0224",
        "building_type": "residential",
        "estimated_households": 1,
        "estimated_population": 3,
        "area_sq_m": 75.5
      },
      "geometry": {
        "type": "Polygon",
        "coordinates": [
          [
            [
              77.72383593405642,
              12.680076125954205
            ],
            [
              77.72381454478693,
              12.680157359217084
            ],
            [
              77.72374399474263,
              12.680138782911555
            ],
            [
              77.72376538401213,
              12.680057549648676
            ],
            [
              77.72383593405642,
              12.680076125954205
            ]
          ]
        ]
      }
    },
    {
      "type": "Feature",
      "properties": {
        "building_id": "bldg_0225",
        "building_type": "residential",
        "estimated_households": 1,
        "estimated_population": 3,
        "area_sq_m": 86.4
      },
      "geometry": {
        "type": "Polygon",
        "coordinates": [
          [
            [
              77.71134122138164,
              12.680263000145814
            ],
            [
              77.71133393028445,
              12.680174497631482
            ],
            [
              77.71141267327937,
              12.680168010552183
            ],
            [
              77.71141996437656,
              12.680256513066515
            ],
            [
              77.71134122138164,
              12.680263000145814
            ]
          ]
        ]
      }
    },
    {
      "type": "Feature",
      "properties": {
        "building_id": "bldg_0226",
        "building_type": "residential",
        "estimated_households": 1,
        "estimated_population": 3,
        "area_sq_m": 93.3
      },
      "geometry": {
        "type": "Polygon",
        "coordinates": [
          [
            [
              77.71070107574599,
              12.679339872058865
            ],
            [
              77.7107135124188,
              12.679247416033457
            ],
            [
              77.71079397267727,
              12.679258239102097
            ],
            [
              77.71078153600445,
              12.679350695127505
            ],
            [
              77.71070107574599,
              12.679339872058865
            ]
          ]
        ]
      }
    },
    {
      "type": "Feature",
      "properties": {
        "building_id": "bldg_0227",
        "building_type": "residential",
        "estimated_households": 1,
        "estimated_population": 3,
        "area_sq_m": 104.7
      },
      "geometry": {
        "type": "Polygon",
        "coordinates": [
          [
            [
              77.71645110591892,
              12.690131926004955
            ],
            [
              77.71651395667755,
              12.690212638930305
            ],
            [
              77.71644844578672,
              12.690263651939286
            ],
            [
              77.7163855950281,
              12.690182939013937
            ],
            [
              77.71645110591892,
              12.690131926004955
            ]
          ]
        ]
      }
    },
    {
      "type": "Feature",
      "properties": {
        "building_id": "bldg_0228",
        "building_type": "residential",
        "estimated_households": 1,
        "estimated_population": 4,
        "area_sq_m": 135.5
      },
      "geometry": {
        "type": "Polygon",
        "coordinates": [
          [
            [
              77.71148552260898,
              12.679487553416465
            ],
            [
              77.71145350968004,
              12.679382397304368
            ],
            [
              77.71154923660175,
              12.679353254926607
            ],
            [
              77.7115812495307,
              12.679458411038704
            ],
            [
              77.71148552260898,
              12.679487553416465
            ]
          ]
        ]
      }
    },
    {
      "type": "Feature",
      "properties": {
        "building_id": "bldg_0229",
        "building_type": "residential",
        "estimated_households": 1,
        "estimated_population": 5,
        "area_sq_m": 121.7
      },
      "geometry": {
        "type": "Polygon",
        "coordinates": [
          [
            [
              77.71265472795834,
              12.6743424599861
            ],
            [
              77.7127153045101,
              12.674228716462675
            ],
            [
              77.71278296463304,
              12.674264750311593
            ],
            [
              77.71272238808127,
              12.674378493835018
            ],
            [
              77.71265472795834,
              12.6743424599861
            ]
          ]
        ]
      }
    },
    {
      "type": "Feature",
      "properties": {
        "building_id": "bldg_0230",
        "building_type": "residential",
        "estimated_households": 1,
        "estimated_population": 5,
        "area_sq_m": 149.3
      },
      "geometry": {
        "type": "Polygon",
        "coordinates": [
          [
            [
              77.7200708546199,
              12.679804878159901
            ],
            [
              77.72008944601224,
              12.679692258860518
            ],
            [
              77.72019418630751,
              12.679709549572982
            ],
            [
              77.72017559491518,
              12.679822168872365
            ],
            [
              77.7200708546199,
              12.679804878159901
            ]
          ]
        ]
      }
    },
    {
      "type": "Feature",
      "properties": {
        "building_id": "bldg_0231",
        "building_type": "commercial",
        "estimated_households": 0,
        "estimated_population": 0,
        "area_sq_m": 126.3
      },
      "geometry": {
        "type": "Polygon",
        "coordinates": [
          [
            [
              77.71172283588041,
              12.68457343121964
            ],
            [
              77.71176188566346,
              12.684465119584257
            ],
            [
              77.71184562849226,
              12.684495311532572
            ],
            [
              77.7118065787092,
              12.684603623167956
            ],
            [
              77.71172283588041,
              12.68457343121964
            ]
          ]
        ]
      }
    },
    {
      "type": "Feature",
      "properties": {
        "building_id": "bldg_0232",
        "building_type": "residential",
        "estimated_households": 1,
        "estimated_population": 5,
        "area_sq_m": 94.2
      },
      "geometry": {
        "type": "Polygon",
        "coordinates": [
          [
            [
              77.71636888100548,
              12.684502741229469
            ],
            [
              77.7164548286581,
              12.684471836716206
            ],
            [
              77.71648314764741,
              12.684550593842559
            ],
            [
              77.71639719999479,
              12.684581498355822
            ],
            [
              77.71636888100548,
              12.684502741229469
            ]
          ]
        ]
      }
    },
    {
      "type": "Feature",
      "properties": {
        "building_id": "bldg_0233",
        "building_type": "residential",
        "estimated_households": 1,
        "estimated_population": 5,
        "area_sq_m": 87.9
      },
      "geometry": {
        "type": "Polygon",
        "coordinates": [
          [
            [
              77.71288207121069,
              12.683498243058958
            ],
            [
              77.71284999056103,
              12.683420122266227
            ],
            [
              77.71292809282468,
              12.683388049225618
            ],
            [
              77.71296017347434,
              12.683466170018349
            ],
            [
              77.71288207121069,
              12.683498243058958
            ]
          ]
        ]
      }
    },
    {
      "type": "Feature",
      "properties": {
        "building_id": "bldg_0234",
        "building_type": "residential",
        "estimated_households": 1,
        "estimated_population": 3,
        "area_sq_m": 109.4
      },
      "geometry": {
        "type": "Polygon",
        "coordinates": [
          [
            [
              77.71832030469007,
              12.674574929253623
            ],
            [
              77.71842795800809,
              12.674582791127573
            ],
            [
              77.71842196685039,
              12.674664828566744
            ],
            [
              77.71831431353236,
              12.674656966692794
            ],
            [
              77.71832030469007,
              12.674574929253623
            ]
          ]
        ]
      }
    },
    {
      "type": "Feature",
      "properties": {
        "building_id": "bldg_0235",
        "building_type": "residential",
        "estimated_households": 1,
        "estimated_population": 5,
        "area_sq_m": 141.8
      },
      "geometry": {
        "type": "Polygon",
        "coordinates": [
          [
            [
              77.71975765630457,
              12.679002343230387
            ],
            [
              77.7196533169757,
              12.67901585859835
            ],
            [
              77.7196392676734,
              12.678907397269317
            ],
            [
              77.71974360700227,
              12.678893881901354
            ],
            [
              77.71975765630457,
              12.679002343230387
            ]
          ]
        ]
      }
    },
    {
      "type": "Feature",
      "properties": {
        "building_id": "bldg_0236",
        "building_type": "residential",
        "estimated_households": 1,
        "estimated_population": 3,
        "area_sq_m": 72.8
      },
      "geometry": {
        "type": "Polygon",
        "coordinates": [
          [
            [
              77.71298946848019,
              12.675569040570416
            ],
            [
              77.71297197428848,
              12.675493526317947
            ],
            [
              77.71304626812515,
              12.675476314856805
            ],
            [
              77.71306376231686,
              12.675551829109274
            ],
            [
              77.71298946848019,
              12.675569040570416
            ]
          ]
        ]
      }
    },
    {
      "type": "Feature",
      "properties": {
        "building_id": "bldg_0237",
        "building_type": "residential",
        "estimated_households": 1,
        "estimated_population": 3,
        "area_sq_m": 90.3
      },
      "geometry": {
        "type": "Polygon",
        "coordinates": [
          [
            [
              77.71425858821033,
              12.679988627752511
            ],
            [
              77.7143525082536,
              12.68001220409104
            ],
            [
              77.71433407383637,
              12.680085640484101
            ],
            [
              77.7142401537931,
              12.680062064145572
            ],
            [
              77.71425858821033,
              12.679988627752511
            ]
          ]
        ]
      }
    },
    {
      "type": "Feature",
      "properties": {
        "building_id": "bldg_0238",
        "building_type": "residential",
        "estimated_households": 1,
        "estimated_population": 5,
        "area_sq_m": 102.8
      },
      "geometry": {
        "type": "Polygon",
        "coordinates": [
          [
            [
              77.71303243233527,
              12.679148627102736
            ],
            [
              77.71310605077251,
              12.67919192198897
            ],
            [
              77.71305654707501,
              12.679276097862
            ],
            [
              77.71298292863777,
              12.679232802975765
            ],
            [
              77.71303243233527,
              12.679148627102736
            ]
          ]
        ]
      }
    },
    {
      "type": "Feature",
      "properties": {
        "building_id": "bldg_0239",
        "building_type": "residential",
        "estimated_households": 1,
        "estimated_population": 5,
        "area_sq_m": 96.2
      },
      "geometry": {
        "type": "Polygon",
        "coordinates": [
          [
            [
              77.7116808796385,
              12.676970076754023
            ],
            [
              77.71174096831496,
              12.676929030190973
            ],
            [
              77.71180148605742,
              12.67701762301767
            ],
            [
              77.71174139738096,
              12.67705866958072
            ],
            [
              77.7116808796385,
              12.676970076754023
            ]
          ]
        ]
      }
    },
    {
      "type": "Feature",
      "properties": {
        "building_id": "bldg_0240",
        "building_type": "residential",
        "estimated_households": 1,
        "estimated_population": 5,
        "area_sq_m": 92.7
      },
      "geometry": {
        "type": "Polygon",
        "coordinates": [
          [
            [
              77.7107970142972,
              12.68109331339174
            ],
            [
              77.7108812240623,
              12.68104045170255
            ],
            [
              77.71092144286679,
              12.681104521090619
            ],
            [
              77.71083723310169,
              12.681157382779809
            ],
            [
              77.7107970142972,
              12.68109331339174
            ]
          ]
        ]
      }
    },
    {
      "type": "Feature",
      "properties": {
        "building_id": "bldg_0241",
        "building_type": "residential",
        "estimated_households": 1,
        "estimated_population": 3,
        "area_sq_m": 94.5
      },
      "geometry": {
        "type": "Polygon",
        "coordinates": [
          [
            [
              77.70984347536564,
              12.6806841884035
            ],
            [
              77.70984962367528,
              12.680759879652012
            ],
            [
              77.70974896703676,
              12.680768055870438
            ],
            [
              77.70974281872712,
              12.680692364621926
            ],
            [
              77.70984347536564,
              12.6806841884035
            ]
          ]
        ]
      }
    },
    {
      "type": "Feature",
      "properties": {
        "building_id": "bldg_0242",
        "building_type": "residential",
        "estimated_households": 1,
        "estimated_population": 4,
        "area_sq_m": 87.2
      },
      "geometry": {
        "type": "Polygon",
        "coordinates": [
          [
            [
              77.7166259320921,
              12.6895112198888
            ],
            [
              77.71669531316907,
              12.68954622041348
            ],
            [
              77.71665427450581,
              12.689627570812668
            ],
            [
              77.71658489342884,
              12.689592570287989
            ],
            [
              77.7166259320921,
              12.6895112198888
            ]
          ]
        ]
      }
    },
    {
      "type": "Feature",
      "properties": {
        "building_id": "bldg_0243",
        "building_type": "residential",
        "estimated_households": 1,
        "estimated_population": 3,
        "area_sq_m": 85.4
      },
      "geometry": {
        "type": "Polygon",
        "coordinates": [
          [
            [
              77.71227994375097,
              12.684011474717186
            ],
            [
              77.7122508219758,
              12.683931352217815
            ],
            [
              77.71232720051317,
              12.683903591244183
            ],
            [
              77.71235632228834,
              12.683983713743554
            ],
            [
              77.71227994375097,
              12.684011474717186
            ]
          ]
        ]
      }
    },
    {
      "type": "Feature",
      "properties": {
        "building_id": "bldg_0244",
        "building_type": "residential",
        "estimated_households": 1,
        "estimated_population": 3,
        "area_sq_m": 136.2
      },
      "geometry": {
        "type": "Polygon",
        "coordinates": [
          [
            [
              77.71781798133823,
              12.6895164753632
            ],
            [
              77.71773148419385,
              12.68944942943163
            ],
            [
              77.71779337563662,
              12.689369582184584
            ],
            [
              77.717879872781,
              12.689436628116155
            ],
            [
              77.71781798133823,
              12.6895164753632
            ]
          ]
        ]
      }
    },
    {
      "type": "Feature",
      "properties": {
        "building_id": "bldg_0245",
        "building_type": "residential",
        "estimated_households": 1,
        "estimated_population": 5,
        "area_sq_m": 118.3
      },
      "geometry": {
        "type": "Polygon",
        "coordinates": [
          [
            [
              77.7151678825479,
              12.68833230980115
            ],
            [
              77.71508297711705,
              12.68838863275503
            ],
            [
              77.71503090471519,
              12.688310134924022
            ],
            [
              77.71511581014605,
              12.68825381197014
            ],
            [
              77.7151678825479,
              12.68833230980115
            ]
          ]
        ]
      }
    },
    {
      "type": "Feature",
      "properties": {
        "building_id": "bldg_0246",
        "building_type": "residential",
        "estimated_households": 1,
        "estimated_population": 4,
        "area_sq_m": 107.0
      },
      "geometry": {
        "type": "Polygon",
        "coordinates": [
          [
            [
              77.71573486808788,
              12.677661965731824
            ],
            [
              77.71583112565813,
              12.677730021237902
            ],
            [
              77.71578858883768,
              12.677790185230771
            ],
            [
              77.71569233126743,
              12.677722129724692
            ],
            [
              77.71573486808788,
              12.677661965731824
            ]
          ]
        ]
      }
    },
    {
      "type": "Feature",
      "properties": {
        "building_id": "bldg_0247",
        "building_type": "residential",
        "estimated_households": 1,
        "estimated_population": 5,
        "area_sq_m": 99.3
      },
      "geometry": {
        "type": "Polygon",
        "coordinates": [
          [
            [
              77.71628521147892,
              12.678657974078561
            ],
            [
              77.71626705288327,
              12.678747076604166
            ],
            [
              77.71618022961684,
              12.67872938250877
            ],
            [
              77.71619838821249,
              12.678640279983165
            ],
            [
              77.71628521147892,
              12.678657974078561
            ]
          ]
        ]
      }
    },
    {
      "type": "Feature",
      "properties": {
        "building_id": "bldg_0248",
        "building_type": "commercial",
        "estimated_households": 0,
        "estimated_population": 0,
        "area_sq_m": 107.1
      },
      "geometry": {
        "type": "Polygon",
        "coordinates": [
          [
            [
              77.71727383596604,
              12.683552509031099
            ],
            [
              77.7173114233853,
              12.683633270369137
            ],
            [
              77.71722294322612,
              12.683674450232175
            ],
            [
              77.71718535580686,
              12.683593688894137
            ],
            [
              77.71727383596604,
              12.683552509031099
            ]
          ]
        ]
      }
    },
    {
      "type": "Feature",
      "properties": {
        "building_id": "bldg_0249",
        "building_type": "residential",
        "estimated_households": 1,
        "estimated_population": 3,
        "area_sq_m": 135.0
      },
      "geometry": {
        "type": "Polygon",
        "coordinates": [
          [
            [
              77.70999306842515,
              12.675933580071263
            ],
            [
              77.70989147211111,
              12.67599090201885
            ],
            [
              77.7098453249207,
              12.675909111628844
            ],
            [
              77.70994692123475,
              12.675851789681257
            ],
            [
              77.70999306842515,
              12.675933580071263
            ]
          ]
        ]
      }
    },
    {
      "type": "Feature",
      "properties": {
        "building_id": "bldg_0250",
        "building_type": "residential",
        "estimated_households": 1,
        "estimated_population": 5,
        "area_sq_m": 89.9
      },
      "geometry": {
        "type": "Polygon",
        "coordinates": [
          [
            [
              77.70783495435127,
              12.684846673855064
            ],
            [
              77.70792875777487,
              12.684817891184109
            ],
            [
              77.70795056508389,
              12.684888961733813
            ],
            [
              77.7078567616603,
              12.68491774440477
            ],
            [
              77.70783495435127,
              12.684846673855064
            ]
          ]
        ]
      }
    },
    {
      "type": "Feature",
      "properties": {
        "building_id": "bldg_0251",
        "building_type": "commercial",
        "estimated_households": 0,
        "estimated_population": 0,
        "area_sq_m": 70.5
      },
      "geometry": {
        "type": "Polygon",
        "coordinates": [
          [
            [
              77.72302143064921,
              12.67919346923107
            ],
            [
              77.72309935599505,
              12.679235974834175
            ],
            [
              77.72306846617973,
              12.679292605004452
            ],
            [
              77.72299054083389,
              12.679250099401347
            ],
            [
              77.72302143064921,
              12.67919346923107
            ]
          ]
        ]
      }
    },
    {
      "type": "Feature",
      "properties": {
        "building_id": "bldg_0252",
        "building_type": "residential",
        "estimated_households": 1,
        "estimated_population": 3,
        "area_sq_m": 82.7
      },
      "geometry": {
        "type": "Polygon",
        "coordinates": [
          [
            [
              77.71526181979152,
              12.685447519363413
            ],
            [
              77.71523847469014,
              12.685549397859635
            ],
            [
              77.71517586808366,
              12.685535051774545
            ],
            [
              77.71519921318504,
              12.685433173278323
            ],
            [
              77.71526181979152,
              12.685447519363413
            ]
          ]
        ]
      }
    },
    {
      "type": "Feature",
      "properties": {
        "building_id": "bldg_0253",
        "building_type": "residential",
        "estimated_households": 1,
        "estimated_population": 5,
        "area_sq_m": 119.6
      },
      "geometry": {
        "type": "Polygon",
        "coordinates": [
          [
            [
              77.7235927286615,
              12.679973044332204
            ],
            [
              77.72349302782541,
              12.679985858504478
            ],
            [
              77.72348072115098,
              12.679890106262004
            ],
            [
              77.72358042198707,
              12.67987729208973
            ],
            [
              77.7235927286615,
              12.679973044332204
            ]
          ]
        ]
      }
    },
    {
      "type": "Feature",
      "properties": {
        "building_id": "bldg_0254",
        "building_type": "commercial",
        "estimated_households": 0,
        "estimated_population": 0,
        "area_sq_m": 139.1
      },
      "geometry": {
        "type": "Polygon",
        "coordinates": [
          [
            [
              77.71221863288162,
              12.674018309442692
            ],
            [
              77.71221588893854,
              12.673911367442848
            ],
            [
              77.71232139853367,
              12.673908660252755
            ],
            [
              77.71232414247675,
              12.674015602252599
            ],
            [
              77.71221863288162,
              12.674018309442692
            ]
          ]
        ]
      }
    },
    {
      "type": "Feature",
      "properties": {
        "building_id": "bldg_0255",
        "building_type": "agricultural",
        "estimated_households": 0,
        "estimated_population": 0,
        "area_sq_m": 81.7
      },
      "geometry": {
        "type": "Polygon",
        "coordinates": [
          [
            [
              77.71386393916796,
              12.67953834143489
            ],
            [
              77.71395168221368,
              12.679497177442627
            ],
            [
              77.7139807447212,
              12.67955912558679
            ],
            [
              77.71389300167549,
              12.679600289579053
            ],
            [
              77.71386393916796,
              12.67953834143489
            ]
          ]
        ]
      }
    },
    {
      "type": "Feature",
      "properties": {
        "building_id": "bldg_0256",
        "building_type": "residential",
        "estimated_households": 1,
        "estimated_population": 4,
        "area_sq_m": 93.6
      },
      "geometry": {
        "type": "Polygon",
        "coordinates": [
          [
            [
              77.70949267199319,
              12.68122939732031
            ],
            [
              77.7094184398949,
              12.681222998909536
            ],
            [
              77.70942719673394,
              12.681121405160804
            ],
            [
              77.70950142883223,
              12.681127803571577
            ],
            [
              77.70949267199319,
              12.68122939732031
            ]
          ]
        ]
      }
    },
    {
      "type": "Feature",
      "properties": {
        "building_id": "bldg_0257",
        "building_type": "residential",
        "estimated_households": 1,
        "estimated_population": 3,
        "area_sq_m": 121.4
      },
      "geometry": {
        "type": "Polygon",
        "coordinates": [
          [
            [
              77.71026707678084,
              12.682207828227966
            ],
            [
              77.71021181705133,
              12.682092167412124
            ],
            [
              77.71028120244904,
              12.682059016873787
            ],
            [
              77.71033646217855,
              12.682174677689629
            ],
            [
              77.71026707678084,
              12.682207828227966
            ]
          ]
        ]
      }
    },
    {
      "type": "Feature",
      "properties": {
        "building_id": "bldg_0258",
        "building_type": "residential",
        "estimated_households": 1,
        "estimated_population": 3,
        "area_sq_m": 63.6
      },
      "geometry": {
        "type": "Polygon",
        "coordinates": [
          [
            [
              77.712583518058,
              12.691475256507353
            ],
            [
              77.71252519008634,
              12.691412216130878
            ],
            [
              77.71256931261162,
              12.691371391860024
            ],
            [
              77.71262764058328,
              12.691434432236498
            ],
            [
              77.712583518058,
              12.691475256507353
            ]
          ]
        ]
      }
    },
    {
      "type": "Feature",
      "properties": {
        "building_id": "bldg_0259",
        "building_type": "residential",
        "estimated_households": 1,
        "estimated_population": 5,
        "area_sq_m": 90.1
      },
      "geometry": {
        "type": "Polygon",
        "coordinates": [
          [
            [
              77.71694427748268,
              12.682680505804377
            ],
            [
              77.71702059272819,
              12.682741381812372
            ],
            [
              77.71697387460974,
              12.682799948475946
            ],
            [
              77.71689755936423,
              12.682739072467951
            ],
            [
              77.71694427748268,
              12.682680505804377
            ]
          ]
        ]
      }
    },
    {
      "type": "Feature",
      "properties": {
        "building_id": "bldg_0260",
        "building_type": "residential",
        "estimated_households": 1,
        "estimated_population": 3,
        "area_sq_m": 79.3
      },
      "geometry": {
        "type": "Polygon",
        "coordinates": [
          [
            [
              77.71798452399824,
              12.689007710419194
            ],
            [
              77.71805007174386,
              12.68904633295186
            ],
            [
              77.71800712295482,
              12.689119222949078
            ],
            [
              77.7179415752092,
              12.689080600416412
            ],
            [
              77.71798452399824,
              12.689007710419194
            ]
          ]
        ]
      }
    },
    {
      "type": "Feature",
      "properties": {
        "building_id": "bldg_0261",
        "building_type": "residential",
        "estimated_households": 1,
        "estimated_population": 4,
        "area_sq_m": 89.1
      },
      "geometry": {
        "type": "Polygon",
        "coordinates": [
          [
            [
              77.71493139368403,
              12.69152967210439
            ],
            [
              77.7150034396582,
              12.691471724158697
            ],
            [
              77.7150524666514,
              12.691532678821435
            ],
            [
              77.71498042067722,
              12.691590626767129
            ],
            [
              77.71493139368403,
              12.69152967210439
            ]
          ]
        ]
      }
    },
    {
      "type": "Feature",
      "properties": {
        "building_id": "bldg_0262",
        "building_type": "residential",
        "estimated_households": 1,
        "estimated_population": 3,
        "area_sq_m": 101.0
      },
      "geometry": {
        "type": "Polygon",
        "coordinates": [
          [
            [
              77.72205830410228,
              12.687663397451875
            ],
            [
              77.72198529028462,
              12.687759083712734
            ],
            [
              77.72193115798784,
              12.687717777828155
            ],
            [
              77.7220041718055,
              12.687622091567295
            ],
            [
              77.72205830410228,
              12.687663397451875
            ]
          ]
        ]
      }
    },
    {
      "type": "Feature",
      "properties": {
        "building_id": "bldg_0263",
        "building_type": "residential",
        "estimated_households": 1,
        "estimated_population": 3,
        "area_sq_m": 71.1
      },
      "geometry": {
        "type": "Polygon",
        "coordinates": [
          [
            [
              77.71656295746631,
              12.686809213094747
            ],
            [
              77.71656019355646,
              12.686736850481205
            ],
            [
              77.71663986276404,
              12.686733807494004
            ],
            [
              77.71664262667389,
              12.686806170107547
            ],
            [
              77.71656295746631,
              12.686809213094747
            ]
          ]
        ]
      }
    },
    {
      "type": "Feature",
      "properties": {
        "building_id": "bldg_0264",
        "building_type": "residential",
        "estimated_households": 1,
        "estimated_population": 3,
        "area_sq_m": 135.9
      },
      "geometry": {
        "type": "Polygon",
        "coordinates": [
          [
            [
              77.7165219731886,
              12.673782364725584
            ],
            [
              77.71657393422937,
              12.67368139022552
            ],
            [
              77.71666026843997,
              12.673725817436681
            ],
            [
              77.7166083073992,
              12.673826791936746
            ],
            [
              77.7165219731886,
              12.673782364725584
            ]
          ]
        ]
      }
    },
    {
      "type": "Feature",
      "properties": {
        "building_id": "bldg_0265",
        "building_type": "residential",
        "estimated_households": 1,
        "estimated_population": 4,
        "area_sq_m": 82.2
      },
      "geometry": {
        "type": "Polygon",
        "coordinates": [
          [
            [
              77.72025148988273,
              12.687288841905143
            ],
            [
              77.720318556687,
              12.68731158757825
            ],
            [
              77.72028829444027,
              12.687400817392199
            ],
            [
              77.72022122763599,
              12.687378071719092
            ],
            [
              77.72025148988273,
              12.687288841905143
            ]
          ]
        ]
      }
    },
    {
      "type": "Feature",
      "properties": {
        "building_id": "bldg_0266",
        "building_type": "residential",
        "estimated_households": 1,
        "estimated_population": 5,
        "area_sq_m": 119.8
      },
      "geometry": {
        "type": "Polygon",
        "coordinates": [
          [
            [
              77.7089734229936,
              12.684609059961405
            ],
            [
              77.70897482641082,
              12.684708205783792
            ],
            [
              77.70887679123696,
              12.6847095934797
            ],
            [
              77.70887538781973,
              12.684610447657313
            ],
            [
              77.7089734229936,
              12.684609059961405
            ]
          ]
        ]
      }
    },
    {
      "type": "Feature",
      "properties": {
        "building_id": "bldg_0267",
        "building_type": "residential",
        "estimated_households": 1,
        "estimated_population": 5,
        "area_sq_m": 147.5
      },
      "geometry": {
        "type": "Polygon",
        "coordinates": [
          [
            [
              77.70896364057157,
              12.68152774422795
            ],
            [
              77.70907956871467,
              12.68152355926573
            ],
            [
              77.70908329207148,
              12.681626700422004
            ],
            [
              77.70896736392838,
              12.681630885384225
            ],
            [
              77.70896364057157,
              12.68152774422795
            ]
          ]
        ]
      }
    },
    {
      "type": "Feature",
      "properties": {
        "building_id": "bldg_0268",
        "building_type": "residential",
        "estimated_households": 1,
        "estimated_population": 5,
        "area_sq_m": 139.2
      },
      "geometry": {
        "type": "Polygon",
        "coordinates": [
          [
            [
              77.71719022923239,
              12.677395103776718
            ],
            [
              77.71715626937012,
              12.677287969690113
            ],
            [
              77.71725206922636,
              12.677257602605028
            ],
            [
              77.71728602908863,
              12.677364736691633
            ],
            [
              77.71719022923239,
              12.677395103776718
            ]
          ]
        ]
      }
    }
  ]
}