{
  "type": "FeatureCollection",
  "features": [
    {
      "type": "Feature",
      "properties": {
        "parcel_id": "parc_0001",
        "parcel_type": "residential",
        "owner_type": "private",
        "area_sq_m": 428.3,
        "restricted": false
      },
      "geometry": {
        "type": "Polygon",
        "coordinates": [
          [
            [
              77.71447933796934,
              12.68467698669643
            ],
            [
              77.71441098403383,
              12.684765372204714
            ],
            [
              77.71422612797463,
              12.684734352581518
            ],
            [
              77.71425196899912,
              12.68459434180298
            ],
            [
              77.71437990926316,
              12.684565688379372
            ],
            [
              77.71447933796934,
              12.68467698669643
            ]
          ]
        ]
      }
    },
    {
      "type": "Feature",
      "properties": {
        "parcel_id": "parc_0002",
        "parcel_type": "residential",
        "owner_type": "private",
        "area_sq_m": 454.8,
        "restricted": false
      },
      "geometry": {
        "type": "Polygon",
        "coordinates": [
          [
            [
              77.7132818612608,
              12.684620044232808
            ],
            [
              77.71320142512741,
              12.684758607734059
            ],
            [
              77.7130574117814,
              12.68469880397315
            ],
            [
              77.71305626995627,
              12.68457189547959
            ],
            [
              77.71319160349812,
              12.684509990117702
            ],
            [
              77.7132818612608,
              12.684620044232808
            ]
          ]
        ]
      }
    },
    {
      "type": "Feature",
      "properties": {
        "parcel_id": "parc_0003",
        "parcel_type": "agricultural",
        "owner_type": "private",
        "area_sq_m": 251.4,
        "restricted": false
      },
      "geometry": {
        "type": "Polygon",
        "coordinates": [
          [
            [
              77.71174430434898,
              12.6899718804339
            ],
            [
              77.7116871347613,
              12.690049951519581
            ],
            [
              77.71157055441999,
              12.690019689285876
            ],
            [
              77.71156556297144,
              12.689915599672437
            ],
            [
              77.71167233247127,
              12.689884021857312
            ],
            [
              77.71174430434898,
              12.6899718804339
            ]
          ]
        ]
      }
    },
    {
      "type": "Feature",
      "properties": {
        "parcel_id": "parc_0004",
        "parcel_type": "residential",
        "owner_type": "private",
        "area_sq_m": 517.9,
        "restricted": false
      },
      "geometry": {
        "type": "Polygon",
        "coordinates": [
          [
            [
              77.71015782824996,
              12.681478249783519
            ],
            [
              77.71005718352977,
              12.681646765897543
            ],
            [
              77.70990875419778,
              12.681578148216257
            ],
            [
              77.70991924643893,
              12.681434464725868
            ],
            [
              77.71006788586004,
              12.681388797538133
            ],
            [
              77.71015782824996,
              12.681478249783519
            ]
          ]
        ]
      }
    },
    {
      "type": "Feature",
      "properties": {
        "parcel_id": "parc_0005",
        "parcel_type": "residential",
        "owner_type": "common",
        "area_sq_m": 557.4,
        "restricted": false
      },
      "geometry": {
        "type": "Polygon",
        "coordinates": [
          [
            [
              77.71229233162363,
              12.685253745941482
            ],
            [
              77.712163901123,
              12.68542666715506
            ],
            [
              77.71204744286254,
              12.685368802590549
            ],
            [
              77.71200382761091,
              12.68521291884645
            ],
            [
              77.71218285152887,
              12.68516993416512
            ],
            [
              77.71229233162363,
              12.685253745941482
            ]
          ]
        ]
      }
    },
    {
      "type": "Feature",
      "properties": {
        "parcel_id": "parc_0006",
        "parcel_type": "agricultural",
        "owner_type": "private",
        "area_sq_m": 556.4,
        "restricted": false
      },
      "geometry": {
        "type": "Polygon",
        "coordinates": [
          [
            [
              77.71994705371215,
              12.684062442577387
            ],
            [
              77.71986528590556,
              12.684201398676665
            ],
            [
              77.71969186699732,
              12.684155439269198
            ],
            [
              77.71971594399164,
              12.683968964586699
            ],
            [
              77.71989036377842,
              12.683965424768715
            ],
            [
              77.71994705371215,
              12.684062442577387
            ]
          ]
        ]
      }
    },
    {
      "type": "Feature",
      "properties": {
        "parcel_id": "parc_0007",
        "parcel_type": "agricultural",
        "owner_type": "private",
        "area_sq_m": 306.2,
        "restricted": false
      },
      "geometry": {
        "type": "Polygon",
        "coordinates": [
          [
            [
              77.70829509095364,
              12.676942584892341
            ],
            [
              77.70819964646817,
              12.677026072167171
            ],
            [
              77.70808118197047,
              12.677008432529503
            ],
            [
              77.70809889869345,
              12.676907458875704
            ],
            [
              77.70821253795759,
              12.676837591449932
            ],
            [
              77.70829509095364,
              12.676942584892341
            ]
          ]
        ]
      }
    },
    {
      "type": "Feature",
      "properties": {
        "parcel_id": "parc_0008",
        "parcel_type": "residential",
        "owner_type": "private",
        "area_sq_m": 383.3,
        "restricted": false
      },
      "geometry": {
        "type": "Polygon",
        "coordinates": [
          [
            [
              77.7170388501155,
              12.688080883801428
            ],
            [
              77.71691459892017,
              12.688173744485459
            ],
            [
              77.71680284744957,
              12.688128323125307
            ],
            [
              77.7168165895473,
              12.687993095344765
            ],
            [
              77.71692473304837,
              12.687968587217638
            ],
            [
              77.7170388501155,
              12.688080883801428
            ]
          ]
        ]
      }
    },
    {
      "type": "Feature",
      "properties": {
        "parcel_id": "parc_0009",
        "parcel_type": "residential",
        "owner_type": "private",
        "area_sq_m": 538.8,
        "restricted": false
      },
      "geometry": {
        "type": "Polygon",
        "coordinates": [
          [
            [
              77.71349217274066,
              12.679902625227996
            ],
            [
              77.71339098594275,
              12.680017952724585
            ],
            [
              77.71324215444768,
              12.679951896423328
            ],
            [
              77.71321637104553,
              12.679807757376878
            ],
            [
              77.71338188868609,
              12.67976929831927
            ],
            [
              77.71349217274066,
              12.679902625227996
            ]
          ]
        ]
      }
    },
    {
      "type": "Feature",
      "properties": {
        "parcel_id": "parc_0010",
        "parcel_type": "residential",
        "owner_type": "government",
        "area_sq_m": 299.8,
        "restricted": false
      },
      "geometry": {
        "type": "Polygon",
        "coordinates": [
          [
            [
              77.71442061639108,
              12.677784409853023
            ],
            [
              77.71431740015757,
              12.677892550492913
            ],
            [
              77.71421024073848,
              12.677853708296816
            ],
            [
              77.71420471304752,
              12.677742904143251
            ],
            [
              77.71433047460768,
              12.677723637103746
            ],
            [
              77.71442061639108,
              12.677784409853023
            ]
          ]
        ]
      }
    },
    {
      "type": "Feature",
      "properties": {
        "parcel_id": "parc_0011",
        "parcel_type": "residential",
        "owner_type": "government",
        "area_sq_m": 429.1,
        "restricted": false
      },
      "geometry": {
        "type": "Polygon",
        "coordinates": [
          [
            [
              77.72060252759158,
              12.679451454895949
            ],
            [
              77.72051354501386,
              12.679596152835613
            ],
            [
              77.72037874115367,
              12.67954907736092
            ],
            [
              77.72039343096483,
              12.679421097866182
            ],
            [
              77.72053317028355,
              12.679351696276893
            ],
            [
              77.72060252759158,
              12.679451454895949
            ]
          ]
        ]
      }
    },
    {
      "type": "Feature",
      "properties": {
        "parcel_id": "parc_0012",
        "parcel_type": "agricultural",
        "owner_type": "private",
        "area_sq_m": 355.4,
        "restricted": false
      },
      "geometry": {
        "type": "Polygon",
        "coordinates": [
          [
            [
              77.7201602496179,
              12.679850487196916
            ],
            [
              77.72006654237471,
              12.679949811217831
            ],
            [
              77.71997198637249,
              12.679875028264185
            ],
            [
              77.71997423823612,
              12.679760879816167
            ],
            [
              77.7200975891084,
              12.679713540959087
            ],
            [
              77.7201602496179,
              12.679850487196916
            ]
          ]
        ]
      }
    },
    {
      "type": "Feature",
      "properties": {
        "parcel_id": "parc_0013",
        "parcel_type": "residential",
        "owner_type": "private",
        "area_sq_m": 606.5,
        "restricted": false
      },
      "geometry": {
        "type": "Polygon",
        "coordinates": [
          [
            [
              77.7170110234253,
              12.679775398129383
            ],
            [
              77.7169279444352,
              12.679941604645844
            ],
            [
              77.71677904852741,
              12.679850746463522
            ],
            [
              77.71675079181571,
              12.679713200826374
            ],
            [
              77.71692629137054,
              12.679631715282367
            ],
            [
              77.7170110234253,
              12.679775398129383
            ]
          ]
        ]
      }
    },
    {
      "type": "Feature",
      "properties": {
        "parcel_id": "parc_0014",
        "parcel_type": "residential",
        "owner_type": "private",
        "area_sq_m": 302.8,
        "restricted": false
      },
      "geometry": {
        "type": "Polygon",
        "coordinates": [
          [
            [
              77.70922962959615,
              12.682935726765816
            ],
            [
              77.7091722676457,
              12.683035212250866
            ],
            [
              77.70906058704226,
              12.682969519217515
            ],
            [
              77.70905116478556,
              12.682876829956777
            ],
            [
              77.70916557761738,
              12.682812132588985
            ],
            [
              77.70922962959615,
              12.682935726765816
            ]
          ]
        ]
      }
    },
    {
      "type": "Feature",
      "properties": {
        "parcel_id": "parc_0015",
        "parcel_type": "commercial",
        "owner_type": "common",
        "area_sq_m": 415.9,
        "restricted": false
      },
      "geometry": {
        "type": "Polygon",
        "coordinates": [
          [
            [
              77.71045109544549,
              12.687128270889842
            ],
            [
              77.71037128994583,
              12.687207491553938
            ],
            [
              77.7102111866165,
              12.687171109994798
            ],
            [
              77.71023577268103,
              12.687040261774941
            ],
            [
              77.71033499509618,
              12.68698056267607
            ],
            [
              77.71045109544549,
              12.687128270889842
            ]
          ]
        ]
      }
    },
    {
      "type": "Feature",
      "properties": {
        "parcel_id": "parc_0016",
        "parcel_type": "agricultural",
        "owner_type": "private",
        "area_sq_m": 792.5,
        "restricted": false
      },
      "geometry": {
        "type": "Polygon",
        "coordinates": [
          [
            [
              77.72120064022869,
              12.681128519890645
            ],
            [
              77.72110810007092,
              12.681310735988086
            ],
            [
              77.72090348105066,
              12.681243330953926
            ],
            [
              77.72089101464844,
              12.681083740485526
            ],
            [
              77.72109358307715,
              12.680995926343332
            ],
            [
              77.72120064022869,
              12.681128519890645
            ]
          ]
        ]
      }
    },
    {
      "type": "Feature",
      "properties": {
        "parcel_id": "parc_0017",
        "parcel_type": "residential",
        "owner_type": "private",
        "area_sq_m": 427.5,
        "restricted": false
      },
      "geometry": {
        "type": "Polygon",
        "coordinates": [
          [
            [
              77.71299214143018,
              12.683409889724711
            ],
            [
              77.71292112053912,
              12.683511055910197
            ],
            [
              77.71279745432889,
              12.68347758387407
            ],
            [
              77.7127716590203,
              12.68332235972949
            ],
            [
              77.71289371608002,
              12.683268567657374
            ],
            [
              77.71299214143018,
              12.683409889724711
            ]
          ]
        ]
      }
    },
    {
      "type": "Feature",
      "properties": {
        "parcel_id": "parc_0018",
        "parcel_type": "agricultural",
        "owner_type": "private",
        "area_sq_m": 351.7,
        "restricted": false
      },
      "geometry": {
        "type": "Polygon",
        "coordinates": [
          [
            [
              77.71277163666693,
              12.682731666456862
            ],
            [
              77.71268014532913,
              12.682817766141573
            ],
            [
              77.71257964391963,
              12.682783147040272
            ],
            [
              77.712578825025,
              12.682646019726759
            ],
            [
              77.71271881988076,
              12.682610201519374
            ],
            [
              77.71277163666693,
              12.682731666456862
            ]
          ]
        ]
      }
    },
    {
      "type": "Feature",
      "properties": {
        "parcel_id": "parc_0019",
        "parcel_type": "residential",
        "owner_type": "private",
        "area_sq_m": 554.9,
        "restricted": false
      },
      "geometry": {
        "type": "Polygon",
        "coordinates": [
          [
            [
              77.72037492187845,
              12.682068586658776
            ],
            [
              77.7202476796653,
              12.682202354490355
            ],
            [
              77.7200906924021,
              12.68217843350892
            ],
            [
              77.72011210972146,
              12.681998733554668
            ],
            [
              77.72021602329231,
              12.681960475512058
            ],
            [
              77.72037492187845,
              12.682068586658776
            ]
          ]
        ]
      }
    },
    {
      "type": "Feature",
      "properties": {
        "parcel_id": "parc_0020",
        "parcel_type": "agricultural",
        "owner_type": "private",
        "area_sq_m": 383.3,
        "restricted": false
      },
      "geometry": {
        "type": "Polygon",
        "coordinates": [
          [
            [
              77.71269735625347,
              12.678703078781806
            ],
            [
              77.71259833491602,
              12.67881810062447
            ],
            [
              77.71247634834829,
              12.678788956432454
            ],
            [
              77.7124774915998,
              12.678651097011231
            ],
            [
              77.71259677416127,
              12.678611386880252
            ],
            [
              77.71269735625347,
              12.678703078781806
            ]
          ]
        ]
      }
    },
    {
      "type": "Feature",
      "properties": {
        "parcel_id": "parc_0021",
        "parcel_type": "agricultural",
        "owner_type": "private",
        "area_sq_m": 618.0,
        "restricted": false
      },
      "geometry": {
        "type": "Polygon",
        "coordinates": [
          [
            [
              77.71806489252003,
              12.679075278181331
            ],
            [
              77.71796288528203,
              12.67915545405603
            ],
            [
              77.71778133730795,
              12.67914189196344
            ],
            [
              77.7177987689078,
              12.67892740460201
            ],
            [
              77.71793086159408,
              12.678907890456928
            ],
            [
              77.71806489252003,
              12.679075278181331
            ]
          ]
        ]
      }
    },
    {
      "type": "Feature",
      "properties": {
        "parcel_id": "parc_0022",
        "parcel_type": "residential",
        "owner_type": "private",
        "area_sq_m": 478.8,
        "restricted": false
      },
      "geometry": {
        "type": "Polygon",
        "coordinates": [
          [
            [
              77.7219147344416,
              12.685971388719516
            ],
            [
              77.72182981789811,
              12.686098385166655
            ],
            [
              77.72167644414651,
              12.686072494888915
            ],
            [
              77.7216914836656,
              12.685914499003967
            ],
            [
              77.7218106429945,
              12.685855651110337
            ],
            [
              77.7219147344416,
              12.685971388719516
            ]
          ]
        ]
      }
    },
    {
      "type": "Feature",
      "properties": {
        "parcel_id": "parc_0023",
        "parcel_type": "residential",
        "owner_type": "private",
        "area_sq_m": 473.0,
        "restricted": true
      },
      "geometry": {
        "type": "Polygon",
        "coordinates": [
          [
            [
              77.71748152197344,
              12.682297809169924
            ],
            [
              77.717377033283,
              12.682413148614193
            ],
            [
              77.71725495389687,
              12.682363988636217
            ],
            [
              77.71724874394225,
              12.682213681394716
            ],
            [
              77.71740929764799,
              12.682172478867543
            ],
            [
              77.71748152197344,
              12.682297809169924
            ]
          ]
        ]
      }
    },
    {
      "type": "Feature",
      "properties": {
        "parcel_id": "parc_0024",
        "parcel_type": "residential",
        "owner_type": "private",
        "area_sq_m": 674.0,
        "restricted": false
      },
      "geometry": {
        "type": "Polygon",
        "coordinates": [
          [
            [
              77.71925833908702,
              12.689302895151402
            ],
            [
              77.71913086255908,
              12.689505695556583
            ],
            [
              77.7190104417707,
              12.689433651001837
            ],
            [
              77.71898450214331,
              12.689213071120152
            ],
            [
              77.71916674090282,
              12.689208087096453
            ],
            [
              77.71925833908702,
              12.689302895151402
            ]
          ]
        ]
      }
    },
    {
      "type": "Feature",
      "properties": {
        "parcel_id": "parc_0025",
        "parcel_type": "agricultural",
        "owner_type": "private",
        "area_sq_m": 551.2,
        "restricted": false
      },
      "geometry": {
        "type": "Polygon",
        "coordinates": [
          [
            [
              77.71881654145791,
              12.68071941134767
            ],
            [
              77.71871148217346,
              12.68084613527147
            ],
            [
              77.71851037799559,
              12.680803946911475
            ],
            [
              77.71855387621888,
              12.680671723330107
            ],
            [
              77.71871892666049,
              12.680615101190746
            ],
            [
              77.71881654145791,
              12.68071941134767
            ]
          ]
        ]
      }
    },
    {
      "type": "Feature",
      "properties": {
        "parcel_id": "parc_0026",
        "parcel_type": "agricultural",
        "owner_type": "private",
        "area_sq_m": 293.2,
        "restricted": false
      },
      "geometry": {
        "type": "Polygon",
        "coordinates": [
          [
            [
              77.70951692788756,
              12.682224954043122
            ],
            [
              77.70944616730414,
              12.68229492559804
            ],
            [
              77.70933873494111,
              12.682270534508838
            ],
            [
              77.70930647852505,
              12.682137752939354
            ],
            [
              77.7094146312307,
              12.682119784038024
            ],
            [
              77.70951692788756,
              12.682224954043122
            ]
          ]
        ]
      }
    },
    {
      "type": "Feature",
      "properties": {
        "parcel_id": "parc_0027",
        "parcel_type": "residential",
        "owner_type": "private",
        "area_sq_m": 579.0,
        "restricted": true
      },
      "geometry": {
        "type": "Polygon",
        "coordinates": [
          [
            [
              77.71495323836838,
              12.673867549092254
            ],
            [
              77.71487907653295,
              12.67401742591356
            ],
            [
              77.71471829946265,
              12.673942508870045
            ],
            [
              77.71468635052635,
              12.673804701188107
            ],
            [
              77.71484231133637,
              12.673730689567495
            ],
            [
              77.71495323836838,
              12.673867549092254
            ]
          ]
        ]
      }
    },
    {
      "type": "Feature",
      "properties": {
        "parcel_id": "parc_0028",
        "parcel_type": "residential",
        "owner_type": "private",
        "area_sq_m": 689.6,
        "restricted": false
      },
      "geometry": {
        "type": "Polygon",
        "coordinates": [
          [
            [
              77.71133160427033,
              12.67420492232161
            ],
            [
              77.7112153137632,
              12.674346701304968
            ],
            [
              77.71104212643613,
              12.6742562163009
            ],
            [
              77.71106514569588,
              12.674103490096144
            ],
            [
              77.71119872967083,
              12.674027397402446
            ],
            [
              77.71133160427033,
              12.67420492232161
            ]
          ]
        ]
      }
    },
    {
      "type": "Feature",
      "properties": {
        "parcel_id": "parc_0029",
        "parcel_type": "agricultural",
        "owner_type": "private",
        "area_sq_m": 326.1,
        "restricted": false
      },
      "geometry": {
        "type": "Polygon",
        "coordinates": [
          [
            [
              77.71301542520033,
              12.682559770773148
            ],
            [
              77.71294325098752,
              12.682657066928822
            ],
            [
              77.71281098956875,
              12.68262755490536
            ],
            [
              77.7128184900916,
              12.682489667275442
            ],
            [
              77.71293404597564,
              12.682478691187548
            ],
            [
              77.71301542520033,
              12.682559770773148
            ]
          ]
        ]
      }
    },
    {
      "type": "Feature",
      "properties": {
        "parcel_id": "parc_0030",
        "parcel_type": "residential",
        "owner_type": "private",
        "area_sq_m": 303.3,
        "restricted": false
      },
      "geometry": {
        "type": "Polygon",
        "coordinates": [
          [
            [
              77.71459109083828,
              12.6759340568999
            ],
            [
              77.7145159166767,
              12.676002923118862
            ],
            [
              77.71439859121534,
              12.676000818976425
            ],
            [
              77.71441411954099,
              12.675859253025164
            ],
            [
              77.71450211262999,
              12.675812970144388
            ],
            [
              77.71459109083828,
              12.6759340568999
            ]
          ]
        ]
      }
    },
    {
      "type": "Feature",
      "properties": {
        "parcel_id": "parc_0031",
        "parcel_type": "residential",
        "owner_type": "private",
        "area_sq_m": 518.3,
        "restricted": false
      },
      "geometry": {
        "type": "Polygon",
        "coordinates": [
          [
            [
              77.72096582080864,
              12.683697584879813
            ],
            [
              77.7208542299112,
              12.683816629113759
            ],
            [
              77.72070225045256,
              12.68381660379076
            ],
            [
              77.72071339974215,
              12.683622302246151
            ],
            [
              77.72087259476945,
              12.683605814582878
            ],
            [
              77.72096582080864,
              12.683697584879813
            ]
          ]
        ]
      }
    },
    {
      "type": "Feature",
      "properties": {
        "parcel_id": "parc_0032",
        "parcel_type": "agricultural",
        "owner_type": "private",
        "area_sq_m": 281.9,
        "restricted": false
      },
      "geometry": {
        "type": "Polygon",
        "coordinates": [
          [
            [
              77.70968389684195,
              12.679007671087417
            ],
            [
              77.70962300271049,
              12.679095598257556
            ],
            [
              77.70949776230125,
              12.679068047436953
            ],
            [
              77.7095181295552,
              12.678933707580853
            ],
            [
              77.70960711242165,
              12.67891735692626
            ],
            [
              77.70968389684195,
              12.679007671087417
            ]
          ]
        ]
      }
    },
    {
      "type": "Feature",
      "properties": {
        "parcel_id": "parc_0033",
        "parcel_type": "agricultural",
        "owner_type": "private",
        "area_sq_m": 518.1,
        "restricted": false
      },
      "geometry": {
        "type": "Polygon",
        "coordinates": [
          [
            [
              77.71756672806873,
              12.68498950578567
            ],
            [
              77.71747421546215,
              12.685145613468691
            ],
            [
              77.71730926865348,
              12.685070001213225
            ],
            [
              77.71730077952375,
              12.684944807546046
            ],
            [
              77.71747592519799,
              12.684904879744426
            ],
            [
              77.71756672806873,
              12.68498950578567
            ]
          ]
        ]
      }
    },
    {
      "type": "Feature",
      "properties": {
        "parcel_id": "parc_0034",
        "parcel_type": "residential",
        "owner_type": "private",
        "area_sq_m": 734.5,
        "restricted": false
      },
      "geometry": {
        "type": "Polygon",
        "coordinates": [
          [
            [
              77.70945617223357,
              12.688839078407936
            ],
            [
              77.70937334278332,
              12.688979354790007
            ],
            [
              77.70917646050809,
              12.688918742137561
            ],
            [
              77.70917398836467,
              12.688724906581632
            ],
            [
              77.7093398026557,
              12.688677987869047
            ],
            [
              77.70945617223357,
              12.688839078407936
            ]
          ]
        ]
      }
    },
    {
      "type": "Feature",
      "properties": {
        "parcel_id": "parc_0035",
        "parcel_type": "residential",
        "owner_type": "private",
        "area_sq_m": 591.0,
        "restricted": false
      },
      "geometry": {
        "type": "Polygon",
        "coordinates": [
          [
            [
              77.71553191240143,
              12.677600303905612
            ],
            [
              77.71539455673987,
              12.677738404864725
            ],
            [
              77.71525723767748,
              12.677705931484063
            ],
            [
              77.71525660741918,
              12.677550471970573
            ],
            [
              77.71541782023778,
              12.677471622479946
            ],
            [
              77.71553191240143,
              12.677600303905612
            ]
          ]
        ]
      }
    },
    {
      "type": "Feature",
      "properties": {
        "parcel_id": "parc_0036",
        "parcel_type": "residential",
        "owner_type": "private",
        "area_sq_m": 352.9,
        "restricted": false
      },
      "geometry": {
        "type": "Polygon",
        "coordinates": [
          [
            [
              77.71849975542042,
              12.686592182085791
            ],
            [
              77.71838988141697,
              12.686687277629686
            ],
            [
              77.71829193326222,
              12.686633618773778
            ],
            [
              77.71829032277368,
              12.686523602236017
            ],
            [
              77.71840867496788,
              12.686470946896481
            ],
            [
              77.71849975542042,
              12.686592182085791
            ]
          ]
        ]
      }
    },
    {
      "type": "Feature",
      "properties": {
        "parcel_id": "parc_0037",
        "parcel_type": "commercial",
        "owner_type": "private",
        "area_sq_m": 481.5,
        "restricted": false
      },
      "geometry": {
        "type": "Polygon",
        "coordinates": [
          [
            [
              77.72260809029176,
              12.683989331325085
            ],
            [
              77.72248919197408,
              12.684078577946595
            ],
            [
              77.72233453743046,
              12.684025063292975
            ],
            [
              77.72238045415213,
              12.683871722250808
            ],
            [
              77.72249314911612,
              12.683852239417744
            ],
            [
              77.72260809029176,
              12.683989331325085
            ]
          ]
        ]
      }
    },
    {
      "type": "Feature",
      "properties": {
        "parcel_id": "parc_0038",
        "parcel_type": "agricultural",
        "owner_type": "government",
        "area_sq_m": 649.3,
        "restricted": false
      },
      "geometry": {
        "type": "Polygon",
        "coordinates": [
          [
            [
              77.71780880959228,
              12.679015345085197
            ],
            [
              77.71770244008076,
              12.679205325312296
            ],
            [
              77.71755045194463,
              12.679134019591881
            ],
            [
              77.71756562417424,
              12.678957909270297
            ],
            [
              77.71774233966177,
              12.678895828182034
            ],
            [
              77.71780880959228,
              12.679015345085197
            ]
          ]
        ]
      }
    },
    {
      "type": "Feature",
      "properties": {
        "parcel_id": "parc_0039",
        "parcel_type": "residential",
        "owner_type": "private",
        "area_sq_m": 529.4,
        "restricted": false
      },
      "geometry": {
        "type": "Polygon",
        "coordinates": [
          [
            [
              77.70879360012546,
              12.681676069489939
            ],
            [
              77.70870248867033,
              12.681770345752135
            ],
            [
              77.70853941407395,
              12.681754634449023
            ],
            [
              77.70856204723492,
              12.681578304452323
            ],
            [
              77.70871777797196,
              12.681531431102462
            ],
            [
              77.70879360012546,
              12.681676069489939
            ]
          ]
        ]
      }
    },
    {
      "type": "Feature",
      "properties": {
        "parcel_id": "parc_0040",
        "parcel_type": "agricultural",
        "owner_type": "private",
        "area_sq_m": 376.2,
        "restricted": false
      },
      "geometry": {
        "type": "Polygon",
        "coordinates": [
          [
            [
              77.71563525763764,
              12.677158925366015
            ],
            [
              77.71557491624178,
              12.67724197004018
            ],
            [
              77.71541946489346,
              12.67719760620352
            ],
            [
              77.71542879856143,
              12.67707643782768
            ],
            [
              77.7155457528287,
              12.677027742158964
            ],
            [
              77.71563525763764,
              12.677158925366015
            ]
          ]
        ]
      }
    },
    {
      "type": "Feature",
      "properties": {
        "parcel_id": "parc_0041",
        "parcel_type": "residential",
        "owner_type": "private",
        "area_sq_m": 550.9,
        "restricted": false
      },
      "geometry": {
        "type": "Polygon",
        "coordinates": [
          [
            [
              77.71161170441306,
              12.674452447583384
            ],
            [
              77.71152590254631,
              12.674627745170056
            ],
            [
              77.71139161609584,
              12.674557615349258
            ],
            [
              77.7113488804059,
              12.67437326226192
            ],
            [
              77.71152523140395,
              12.674370058588346
            ],
            [
              77.71161170441306,
              12.674452447583384
            ]
          ]
        ]
      }
    },
    {
      "type": "Feature",
      "properties": {
        "parcel_id": "parc_0042",
        "parcel_type": "residential",
        "owner_type": "private",
        "area_sq_m": 312.4,
        "restricted": false
      },
      "geometry": {
        "type": "Polygon",
        "coordinates": [
          [
            [
              77.71021874356522,
              12.679721536246179
            ],
            [
              77.71015222068131,
              12.679836734438847
            ],
            [
              77.71005784103542,
              12.679795908937667
            ],
            [
              77.71004073407994,
              12.679684917159918
            ],
            [
              77.71014840067916,
              12.679605999546597
            ],
            [
              77.71021874356522,
              12.679721536246179
            ]
          ]
        ]
      }
    },
    {
      "type": "Feature",
      "properties": {
        "parcel_id": "parc_0043",
        "parcel_type": "agricultural",
        "owner_type": "private",
        "area_sq_m": 590.5,
        "restricted": false
      },
      "geometry": {
        "type": "Polygon",
        "coordinates": [
          [
            [
              77.70897704714058,
              12.687668406211799
            ],
            [
              77.7088977696849,
              12.687820546290036
            ],
            [
              77.70871338335763,
              12.687776667957795
            ],
            [
              77.70871618478468,
              12.687623436215702
            ],
            [
              77.70886337063357,
              12.687555965134601
            ],
            [
              77.70897704714058,
              12.687668406211799
            ]
          ]
        ]
      }
    },
    {
      "type": "Feature",
      "properties": {
        "parcel_id": "parc_0044",
        "parcel_type": "agricultural",
        "owner_type": "common",
        "area_sq_m": 432.6,
        "restricted": false
      },
      "geometry": {
        "type": "Polygon",
        "coordinates": [
          [
            [
              77.71787854913259,
              12.678345270482463
            ],
            [
              77.71777793727851,
              12.67844736939935
            ],
            [
              77.71765949426101,
              12.67837329345389
            ],
            [
              77.71766029542019,
              12.678242074349768
            ],
            [
              77.7177772075653,
              12.678196771399042
            ],
            [
              77.71787854913259,
              12.678345270482463
            ]
          ]
        ]
      }
    },
    {
      "type": "Feature",
      "properties": {
        "parcel_id": "parc_0045",
        "parcel_type": "residential",
        "owner_type": "government",
        "area_sq_m": 607.3,
        "restricted": false
      },
      "geometry": {
        "type": "Polygon",
        "coordinates": [
          [
            [
              77.70709277570457,
              12.685522049928359
            ],
            [
              77.70695657633247,
              12.685687901404515
            ],
            [
              77.70682086922041,
              12.685651148617703
            ],
            [
              77.70684265455368,
              12.685473139727101
            ],
            [
              77.7070014972322,
              12.685402369994238
            ],
            [
              77.70709277570457,
              12.685522049928359
            ]
          ]
        ]
      }
    },
    {
      "type": "Feature",
      "properties": {
        "parcel_id": "parc_0046",
        "parcel_type": "agricultural",
        "owner_type": "private",
        "area_sq_m": 584.4,
        "restricted": false
      },
      "geometry": {
        "type": "Polygon",
        "coordinates": [
          [
            [
              77.71339083723967,
              12.677863186225647
            ],
            [
              77.71327834941239,
              12.678026965498995
            ],
            [
              77.71315532914925,
              12.677957994308983
            ],
            [
              77.71314408387641,
              12.677807965693312
            ],
            [
              77.71334463471959,
              12.677729015297386
            ],
            [
              77.71339083723967,
              12.677863186225647
            ]
          ]
        ]
      }
    },
    {
      "type": "Feature",
      "properties": {
        "parcel_id": "parc_0047",
        "parcel_type": "agricultural",
        "owner_type": "private",
        "area_sq_m": 382.1,
        "restricted": false
      },
      "geometry": {
        "type": "Polygon",
        "coordinates": [
          [
            [
              77.7107612124376,
              12.682605957606649
            ],
            [
              77.71067111985285,
              12.682713295488293
            ],
            [
              77.71053781506622,
              12.682697966493565
            ],
            [
              77.7105603510499,
              12.682552369074088
            ],
            [
              77.71070190225672,
              12.682511095104097
            ],
            [
              77.7107612124376,
              12.682605957606649
            ]
          ]
        ]
      }
    },
    {
      "type": "Feature",
      "properties": {
        "parcel_id": "parc_0048",
        "parcel_type": "residential",
        "owner_type": "private",
        "area_sq_m": 350.4,
        "restricted": false
      },
      "geometry": {
        "type": "Polygon",
        "coordinates": [
          [
            [
              77.71431370829484,
              12.684639335207923
            ],
            [
              77.71424919192721,
              12.684748506186203
            ],
            [
              77.71412241284085,
              12.684719482677108
            ],
            [
              77.7141381455321,
              12.684573413108303
            ],
            [
              77.71424473060098,
              12.684530956596559
            ],
            [
              77.71431370829484,
              12.684639335207923
            ]
          ]
        ]
      }
    },
    {
      "type": "Feature",
      "properties": {
        "parcel_id": "parc_0049",
        "parcel_type": "residential",
        "owner_type": "private",
        "area_sq_m": 318.7,
        "restricted": false
      },
      "geometry": {
        "type": "Polygon",
        "coordinates": [
          [
            [
              77.70961597720266,
              12.67948796725801
            ],
            [
              77.70954207486412,
              12.679580066555816
            ],
            [
              77.70939967532026,
              12.679543395431379
            ],
            [
              77.70941432047834,
              12.6794349737207
            ],
            [
              77.70953514937466,
              12.67940094458908
            ],
            [
              77.70961597720266,
              12.67948796725801
            ]
          ]
        ]
      }
    },
    {
      "type": "Feature",
      "properties": {
        "parcel_id": "parc_0050",
        "parcel_type": "commercial",
        "owner_type": "private",
        "area_sq_m": 655.8,
        "restricted": true
      },
      "geometry": {
        "type": "Polygon",
        "coordinates": [
          [
            [
              77.71254431271193,
              12.677851518559397
            ],
            [
              77.71245488867416,
              12.678010554658002
            ],
            [
              77.71230704811255,
              12.67794762867984
            ],
            [
              77.71229488936318,
              12.677756060427877
            ],
            [
              77.71248313102883,
              12.677705027125441
            ],
            [
              77.71254431271193,
              12.677851518559397
            ]
          ]
        ]
      }
    },
    {
      "type": "Feature",
      "properties": {
        "parcel_id": "parc_0051",
        "parcel_type": "residential",
        "owner_type": "private",
        "area_sq_m": 370.6,
        "restricted": false
      },
      "geometry": {
        "type": "Polygon",
        "coordinates": [
          [
            [
              77.71066638289395,
              12.67759217130168
            ],
            [
              77.71057596869905,
              12.67771025707768
            ],
            [
              77.71044164281018,
              12.677666940659341
            ],
            [
              77.7104703781927,
              12.67754452268295
            ],
            [
              77.71061095534199,
              12.677502104052198
            ],
            [
              77.71066638289395,
              12.67759217130168
            ]
          ]
        ]
      }
    },
    {
      "type": "Feature",
      "properties": {
        "parcel_id": "parc_0052",
        "parcel_type": "residential",
        "owner_type": "private",
        "area_sq_m": 488.5,
        "restricted": false
      },
      "geometry": {
        "type": "Polygon",
        "coordinates": [
          [
            [
              77.71769026436033,
              12.679333346588079
            ],
            [
              77.71758744355901,
              12.679423173818412
            ],
            [
              77.71742911579015,
              12.679377560770192
            ],
            [
              77.71743523455322,
              12.679245646570228
            ],
            [
              77.71758128700547,
              12.679193136605985
            ],
            [
              77.71769026436033,
              12.679333346588079
            ]
          ]
        ]
      }
    },
    {
      "type": "Feature",
      "properties": {
        "parcel_id": "parc_0053",
        "parcel_type": "residential",
        "owner_type": "common",
        "area_sq_m": 575.7,
        "restricted": false
      },
      "geometry": {
        "type": "Polygon",
        "coordinates": [
          [
            [
              77.71210350385293,
              12.67424427258242
            ],
            [
              77.71199037988819,
              12.674379179438091
            ],
            [
              77.7118486606411,
              12.67434212396143
            ],
            [
              77.71184867104267,
              12.674169599366692
            ],
            [
              77.71196763912681,
              12.67410177982266
            ],
            [
              77.71210350385293,
              12.67424427258242
            ]
          ]
        ]
      }
    },
    {
      "type": "Feature",
      "properties": {
        "parcel_id": "parc_0054",
        "parcel_type": "residential",
        "owner_type": "private",
        "area_sq_m": 375.2,
        "restricted": false
      },
      "geometry": {
        "type": "Polygon",
        "coordinates": [
          [
            [
              77.71346855386805,
              12.67726584026147
            ],
            [
              77.71337496353945,
              12.677348925750332
            ],
            [
              77.71324092526022,
              12.677335255404602
            ],
            [
              77.71326319067238,
              12.677206410164292
            ],
            [
              77.7133863596263,
              12.677141273210754
            ],
            [
              77.71346855386805,
              12.67726584026147
            ]
          ]
        ]
      }
    },
    {
      "type": "Feature",
      "properties": {
        "parcel_id": "parc_0055",
        "parcel_type": "residential",
        "owner_type": "common",
        "area_sq_m": 591.5,
        "restricted": false
      },
      "geometry": {
        "type": "Polygon",
        "coordinates": [
          [
            [
              77.71186779770323,
              12.681169871920327
            ],
            [
              77.71176813102126,
              12.681314624095402
            ],
            [
              77.71161650575111,
              12.681295968052428
            ],
            [
              77.71161592382309,
              12.681117348600917
            ],
            [
              77.71176680880725,
              12.68104063396941
            ],
            [
              77.71186779770323,
              12.681169871920327
            ]
          ]
        ]
      }
    },
    {
      "type": "Feature",
      "properties": {
        "parcel_id": "parc_0056",
        "parcel_type": "residential",
        "owner_type": "private",
        "area_sq_m": 260.3,
        "restricted": false
      },
      "geometry": {
        "type": "Polygon",
        "coordinates": [
          [
            [
              77.7241985845913,
              12.683120002995707
            ],
            [
              77.7241710830597,
              12.683241807732642
            ],
            [
              77.72403506470147,
              12.683174728386476
            ],
            [
              77.72405109995448,
              12.68307217351835
            ],
            [
              77.7241276215756,
              12.683043140840091
            ],
            [
              77.7241985845913,
              12.683120002995707
            ]
          ]
        ]
      }
    },
    {
      "type": "Feature",
      "properties": {
        "parcel_id": "parc_0057",
        "parcel_type": "agricultural",
        "owner_type": "private",
        "area_sq_m": 585.5,
        "restricted": false
      },
      "geometry": {
        "type": "Polygon",
        "coordinates": [
          [
            [
              77.71330692072664,
              12.68517024555349
            ],
            [
              77.7132555895687,
              12.685291115149234
            ],
            [
              77.71307150113248,
              12.68523665069803
            ],
            [
              77.71308512119761,
              12.685070669371642
            ],
            [
              77.71322878048441,
              12.684991698231041
            ],
            [
              77.71330692072664,
              12.68517024555349
            ]
          ]
        ]
      }
    },
    {
      "type": "Feature",
      "properties": {
        "parcel_id": "parc_0058",
        "parcel_type": "residential",
        "owner_type": "private",
        "area_sq_m": 352.3,
        "restricted": false
      },
      "geometry": {
        "type": "Polygon",
        "coordinates": [
          [
            [
              77.71767842592537,
              12.681976288999618
            ],
            [
              77.71761745672342,
              12.682103765364804
            ],
            [
              77.71749634783853,
              12.682089260892663
            ],
            [
              77.7175118461922,
              12.681915178068182
            ],
            [
              77.7176243451294,
              12.681890871659668
            ],
            [
              77.71767842592537,
              12.681976288999618
            ]
          ]
        ]
      }
    },
    {
      "type": "Feature",
      "properties": {
        "parcel_id": "parc_0059",
        "parcel_type": "agricultural",
        "owner_type": "government",
        "area_sq_m": 563.4,
        "restricted": false
      },
      "geometry": {
        "type": "Polygon",
        "coordinates": [
          [
            [
              77.71545877535281,
              12.684948260581095
            ],
            [
              77.71541199809309,
              12.685091488209293
            ],
            [
              77.71522010444602,
              12.685079316568018
            ],
            [
              77.71522543554157,
              12.684903562218642
            ],
            [
              77.71537241410132,
              12.684836778211457
            ],
            [
              77.71545877535281,
              12.684948260581095
            ]
          ]
        ]
      }
    },
    {
      "type": "Feature",
      "properties": {
        "parcel_id": "parc_0060",
        "parcel_type": "residential",
        "owner_type": "private",
        "area_sq_m": 402.3,
        "restricted": false
      },
      "geometry": {
        "type": "Polygon",
        "coordinates": [
          [
            [
              77.7068434660248,
              12.686759097689452
            ],
            [
              77.70675189037304,
              12.68686776959
            ],
            [
              77.70661516757073,
              12.686841293495347
            ],
            [
              77.70661723267507,
              12.68669325949359
            ],
            [
              77.70673646044335,
              12.686664339658535
            ],
            [
              77.7068434660248,
              12.686759097689452
            ]
          ]
        ]
      }
    },
    {
      "type": "Feature",
      "properties": {
        "parcel_id": "parc_0061",
        "parcel_type": "agricultural",
        "owner_type": "private",
        "area_sq_m": 638.8,
        "restricted": false
      },
      "geometry": {
        "type": "Polygon",
        "coordinates": [
          [
            [
              77.72169618470339,
              12.682840400298424
            ],
            [
              77.72160279316616,
              12.683005984319307
            ],
            [
              77.72143551466117,
              12.682956882356883
            ],
            [
              77.72145946345,
              12.682748448733356
            ],
            [
              77.7216215872225,
              12.68272752845346
            ],
            [
              77.72169618470339,
              12.682840400298424
            ]
          ]
        ]
      }
    },
    {
      "type": "Feature",
      "properties": {
        "parcel_id": "parc_0062",
        "parcel_type": "residential",
        "owner_type": "private",
        "area_sq_m": 424.9,
        "restricted": false
      },
      "geometry": {
        "type": "Polygon",
        "coordinates": [
          [
            [
              77.72137166235642,
              12.67800409815544
            ],
            [
              77.72127963093648,
              12.678118059762147
            ],
            [
              77.72115348212917,
              12.6780575428077
            ],
            [
              77.72115047173341,
              12.6779479300569
            ],
            [
              77.72128686252235,
              12.677869761470726
            ],
            [
              77.72137166235642,
              12.67800409815544
            ]
          ]
        ]
      }
    },
    {
      "type": "Feature",
      "properties": {
        "parcel_id": "parc_0063",
        "parcel_type": "agricultural",
        "owner_type": "private",
        "area_sq_m": 444.0,
        "restricted": false
      },
      "geometry": {
        "type": "Polygon",
        "coordinates": [
          [
            [
              77.71372654966518,
              12.673909426654825
            ],
            [
              77.71365976729183,
              12.67398749008639
            ],
            [
              77.71349126258445,
              12.673981436796623
            ],
            [
              77.71351203073866,
              12.673827107580749
            ],
            [
              77.7136504455438,
              12.673769735045733
            ],
            [
              77.71372654966518,
              12.673909426654825
            ]
          ]
        ]
      }
    },
    {
      "type": "Feature",
      "properties": {
        "parcel_id": "parc_0064",
        "parcel_type": "residential",
        "owner_type": "government",
        "area_sq_m": 382.4,
        "restricted": false
      },
      "geometry": {
        "type": "Polygon",
        "coordinates": [
          [
            [
              77.71040438773481,
              12.677446750798751
            ],
            [
              77.7103402123038,
              12.677590453777848
            ],
            [
              77.71019248322088,
              12.677521416622032
            ],
            [
              77.71019770392519,
              12.677401367331496
            ],
            [
              77.71032959774925,
              12.677375334887659
            ],
            [
              77.71040438773481,
              12.677446750798751
            ]
          ]
        ]
      }
    },
    {
      "type": "Feature",
      "properties": {
        "parcel_id": "parc_0065",
        "parcel_type": "residential",
        "owner_type": "private",
        "area_sq_m": 511.1,
        "restricted": false
      },
      "geometry": {
        "type": "Polygon",
        "coordinates": [
          [
            [
              77.71228637770295,
              12.679783088551217
            ],
            [
              77.71218981505456,
              12.679903858529935
            ],
            [
              77.71205236309525,
              12.679833011746478
            ],
            [
              77.71206037350788,
              12.679699010776023
            ],
            [
              77.71222871987162,
              12.679635266720643
            ],
            [
              77.71228637770295,
              12.679783088551217
            ]
          ]
        ]
      }
    },
    {
      "type": "Feature",
      "properties": {
        "parcel_id": "parc_0066",
        "parcel_type": "residential",
        "owner_type": "private",
        "area_sq_m": 367.1,
        "restricted": false
      },
      "geometry": {
        "type": "Polygon",
        "coordinates": [
          [
            [
              77.71731761962681,
              12.68265778998927
            ],
            [
              77.71723100682433,
              12.682743187852317
            ],
            [
              77.71709758233287,
              12.682752572878739
            ],
            [
              77.71711284216998,
              12.682592447778147
            ],
            [
              77.71722139328581,
              12.682552727884211
            ],
            [
              77.71731761962681,
              12.68265778998927
            ]
          ]
        ]
      }
    },
    {
      "type": "Feature",
      "properties": {
        "parcel_id": "parc_0067",
        "parcel_type": "residential",
        "owner_type": "private",
        "area_sq_m": 636.6,
        "restricted": false
      },
      "geometry": {
        "type": "Polygon",
        "coordinates": [
          [
            [
              77.71774336810724,
              12.675044232528569
            ],
            [
              77.71764878610264,
              12.67518061942012
            ],
            [
              77.71745271853034,
              12.675149740040823
            ],
            [
              77.71745364300126,
              12.674990150974292
            ],
            [
              77.71763204542853,
              12.674928907889123
            ],
            [
              77.71774336810724,
              12.675044232528569
            ]
          ]
        ]
      }
    },
    {
      "type": "Feature",
      "properties": {
        "parcel_id": "parc_0068",
        "parcel_type": "residential",
        "owner_type": "private",
        "area_sq_m": 367.7,
        "restricted": false
      },
      "geometry": {
        "type": "Polygon",
        "coordinates": [
          [
            [
              77.71219776416514,
              12.679778802480689
            ],
            [
              77.71210531920029,
              12.679909444860282
            ],
            [
              77.71199983308499,
              12.679849473305927
            ],
            [
              77.71200483132935,
              12.67970884107208
            ],
            [
              77.71209342332074,
              12.679674201984307
            ],
            [
              77.71219776416514,
              12.679778802480689
            ]
          ]
        ]
      }
    },
    {
      "type": "Feature",
      "properties": {
        "parcel_id": "parc_0069",
        "parcel_type": "residential",
        "owner_type": "private",
        "area_sq_m": 574.8,
        "restricted": true
      },
      "geometry": {
        "type": "Polygon",
        "coordinates": [
          [
            [
              77.71793244431312,
              12.68435308296496
            ],
            [
              77.71785347320672,
              12.684514892970745
            ],
            [
              77.71769814923107,
              12.68443202172238
            ],
            [
              77.71768624220023,
              12.684304413371299
            ],
            [
              77.7178405275657,
              12.68420984613118
            ],
            [
              77.71793244431312,
              12.68435308296496
            ]
          ]
        ]
      }
    },
    {
      "type": "Feature",
      "properties": {
        "parcel_id": "parc_0070",
        "parcel_type": "commercial",
        "owner_type": "private",
        "area_sq_m": 370.4,
        "restricted": false
      },
      "geometry": {
        "type": "Polygon",
        "coordinates": [
          [
            [
              77.7104658458747,
              12.681772537626403
            ],
            [
              77.7103640426051,
              12.6818917592784
            ],
            [
              77.71022752733069,
              12.681854550963013
            ],
            [
              77.71026544544254,
              12.681724196527629
            ],
            [
              77.71036623632754,
              12.681688117179977
            ],
            [
              77.7104658458747,
              12.681772537626403
            ]
          ]
        ]
      }
    },
    {
      "type": "Feature",
      "properties": {
        "parcel_id": "parc_0071",
        "parcel_type": "residential",
        "owner_type": "common",
        "area_sq_m": 608.1,
        "restricted": false
      },
      "geometry": {
        "type": "Polygon",
        "coordinates": [
          [
            [
              77.7127714442779,
              12.690729928488325
            ],
            [
              77.71269365599687,
              12.6908689561413
            ],
            [
              77.71249585876434,
              12.690823724545034
            ],
            [
              77.71253232060664,
              12.690634369069397
            ],
            [
              77.71267860107264,
              12.690613691398683
            ],
            [
              77.7127714442779,
              12.690729928488325
            ]
          ]
        ]
      }
    },
    {
      "type": "Feature",
      "properties": {
        "parcel_id": "parc_0072",
        "parcel_type": "residential",
        "owner_type": "private",
        "area_sq_m": 285.2,
        "restricted": false
      },
      "geometry": {
        "type": "Polygon",
        "coordinates": [
          [
            [
              77.71300295197899,
              12.68562790416035
            ],
            [
              77.7129115424392,
              12.685735490912323
            ],
            [
              77.71281973880065,
              12.68568385089161
            ],
            [
              77.71282457652134,
              12.685562529271447
            ],
            [
              77.71289430993056,
              12.685533445648517
            ],
            [
              77.71300295197899,
              12.68562790416035
            ]
          ]
        ]
      }
    },
    {
      "type": "Feature",
      "properties": {
        "parcel_id": "parc_0073",
        "parcel_type": "residential",
        "owner_type": "private",
        "area_sq_m": 406.4,
        "restricted": false
      },
      "geometry": {
        "type": "Polygon",
        "coordinates": [
          [
            [
              77.70862469843448,
              12.683110843066054
            ],
            [
              77.70852933680675,
              12.683197820862617
            ],
            [
              77.70838231888698,
              12.683149860649428
            ],
            [
              77.70839367627488,
              12.683009752954701
            ],
            [
              77.70851198166137,
              12.682996161236947
            ],
            [
              77.70862469843448,
              12.683110843066054
            ]
          ]
        ]
      }
    },
    {
      "type": "Feature",
      "properties": {
        "parcel_id": "parc_0074",
        "parcel_type": "agricultural",
        "owner_type": "private",
        "area_sq_m": 627.5,
        "restricted": false
      },
      "geometry": {
        "type": "Polygon",
        "coordinates": [
          [
            [
              77.71107574129876,
              12.677703595798688
            ],
            [
              77.71097181775711,
              12.677821000010438
            ],
            [
              77.71082061188595,
              12.677794155906334
            ],
            [
              77.71080789927032,
              12.677596311847795
            ],
            [
              77.71094469941502,
              12.677540231235575
            ],
            [
              77.71107574129876,
              12.677703595798688
            ]
          ]
        ]
      }
    },
    {
      "type": "Feature",
      "properties": {
        "parcel_id": "parc_0075",
        "parcel_type": "residential",
        "owner_type": "private",
        "area_sq_m": 590.4,
        "restricted": false
      },
      "geometry": {
        "type": "Polygon",
        "coordinates": [
          [
            [
              77.7077893585626,
              12.686416962500653
            ],
            [
              77.70770789943957,
              12.686569194770916
            ],
            [
              77.70754572417079,
              12.686543599641437
            ],
            [
              77.70754687163372,
              12.686368897772592
            ],
            [
              77.70769799074432,
              12.686288989013347
            ],
            [
              77.7077893585626,
              12.686416962500653
            ]
          ]
        ]
      }
    },
    {
      "type": "Feature",
      "properties": {
        "parcel_id": "parc_0076",
        "parcel_type": "agricultural",
        "owner_type": "private",
        "area_sq_m": 369.3,
        "restricted": false
      },
      "geometry": {
        "type": "Polygon",
        "coordinates": [
          [
            [
              77.72184705027637,
              12.685124537312406
            ],
            [
              77.72175239561604,
              12.685251244986326
            ],
            [
              77.72164545303391,
              12.685215064600872
            ],
            [
              77.7216378124944,
              12.68507279067284
            ],
            [
              77.72176213177325,
              12.68503853756547
            ],
            [
              77.72184705027637,
              12.685124537312406
            ]
          ]
        ]
      }
    },
    {
      "type": "Feature",
      "properties": {
        "parcel_id": "parc_0077",
        "parcel_type": "residential",
        "owner_type": "private",
        "area_sq_m": 532.7,
        "restricted": false
      },
      "geometry": {
        "type": "Polygon",
        "coordinates": [
          [
            [
              77.71751158204964,
              12.680318932243967
            ],
            [
              77.71745512474152,
              12.680450233558577
            ],
            [
              77.71730439177448,
              12.680421898351566
            ],
            [
              77.71725619095093,
              12.680255632146892
            ],
            [
              77.7174460286258,
              12.680202181638906
            ],
            [
              77.71751158204964,
              12.680318932243967
            ]
          ]
        ]
      }
    },
    {
      "type": "Feature",
      "properties": {
        "parcel_id": "parc_0078",
        "parcel_type": "residential",
        "owner_type": "government",
        "area_sq_m": 541.6,
        "restricted": false
      },
      "geometry": {
        "type": "Polygon",
        "coordinates": [
          [
            [
              77.71386519729273,
              12.675078067691063
            ],
            [
              77.71376555774799,
              12.67522233545294
            ],
            [
              77.71362562697207,
              12.675187643155784
            ],
            [
              77.71364818958409,
              12.675010128445761
            ],
            [
              77.71378696530957,
              12.674941978001605
            ],
            [
              77.71386519729273,
              12.675078067691063
            ]
          ]
        ]
      }
    },
    {
      "type": "Feature",
      "properties": {
        "parcel_id": "parc_0079",
        "parcel_type": "residential",
        "owner_type": "private",
        "area_sq_m": 490.7,
        "restricted": false
      },
      "geometry": {
        "type": "Polygon",
        "coordinates": [
          [
            [
              77.71231542117563,
              12.673294916690036
            ],
            [
              77.71224100769689,
              12.673421373696671
            ],
            [
              77.7120704681844,
              12.673365171091483
            ],
            [
              77.71205101529877,
              12.673248546670317
            ],
            [
              77.7122126165274,
              12.67318624206294
            ],
            [
              77.71231542117563,
              12.673294916690036
            ]
          ]
        ]
      }
    },
    {
      "type": "Feature",
      "properties": {
        "parcel_id": "parc_0080",
        "parcel_type": "residential",
        "owner_type": "private",
        "area_sq_m": 425.3,
        "restricted": false
      },
      "geometry": {
        "type": "Polygon",
        "coordinates": [
          [
            [
              77.71679029210406,
              12.673659473503092
            ],
            [
              77.71669816413052,
              12.673789471458443
            ],
            [
              77.71654179576277,
              12.67374769004142
            ],
            [
              77.71656247289363,
              12.673636695235338
            ],
            [
              77.71671056021624,
              12.673567631653947
            ],
            [
              77.71679029210406,
              12.673659473503092
            ]
          ]
        ]
      }
    },
    {
      "type": "Feature",
      "properties": {
        "parcel_id": "parc_0081",
        "parcel_type": "residential",
        "owner_type": "private",
        "area_sq_m": 500.0,
        "restricted": false
      },
      "geometry": {
        "type": "Polygon",
        "coordinates": [
          [
            [
              77.7143686291612,
              12.68542885834329
            ],
            [
              77.71427825460071,
              12.685542459995807
            ],
            [
              77.71414911554835,
              12.68549266952146
            ],
            [
              77.71413649163502,
              12.685327728199647
            ],
            [
              77.7142826001272,
              12.68528380315382
            ],
            [
              77.7143686291612,
              12.68542885834329
            ]
          ]
        ]
      }
    },
    {
      "type": "Feature",
      "properties": {
        "parcel_id": "parc_0082",
        "parcel_type": "agricultural",
        "owner_type": "private",
        "area_sq_m": 646.4,
        "restricted": false
      },
      "geometry": {
        "type": "Polygon",
        "coordinates": [
          [
            [
              77.7102528619746,
              12.678791285393205
            ],
            [
              77.71011156657133,
              12.678921525027329
            ],
            [
              77.70997858477621,
              12.678882762062361
            ],
            [
              77.71000076499192,
              12.678696163303535
            ],
            [
              77.71016864608706,
              12.678628676047415
            ],
            [
              77.7102528619746,
              12.678791285393205
            ]
          ]
        ]
      }
    },
    {
      "type": "Feature",
      "properties": {
        "parcel_id": "parc_0083",
        "parcel_type": "residential",
        "owner_type": "private",
        "area_sq_m": 300.0,
        "restricted": false
      },
      "geometry": {
        "type": "Polygon",
        "coordinates": [
          [
            [
              77.7225106047252,
              12.684923358791538
            ],
            [
              77.7224312027526,
              12.685004391036225
            ],
            [
              77.72231788112441,
              12.685004448755782
            ],
            [
              77.72232951413388,
              12.684873080137008
            ],
            [
              77.72242483201134,
              12.684815921137432
            ],
            [
              77.7225106047252,
              12.684923358791538
            ]
          ]
        ]
      }
    },
    {
      "type": "Feature",
      "properties": {
        "parcel_id": "parc_0084",
        "parcel_type": "commercial",
        "owner_type": "private",
        "area_sq_m": 650.7,
        "restricted": false
      },
      "geometry": {
        "type": "Polygon",
        "coordinates": [
          [
            [
              77.72258825917753,
              12.682234033801178
            ],
            [
              77.72247133270436,
              12.682380533428216
            ],
            [
              77.72228174028456,
              12.682350369860538
            ],
            [
              77.72231411194768,
              12.682191082428233
            ],
            [
              77.72247496672303,
              12.682109532665125
            ],
            [
              77.72258825917753,
              12.682234033801178
            ]
          ]
        ]
      }
    },
    {
      "type": "Feature",
      "properties": {
        "parcel_id": "parc_0085",
        "parcel_type": "commercial",
        "owner_type": "private",
        "area_sq_m": 592.0,
        "restricted": false
      },
      "geometry": {
        "type": "Polygon",
        "coordinates": [
          [
            [
              77.71129036544946,
              12.687311959914835
            ],
            [
              77.711177550235,
              12.687417557313102
            ],
            [
              77.71102325124319,
              12.687428005818289
            ],
            [
              77.71100185582391,
              12.687237633770145
            ],
            [
              77.71117498612863,
              12.687186420973674
            ],
            [
              77.71129036544946,
              12.687311959914835
            ]
          ]
        ]
      }
    },
    {
      "type": "Feature",
      "properties": {
        "parcel_id": "parc_0086",
        "parcel_type": "residential",
        "owner_type": "private",
        "area_sq_m": 377.6,
        "restricted": false
      },
      "geometry": {
        "type": "Polygon",
        "coordinates": [
          [
            [
              77.71095791640289,
              12.68320737419094
            ],
            [
              77.71087511853345,
              12.68330044811248
            ],
            [
              77.7107391820212,
              12.683296623350321
            ],
            [
              77.71073370605406,
              12.683172116138632
            ],
            [
              77.71086399629117,
              12.683100709406775
            ],
            [
              77.71095791640289,
              12.68320737419094
            ]
          ]
        ]
      }
    },
    {
      "type": "Feature",
      "properties": {
        "parcel_id": "parc_0087",
        "parcel_type": "residential",
        "owner_type": "private",
        "area_sq_m": 452.6,
        "restricted": false
      },
      "geometry": {
        "type": "Polygon",
        "coordinates": [
          [
            [
              77.71023732040548,
              12.685810681345192
            ],
            [
              77.71013539004583,
              12.685948484069577
            ],
            [
              77.7100327952586,
              12.685890313474253
            ],
            [
              77.70998240922405,
              12.685750328782458
            ],
            [
              77.71012672868758,
              12.685703053019434
            ],
            [
              77.71023732040548,
              12.685810681345192
            ]
          ]
        ]
      }
    },
    {
      "type": "Feature",
      "properties": {
        "parcel_id": "parc_0088",
        "parcel_type": "agricultural",
        "owner_type": "private",
        "area_sq_m": 425.2,
        "restricted": false
      },
      "geometry": {
        "type": "Polygon",
        "coordinates": [
          [
            [
              77.71762117077968,
              12.68518188973104
            ],
            [
              77.7175130580294,
              12.685305793521971
            ],
            [
              77.71738850119459,
              12.685234322731766
            ],
            [
              77.71738424700311,
              12.68513213182942
            ],
            [
              77.71751228361379,
              12.685066740568576
            ],
            [
              77.71762117077968,
              12.68518188973104
            ]
          ]
        ]
      }
    },
    {
      "type": "Feature",
      "properties": {
        "parcel_id": "parc_0089",
        "parcel_type": "residential",
        "owner_type": "private",
        "area_sq_m": 300.7,
        "restricted": false
      },
      "geometry": {
        "type": "Polygon",
        "coordinates": [
          [
            [
              77.71192508718501,
              12.673291845323167
            ],
            [
              77.71186143319638,
              12.673370032814688
            ],
            [
              77.71175460139723,
              12.673345351348939
            ],
            [
              77.71175595056607,
              12.67320608446166
            ],
            [
              77.71185156518106,
              12.673164604045185
            ],
            [
              77.71192508718501,
              12.673291845323167
            ]
          ]
        ]
      }
    },
    {
      "type": "Feature",
      "properties": {
        "parcel_id": "parc_0090",
        "parcel_type": "residential",
        "owner_type": "private",
        "area_sq_m": 455.6,
        "restricted": false
      },
      "geometry": {
        "type": "Polygon",
        "coordinates": [
          [
            [
              77.71740835590522,
              12.678984288274725
            ],
            [
              77.717292801388,
              12.679112385112399
            ],
            [
              77.71717183581359,
              12.679067205955091
            ],
            [
              77.71718326950851,
              12.67893969055237
            ],
            [
              77.71731327987692,
              12.678858705765583
            ],
            [
              77.71740835590522,
              12.678984288274725
            ]
          ]
        ]
      }
    },
    {
      "type": "Feature",
      "properties": {
        "parcel_id": "parc_0091",
        "parcel_type": "residential",
        "owner_type": "private",
        "area_sq_m": 467.9,
        "restricted": false
      },
      "geometry": {
        "type": "Polygon",
        "coordinates": [
          [
            [
              77.71241285785614,
              12.689500252780553
            ],
            [
              77.71232979017337,
              12.689615501222667
            ],
            [
              77.71218601336331,
              12.689586499325156
            ],
            [
              77.7121727362923,
              12.689434722071194
            ],
            [
              77.71232959634808,
              12.689388425577523
            ],
            [
              77.71241285785614,
              12.689500252780553
            ]
          ]
        ]
      }
    },
    {
      "type": "Feature",
      "properties": {
        "parcel_id": "parc_0092",
        "parcel_type": "residential",
        "owner_type": "private",
        "area_sq_m": 532.8,
        "restricted": false
      },
      "geometry": {
        "type": "Polygon",
        "coordinates": [
          [
            [
              77.71929352130715,
              12.678485440059411
            ],
            [
              77.7192523198219,
              12.678630712154433
            ],
            [
              77.71906233808491,
              12.678559537927889
            ],
            [
              77.71905782990868,
              12.678427992341888
            ],
            [
              77.71921589135717,
              12.678359530585512
            ],
            [
              77.71929352130715,
              12.678485440059411
            ]
          ]
        ]
      }
    },
    {
      "type": "Feature",
      "properties": {
        "parcel_id": "parc_0093",
        "parcel_type": "residential",
        "owner_type": "government",
        "area_sq_m": 449.2,
        "restricted": false
      },
      "geometry": {
        "type": "Polygon",
        "coordinates": [
          [
            [
              77.71993351587068,
              12.676649083557145
            ],
            [
              77.71987223828178,
              12.676742729852243
            ],
            [
              77.7197091931659,
              12.67670630616756
            ],
            [
              77.71969984553887,
              12.676567754705536
            ],
            [
              77.71987829808685,
              12.676528039273915
            ],
            [
              77.71993351587068,
              12.676649083557145
            ]
          ]
        ]
      }
    },
    {
      "type": "Feature",
      "properties": {
        "parcel_id": "parc_0094",
        "parcel_type": "residential",
        "owner_type": "private",
        "area_sq_m": 262.9,
        "restricted": false
      },
      "geometry": {
        "type": "Polygon",
        "coordinates": [
          [
            [
              77.71366791917401,
              12.684306717979041
            ],
            [
              77.71359628834631,
              12.68437898641922
            ],
            [
              77.71348918677147,
              12.684354495335551
            ],
            [
              77.71348108140971,
              12.684267538206512
            ],
            [
              77.71359405332376,
              12.684198893184735
            ],
            [
              77.71366791917401,
              12.684306717979041
            ]
          ]
        ]
      }
    },
    {
      "type": "Feature",
      "properties": {
        "parcel_id": "parc_0095",
        "parcel_type": "agricultural",
        "owner_type": "private",
        "area_sq_m": 407.5,
        "restricted": false
      },
      "geometry": {
        "type": "Polygon",
        "coordinates": [
          [
            [
              77.71143807867708,
              12.680517734728097
            ],
            [
              77.71133390354406,
              12.680641076578723
            ],
            [
              77.71121342513747,
              12.680591125696813
            ],
            [
              77.71121885794437,
              12.680444318836233
            ],
            [
              77.71134805701801,
              12.680425999837084
            ],
            [
              77.71143807867708,
              12.680517734728097
            ]
          ]
        ]
      }
    },
    {
      "type": "Feature",
      "properties": {
        "parcel_id": "parc_0096",
        "parcel_type": "residential",
        "owner_type": "private",
        "area_sq_m": 590.3,
        "restricted": false
      },
      "geometry": {
        "type": "Polygon",
        "coordinates": [
          [
            [
              77.71516249290232,
              12.671976063385786
            ],
            [
              77.71507134431157,
              12.672108537856118
            ],
            [
              77.71493665780118,
              12.672045231617426
            ],
            [
              77.71491228562347,
              12.671861497578023
            ],
            [
              77.71508643432787,
              12.671825209988354
            ],
            [
              77.71516249290232,
              12.671976063385786
            ]
          ]
        ]
      }
    },
    {
      "type": "Feature",
      "properties": {
        "parcel_id": "parc_0097",
        "parcel_type": "residential",
        "owner_type": "private",
        "area_sq_m": 301.6,
        "restricted": false
      },
      "geometry": {
        "type": "Polygon",
        "coordinates": [
          [
            [
              77.71647243657682,
              12.676235267102854
            ],
            [
              77.71642021240164,
              12.676329396453747
            ],
            [
              77.71630046693828,
              12.676286705758812
            ],
            [
              77.7162752189902,
              12.676180447979355
            ],
            [
              77.71642044408925,
              12.676140289955123
            ],
            [
              77.71647243657682,
              12.676235267102854
            ]
          ]
        ]
      }
    },
    {
      "type": "Feature",
      "properties": {
        "parcel_id": "parc_0098",
        "parcel_type": "agricultural",
        "owner_type": "private",
        "area_sq_m": 399.4,
        "restricted": false
      },
      "geometry": {
        "type": "Polygon",
        "coordinates": [
          [
            [
              77.71250497686933,
              12.68613945983853
            ],
            [
              77.71240713998755,
              12.686244962298176
            ],
            [
              77.71228379208164,
              12.68618715467132
            ],
            [
              77.71228042935562,
              12.686057606347955
            ],
            [
              77.71242023738118,
              12.686031331043342
            ],
            [
              77.71250497686933,
              12.68613945983853
            ]
          ]
        ]
      }
    },
    {
      "type": "Feature",
      "properties": {
        "parcel_id": "parc_0099",
        "parcel_type": "residential",
        "owner_type": "private",
        "area_sq_m": 541.8,
        "restricted": false
      },
      "geometry": {
        "type": "Polygon",
        "coordinates": [
          [
            [
              77.71404979533617,
              12.686789247064269
            ],
            [
              77.71392699052868,
              12.686920181403638
            ],
            [
              77.71379395353779,
              12.686861319242668
            ],
            [
              77.71377029447356,
              12.686711040241448
            ],
            [
              77.71394944096863,
              12.686678337672172
            ],
            [
              77.71404979533617,
              12.686789247064269
            ]
          ]
        ]
      }
    },
    {
      "type": "Feature",
      "properties": {
        "parcel_id": "parc_0100",
        "parcel_type": "agricultural",
        "owner_type": "private",
        "area_sq_m": 477.7,
        "restricted": false
      },
      "geometry": {
        "type": "Polygon",
        "coordinates": [
          [
            [
              77.71408784541933,
              12.685435168015331
            ],
            [
              77.7139797782525,
              12.685515519961404
            ],
            [
              77.71383036057858,
              12.685508772340082
            ],
            [
              77.71383322792303,
              12.685338346440409
            ],
            [
              77.71397561640482,
              12.68530946210545
            ],
            [
              77.71408784541933,
              12.685435168015331
            ]
          ]
        ]
      }
    },
    {
      "type": "Feature",
      "properties": {
        "parcel_id": "parc_0101",
        "parcel_type": "residential",
        "owner_type": "common",
        "area_sq_m": 523.4,
        "restricted": false
      },
      "geometry": {
        "type": "Polygon",
        "coordinates": [
          [
            [
              77.71527425027008,
              12.673844572781134
            ],
            [
              77.71517606851734,
              12.6739548636538
            ],
            [
              77.71499644838886,
              12.673921821653451
            ],
            [
              77.71504904796342,
              12.673768387355384
            ],
            [
              77.71519683034163,
              12.673714716261674
            ],
            [
              77.71527425027008,
              12.673844572781134
            ]
          ]
        ]
      }
    },
    {
      "type": "Feature",
      "properties": {
        "parcel_id": "parc_0102",
        "parcel_type": "residential",
        "owner_type": "private",
        "area_sq_m": 530.4,
        "restricted": false
      },
      "geometry": {
        "type": "Polygon",
        "coordinates": [
          [
            [
              77.70666308497455,
              12.682815916396098
            ],
            [
              77.7066105066009,
              12.682979960762681
            ],
            [
              77.70642323245092,
              12.682923019595526
            ],
            [
              77.70644139319688,
              12.682764184896849
            ],
            [
              77.70655607696499,
              12.682717734523212
            ],
            [
              77.70666308497455,
              12.682815916396098
            ]
          ]
        ]
      }
    },
    {
      "type": "Feature",
      "properties": {
        "parcel_id": "parc_0103",
        "parcel_type": "residential",
        "owner_type": "government",
        "area_sq_m": 486.8,
        "restricted": false
      },
      "geometry": {
        "type": "Polygon",
        "coordinates": [
          [
            [
              77.71277830420924,
              12.678740225000785
            ],
            [
              77.71270665743398,
              12.6788718407339
            ],
            [
              77.71255551679467,
              12.678834939142348
            ],
            [
              77.71255258194145,
              12.678662086355603
            ],
            [
              77.712708399899,
              12.678637600223352
            ],
            [
              77.71277830420924,
              12.678740225000785
            ]
          ]
        ]
      }
    },
    {
      "type": "Feature",
      "properties": {
        "parcel_id": "parc_0104",
        "parcel_type": "residential",
        "owner_type": "private",
        "area_sq_m": 351.2,
        "restricted": false
      },
      "geometry": {
        "type": "Polygon",
        "coordinates": [
          [
            [
              77.71597224721233,
              12.677785997872604
            ],
            [
              77.71594105675844,
              12.677904050443527
            ],
            [
              77.71578501787319,
              12.677870563540004
            ],
            [
              77.71578906294448,
              12.677742482949014
            ],
            [
              77.71593862713529,
              12.677702127038387
            ],
            [
              77.71597224721233,
              12.677785997872604
            ]
          ]
        ]
      }
    },
    {
      "type": "Feature",
      "properties": {
        "parcel_id": "parc_0105",
        "parcel_type": "residential",
        "owner_type": "private",
        "area_sq_m": 404.7,
        "restricted": false
      },
      "geometry": {
        "type": "Polygon",
        "coordinates": [
          [
            [
              77.71319764428611,
              12.682609371764057
            ],
            [
              77.71313466124057,
              12.682714232411746
            ],
            [
              77.71297886752257,
              12.682652824027048
            ],
            [
              77.7129927661656,
              12.68252912666577
            ],
            [
              77.7131389158642,
              12.682493499100167
            ],
            [
              77.71319764428611,
              12.682609371764057
            ]
          ]
        ]
      }
    },
    {
      "type": "Feature",
      "properties": {
        "parcel_id": "parc_0106",
        "parcel_type": "residential",
        "owner_type": "private",
        "area_sq_m": 365.3,
        "restricted": false
      },
      "geometry": {
        "type": "Polygon",
        "coordinates": [
          [
            [
              77.71421684365286,
              12.687941249014926
            ],
            [
              77.71414238735123,
              12.688040525192687
            ],
            [
              77.71399593913372,
              12.68800717408481
            ],
            [
              77.71400842514056,
              12.6878953264345
            ],
            [
              77.71412442189359,
              12.687832683310232
            ],
            [
              77.71421684365286,
              12.687941249014926
            ]
          ]
        ]
      }
    },
    {
      "type": "Feature",
      "properties": {
        "parcel_id": "parc_0107",
        "parcel_type": "residential",
        "owner_type": "private",
        "area_sq_m": 440.6,
        "restricted": false
      },
      "geometry": {
        "type": "Polygon",
        "coordinates": [
          [
            [
              77.7186204949112,
              12.676515660955689
            ],
            [
              77.71854799073859,
              12.676623435955998
            ],
            [
              77.71839718247236,
              12.67658908626583
            ],
            [
              77.71839954870545,
              12.676433960212599
            ],
            [
              77.71856131034622,
              12.676410917810855
            ],
            [
              77.7186204949112,
              12.676515660955689
            ]
          ]
        ]
      }
    },
    {
      "type": "Feature",
      "properties": {
        "parcel_id": "parc_0108",
        "parcel_type": "agricultural",
        "owner_type": "private",
        "area_sq_m": 344.0,
        "restricted": false
      },
      "geometry": {
        "type": "Polygon",
        "coordinates": [
          [
            [
              77.71895258622337,
              12.678292610248514
            ],
            [
              77.7189149971012,
              12.678391152588043
            ],
            [
              77.71876995179413,
              12.678356448227913
            ],
            [
              77.71879936759113,
              12.678213917975551
            ],
            [
              77.71890089532076,
              12.678161066841492
            ],
            [
              77.71895258622337,
              12.678292610248514
            ]
          ]
        ]
      }
    },
    {
      "type": "Feature",
      "properties": {
        "parcel_id": "parc_0109",
        "parcel_type": "residential",
        "owner_type": "private",
        "area_sq_m": 555.1,
        "restricted": false
      },
      "geometry": {
        "type": "Polygon",
        "coordinates": [
          [
            [
              77.7095015857748,
              12.683711082907829
            ],
            [
              77.7093587658708,
              12.683883967179508
            ],
            [
              77.70924348952862,
              12.683804940491678
            ],
            [
              77.7092096827624,
              12.683643062279268
            ],
            [
              77.70936444408422,
              12.683631400574576
            ],
            [
              77.7095015857748,
              12.683711082907829
            ]
          ]
        ]
      }
    },
    {
      "type": "Feature",
      "properties": {
        "parcel_id": "parc_0110",
        "parcel_type": "agricultural",
        "owner_type": "government",
        "area_sq_m": 536.2,
        "restricted": false
      },
      "geometry": {
        "type": "Polygon",
        "coordinates": [
          [
            [
              77.7138860843849,
              12.680392851681134
            ],
            [
              77.71379133679265,
              12.680551319152551
            ],
            [
              77.7136896864223,
              12.680475833408
            ],
            [
              77.71365376160831,
              12.680295959098107
            ],
            [
              77.71381285239438,
              12.680252655754922
            ],
            [
              77.7138860843849,
              12.680392851681134
            ]
          ]
        ]
      }
    },
    {
      "type": "Feature",
      "properties": {
        "parcel_id": "parc_0111",
        "parcel_type": "residential",
        "owner_type": "private",
        "area_sq_m": 469.5,
        "restricted": false
      },
      "geometry": {
        "type": "Polygon",
        "coordinates": [
          [
            [
              77.71596304448398,
              12.671383607088345
            ],
            [
              77.7158531158506,
              12.671529364200254
            ],
            [
              77.71573774058865,
              12.671475467838867
            ],
            [
              77.71570234275465,
              12.671324828149116
            ],
            [
              77.71588282434007,
              12.671303108766784
            ],
            [
              77.71596304448398,
              12.671383607088345
            ]
          ]
        ]
      }
    },
    {
      "type": "Feature",
      "properties": {
        "parcel_id": "parc_0112",
        "parcel_type": "residential",
        "owner_type": "private",
        "area_sq_m": 373.9,
        "restricted": false
      },
      "geometry": {
        "type": "Polygon",
        "coordinates": [
          [
            [
              77.71137040150904,
              12.683344777953627
            ],
            [
              77.711310921185,
              12.683459276774334
            ],
            [
              77.71116212795685,
              12.68340854695952
            ],
            [
              77.71116688372855,
              12.683281134659543
            ],
            [
              77.71127788371493,
              12.683245038898342
            ],
            [
              77.71137040150904,
              12.683344777953627
            ]
          ]
        ]
      }
    },
    {
      "type": "Feature",
      "properties": {
        "parcel_id": "parc_0113",
        "parcel_type": "residential",
        "owner_type": "private",
        "area_sq_m": 398.0,
        "restricted": false
      },
      "geometry": {
        "type": "Polygon",
        "coordinates": [
          [
            [
              77.71907916498182,
              12.681576526298622
            ],
            [
              77.71900476348337,
              12.681722069945074
            ],
            [
              77.71887227625498,
              12.681629541847727
            ],
            [
              77.71885884418528,
              12.68151449216265
            ],
            [
              77.719003989496,
              12.681492165417001
            ],
            [
              77.71907916498182,
              12.681576526298622
            ]
          ]
        ]
      }
    },
    {
      "type": "Feature",
      "properties": {
        "parcel_id": "parc_0114",
        "parcel_type": "agricultural",
        "owner_type": "private",
        "area_sq_m": 610.6,
        "restricted": false
      },
      "geometry": {
        "type": "Polygon",
        "coordinates": [
          [
            [
              77.72160082360544,
              12.68278318211416
            ],
            [
              77.72150295374895,
              12.682927454053091
            ],
            [
              77.72130478302873,
              12.682858694372802
            ],
            [
              77.72131750996073,
              12.682716996125892
            ],
            [
              77.72148121205463,
              12.682674746852584
            ],
            [
              77.72160082360544,
              12.68278318211416
            ]
          ]
        ]
      }
    },
    {
      "type": "Feature",
      "properties": {
        "parcel_id": "parc_0115",
        "parcel_type": "residential",
        "owner_type": "government",
        "area_sq_m": 260.2,
        "restricted": false
      },
      "geometry": {
        "type": "Polygon",
        "coordinates": [
          [
            [
              77.71088403581939,
              12.686926667246539
            ],
            [
              77.7107988823431,
              12.686999315776902
            ],
            [
              77.71070989378322,
              12.686968585294595
            ],
            [
              77.71071171695479,
              12.686842028241811
            ],
            [
              77.71081059440654,
              12.686825683731497
            ],
            [
              77.71088403581939,
              12.686926667246539
            ]
          ]
        ]
      }
    },
    {
      "type": "Feature",
      "properties": {
        "parcel_id": "parc_0116",
        "parcel_type": "residential",
        "owner_type": "private",
        "area_sq_m": 345.7,
        "restricted": false
      },
      "geometry": {
        "type": "Polygon",
        "coordinates": [
          [
            [
              77.71232606980351,
              12.680802506602582
            ],
            [
              77.71223901420134,
              12.680882282820518
            ],
            [
              77.71213667418644,
              12.68085602969467
            ],
            [
              77.71212436505265,
              12.680738816789741
            ],
            [
              77.71224463220192,
              12.680663747257347
            ],
            [
              77.71232606980351,
              12.680802506602582
            ]
          ]
        ]
      }
    },
    {
      "type": "Feature",
      "properties": {
        "parcel_id": "parc_0117",
        "parcel_type": "residential",
        "owner_type": "private",
        "area_sq_m": 435.2,
        "restricted": false
      },
      "geometry": {
        "type": "Polygon",
        "coordinates": [
          [
            [
              77.72396853478219,
              12.682111382811094
            ],
            [
              77.72385673264039,
              12.682211517077166
            ],
            [
              77.72373538030972,
              12.682189045951635
            ],
            [
              77.72373075031325,
              12.682051110630763
            ],
            [
              77.72385015794724,
              12.681982688116449
            ],
            [
              77.72396853478219,
              12.682111382811094
            ]
          ]
        ]
      }
    },
    {
      "type": "Feature",
      "properties": {
        "parcel_id": "parc_0118",
        "parcel_type": "agricultural",
        "owner_type": "common",
        "area_sq_m": 593.6,
        "restricted": false
      },
      "geometry": {
        "type": "Polygon",
        "coordinates": [
          [
            [
              77.70822940455601,
              12.68056284541965
            ],
            [
              77.70813427872844,
              12.680712204758867
            ],
            [
              77.7079915887587,
              12.680648493515989
            ],
            [
              77.70796523174326,
              12.68047796597727
            ],
            [
              77.70814205357208,
              12.680435717686567
            ],
            [
              77.70822940455601,
              12.68056284541965
            ]
          ]
        ]
      }
    },
    {
      "type": "Feature",
      "properties": {
        "parcel_id": "parc_0119",
        "parcel_type": "residential",
        "owner_type": "private",
        "area_sq_m": 339.0,
        "restricted": false
      },
      "geometry": {
        "type": "Polygon",
        "coordinates": [
          [
            [
              77.71749001148066,
              12.688851085795335
            ],
            [
              77.71740434176554,
              12.688973264120882
            ],
            [
              77.7172818972712,
              12.688901716351344
            ],
            [
              77.71728956639218,
              12.688790021882358
            ],
            [
              77.71740417642755,
              12.688769677082727
            ],
            [
              77.71749001148066,
              12.688851085795335
            ]
          ]
        ]
      }
    },
    {
      "type": "Feature",
      "properties": {
        "parcel_id": "parc_0120",
        "parcel_type": "residential",
        "owner_type": "private",
        "area_sq_m": 572.1,
        "restricted": false
      },
      "geometry": {
        "type": "Polygon",
        "coordinates": [
          [
            [
              77.71209188432569,
              12.687163594630642
            ],
            [
              77.71200861718854,
              12.687350251885018
            ],
            [
              77.7118830396683,
              12.68727475507526
            ],
            [
              77.71186606082972,
              12.68709863926388
            ],
            [
              77.71201638787153,
              12.687033521979185
            ],
            [
              77.71209188432569,
              12.687163594630642
            ]
          ]
        ]
      }
    },
    {
      "type": "Feature",
      "properties": {
        "parcel_id": "parc_0121",
        "parcel_type": "residential",
        "owner_type": "private",
        "area_sq_m": 547.7,
        "restricted": false
      },
      "geometry": {
        "type": "Polygon",
        "coordinates": [
          [
            [
              77.70941056642651,
              12.681309810049997
            ],
            [
              77.70933057240065,
              12.681419634865343
            ],
            [
              77.70917016188665,
              12.68137301987928
            ],
            [
              77.70914627026889,
              12.681226161253752
            ],
            [
              77.70930581550296,
              12.681160327191018
            ],
            [
              77.70941056642651,
              12.681309810049997
            ]
          ]
        ]
      }
    },
    {
      "type": "Feature",
      "properties": {
        "parcel_id": "parc_0122",
        "parcel_type": "residential",
        "owner_type": "private",
        "area_sq_m": 510.7,
        "restricted": false
      },
      "geometry": {
        "type": "Polygon",
        "coordinates": [
          [
            [
              77.71137526091947,
              12.683313372287916
            ],
            [
              77.71131216169752,
              12.683449424877209
            ],
            [
              77.71111948112603,
              12.683404420577306
            ],
            [
              77.71114845336862,
              12.683252573451323
            ],
            [
              77.71129149284623,
              12.683213120161925
            ],
            [
              77.71137526091947,
              12.683313372287916
            ]
          ]
        ]
      }
    },
    {
      "type": "Feature",
      "properties": {
        "parcel_id": "parc_0123",
        "parcel_type": "agricultural",
        "owner_type": "private",
        "area_sq_m": 334.4,
        "restricted": false
      },
      "geometry": {
        "type": "Polygon",
        "coordinates": [
          [
            [
              77.7157287222279,
              12.679100167052374
            ],
            [
              77.71566167535426,
              12.679188440762756
            ],
            [
              77.71553506255903,
              12.679157755183615
            ],
            [
              77.71553156091305,
              12.67902580358687
            ],
            [
              77.7156463885539,
              12.678991587033718
            ],
            [
              77.7157287222279,
              12.679100167052374
            ]
          ]
        ]
      }
    },
    {
      "type": "Feature",
      "properties": {
        "parcel_id": "parc_0124",
        "parcel_type": "agricultural",
        "owner_type": "private",
        "area_sq_m": 239.9,
        "restricted": false
      },
      "geometry": {
        "type": "Polygon",
        "coordinates": [
          [
            [
              77.71744621768416,
              12.683746932247626
            ],
            [
              77.71735662094956,
              12.683809945205706
            ],
            [
              77.71726929268651,
              12.683788125891333
            ],
            [
              77.717263618824,
              12.68368085476014
            ],
            [
              77.71734526831484,
              12.68364319242702
            ],
            [
              77.71744621768416,
              12.683746932247626
            ]
          ]
        ]
      }
    },
    {
      "type": "Feature",
      "properties": {
        "parcel_id": "parc_0125",
        "parcel_type": "residential",
        "owner_type": "private",
        "area_sq_m": 530.4,
        "restricted": true
      },
      "geometry": {
        "type": "Polygon",
        "coordinates": [
          [
            [
              77.71394882901919,
              12.680146981234891
            ],
            [
              77.71386299770194,
              12.680269133877967
            ],
            [
              77.71371515117649,
              12.680239120364588
            ],
            [
              77.71371445240955,
              12.680055762274375
            ],
            [
              77.71386180588091,
              12.680016869768078
            ],
            [
              77.71394882901919,
              12.680146981234891
            ]
          ]
        ]
      }
    },
    {
      "type": "Feature",
      "properties": {
        "parcel_id": "parc_0126",
        "parcel_type": "residential",
        "owner_type": "private",
        "area_sq_m": 377.6,
        "restricted": false
      },
      "geometry": {
        "type": "Polygon",
        "coordinates": [
          [
            [
              77.7170018317502,
              12.672912910623301
            ],
            [
              77.71692769454917,
              12.673017362337573
            ],
            [
              77.71681971517462,
              12.672995597482783
            ],
            [
              77.7168022447032,
              12.672836304999008
            ],
            [
              77.71695362754163,
              12.672804489696006
            ],
            [
              77.7170018317502,
              12.672912910623301
            ]
          ]
        ]
      }
    },
    {
      "type": "Feature",
      "properties": {
        "parcel_id": "parc_0127",
        "parcel_type": "residential",
        "owner_type": "private",
        "area_sq_m": 293.7,
        "restricted": false
      },
      "geometry": {
        "type": "Polygon",
        "coordinates": [
          [
            [
              77.71114265767837,
              12.677379025210675
            ],
            [
              77.71105595567842,
              12.67745421127762
            ],
            [
              77.71096289374262,
              12.677455665220005
            ],
            [
              77.71095784467316,
              12.677319871610838
            ],
            [
              77.71108118799849,
              12.6772727527815
            ],
            [
              77.71114265767837,
              12.677379025210675
            ]
          ]
        ]
      }
    },
    {
      "type": "Feature",
      "properties": {
        "parcel_id": "parc_0128",
        "parcel_type": "agricultural",
        "owner_type": "private",
        "area_sq_m": 486.5,
        "restricted": false
      },
      "geometry": {
        "type": "Polygon",
        "coordinates": [
          [
            [
              77.7159704017234,
              12.679156350480792
            ],
            [
              77.71589951470803,
              12.679291288662908
            ],
            [
              77.71575084438258,
              12.679233460708211
            ],
            [
              77.71575916170991,
              12.679064826719857
            ],
            [
              77.71588042739798,
              12.679030159916106
            ],
            [
              77.7159704017234,
              12.679156350480792
            ]
          ]
        ]
      }
    },
    {
      "type": "Feature",
      "properties": {
        "parcel_id": "parc_0129",
        "parcel_type": "residential",
        "owner_type": "private",
        "area_sq_m": 374.1,
        "restricted": false
      },
      "geometry": {
        "type": "Polygon",
        "coordinates": [
          [
            [
              77.71094756950804,
              12.68090929162496
            ],
            [
              77.71087027603745,
              12.681015134890437
            ],
            [
              77.71074930472132,
              12.680945234610906
            ],
            [
              77.71074872621962,
              12.680827503455678
            ],
            [
              77.71085457300559,
              12.680774703265566
            ],
            [
              77.71094756950804,
              12.68090929162496
            ]
          ]
        ]
      }
    },
    {
      "type": "Feature",
      "properties": {
        "parcel_id": "parc_0130",
        "parcel_type": "residential",
        "owner_type": "private",
        "area_sq_m": 381.1,
        "restricted": false
      },
      "geometry": {
        "type": "Polygon",
        "coordinates": [
          [
            [
              77.71059595884981,
              12.684434433079282
            ],
            [
              77.71047826163469,
              12.684516096991898
            ],
            [
              77.71035729652124,
              12.684470451649739
            ],
            [
              77.71037463980409,
              12.684342636487917
            ],
            [
              77.71050767586163,
              12.684322209726442
            ],
            [
              77.71059595884981,
              12.684434433079282
            ]
          ]
        ]
      }
    },
    {
      "type": "Feature",
      "properties": {
        "parcel_id": "parc_0131",
        "parcel_type": "residential",
        "owner_type": "common",
        "area_sq_m": 430.7,
        "restricted": false
      },
      "geometry": {
        "type": "Polygon",
        "coordinates": [
          [
            [
              77.71110730881973,
              12.684217652756255
            ],
            [
              77.71100129906401,
              12.684343861069749
            ],
            [
              77.71089415483657,
              12.684319546764875
            ],
            [
              77.71087695377636,
              12.6841776048812
            ],
            [
              77.71103901778581,
              12.68411115404668
            ],
            [
              77.71110730881973,
              12.684217652756255
            ]
          ]
        ]
      }
    },
    {
      "type": "Feature",
      "properties": {
        "parcel_id": "parc_0132",
        "parcel_type": "commercial",
        "owner_type": "private",
        "area_sq_m": 523.9,
        "restricted": false
      },
      "geometry": {
        "type": "Polygon",
        "coordinates": [
          [
            [
              77.7098111009682,
              12.683149822761296
            ],
            [
              77.70974745032329,
              12.68324161740932
            ],
            [
              77.70957804420712,
              12.683218976214372
            ],
            [
              77.7095799729924,
              12.683057758816917
            ],
            [
              77.70972142690651,
              12.682981688670267
            ],
            [
              77.7098111009682,
              12.683149822761296
            ]
          ]
        ]
      }
    },
    {
      "type": "Feature",
      "properties": {
        "parcel_id": "parc_0133",
        "parcel_type": "residential",
        "owner_type": "government",
        "area_sq_m": 316.9,
        "restricted": false
      },
      "geometry": {
        "type": "Polygon",
        "coordinates": [
          [
            [
              77.70913254197126,
              12.687921767131238
            ],
            [
              77.70904164385072,
              12.688008972092478
            ],
            [
              77.7089324932141,
              12.687938508360384
            ],
            [
              77.70893647506128,
              12.687836226746517
            ],
            [
              77.70904081304549,
              12.687804604816177
            ],
            [
              77.70913254197126,
              12.687921767131238
            ]
          ]
        ]
      }
    },
    {
      "type": "Feature",
      "properties": {
        "parcel_id": "parc_0134",
        "parcel_type": "agricultural",
        "owner_type": "private",
        "area_sq_m": 411.0,
        "restricted": false
      },
      "geometry": {
        "type": "Polygon",
        "coordinates": [
          [
            [
              77.71105643366441,
              12.680554854647433
            ],
            [
              77.71101273396448,
              12.680670286755749
            ],
            [
              77.71083833033768,
              12.68061565554434
            ],
            [
              77.71084001495305,
              12.680496674354332
            ],
            [
              77.71099607083494,
              12.68045388041904
            ],
            [
              77.71105643366441,
              12.680554854647433
            ]
          ]
        ]
      }
    },
    {
      "type": "Feature",
      "properties": {
        "parcel_id": "parc_0135",
        "parcel_type": "residential",
        "owner_type": "private",
        "area_sq_m": 453.1,
        "restricted": false
      },
      "geometry": {
        "type": "Polygon",
        "coordinates": [
          [
            [
              77.72025763952767,
              12.68119098329459
            ],
            [
              77.72014530641421,
              12.681291867255156
            ],
            [
              77.72004477884956,
              12.681264918527521
            ],
            [
              77.72001926378447,
              12.681104582912516
            ],
            [
              77.72017846867345,
              12.681060060328218
            ],
            [
              77.72025763952767,
              12.68119098329459
            ]
          ]
        ]
      }
    },
    {
      "type": "Feature",
      "properties": {
        "parcel_id": "parc_0136",
        "parcel_type": "residential",
        "owner_type": "private",
        "area_sq_m": 342.8,
        "restricted": false
      },
      "geometry": {
        "type": "Polygon",
        "coordinates": [
          [
            [
              77.71851997413401,
              12.677124271104903
            ],
            [
              77.71844518203815,
              12.677261581036769
            ],
            [
              77.71832834428159,
              12.677180000000943
            ],
            [
              77.71832534461556,
              12.677066093257894
            ],
            [
              77.71845573961394,
              12.67704591719532
            ],
            [
              77.71851997413401,
              12.677124271104903
            ]
          ]
        ]
      }
    },
    {
      "type": "Feature",
      "properties": {
        "parcel_id": "parc_0137",
        "parcel_type": "residential",
        "owner_type": "common",
        "area_sq_m": 430.6,
        "restricted": false
      },
      "geometry": {
        "type": "Polygon",
        "coordinates": [
          [
            [
              77.71720050333782,
              12.678334624947047
            ],
            [
              77.7171208460061,
              12.678460107864515
            ],
            [
              77.71695565181614,
              12.678390349081441
            ],
            [
              77.71698467902551,
              12.678251001714036
            ],
            [
              77.7170863602375,
              12.678238926406351
            ],
            [
              77.71720050333782,
              12.678334624947047
            ]
          ]
        ]
      }
    },
    {
      "type": "Feature",
      "properties": {
        "parcel_id": "parc_0138",
        "parcel_type": "residential",
        "owner_type": "private",
        "area_sq_m": 485.2,
        "restricted": false
      },
      "geometry": {
        "type": "Polygon",
        "coordinates": [
          [
            [
              77.70753914341772,
              12.684131278349065
            ],
            [
              77.7074250635415,
              12.684267793415156
            ],
            [
              77.70727320226615,
              12.684245542319681
            ],
            [
              77.7072920214862,
              12.684094176305301
            ],
            [
              77.70745117550949,
              12.684047713158698
            ],
            [
              77.70753914341772,
              12.684131278349065
            ]
          ]
        ]
      }
    },
    {
      "type": "Feature",
      "properties": {
        "parcel_id": "parc_0139",
        "parcel_type": "residential",
        "owner_type": "private",
        "area_sq_m": 408.8,
        "restricted": false
      },
      "geometry": {
        "type": "Polygon",
        "coordinates": [
          [
            [
              77.7173182882389,
              12.679919240780297
            ],
            [
              77.71720202775907,
              12.67999998211239
            ],
            [
              77.71707790190425,
              12.679952773514113
            ],
            [
              77.71709301710781,
              12.679850212155726
            ],
            [
              77.71721613159019,
              12.679769400644933
            ],
            [
              77.7173182882389,
              12.679919240780297
            ]
          ]
        ]
      }
    },
    {
      "type": "Feature",
      "properties": {
        "parcel_id": "parc_0140",
        "parcel_type": "residential",
        "owner_type": "government",
        "area_sq_m": 324.6,
        "restricted": false
      },
      "geometry": {
        "type": "Polygon",
        "coordinates": [
          [
            [
              77.70934430099268,
              12.68750668152405
            ],
            [
              77.70929027579157,
              12.687624197828763
            ],
            [
              77.70914759434956,
              12.68758338788265
            ],
            [
              77.70914265830412,
              12.687470102722175
            ],
            [
              77.70929094203964,
              12.687442190060825
            ],
            [
              77.70934430099268,
              12.68750668152405
            ]
          ]
        ]
      }
    },
    {
      "type": "Feature",
      "properties": {
        "parcel_id": "parc_0141",
        "parcel_type": "residential",
        "owner_type": "private",
        "area_sq_m": 345.5,
        "restricted": false
      },
      "geometry": {
        "type": "Polygon",
        "coordinates": [
          [
            [
              77.7139332100353,
              12.686219667857761
            ],
            [
              77.71382633731154,
              12.686295974870761
            ],
            [
              77.71373288534656,
              12.686253452142843
            ],
            [
              77.71371347787526,
              12.686151715449737
            ],
            [
              77.71386948515173,
              12.68609362698775
            ],
            [
              77.7139332100353,
              12.686219667857761
            ]
          ]
        ]
      }
    },
    {
      "type": "Feature",
      "properties": {
        "parcel_id": "parc_0142",
        "parcel_type": "residential",
        "owner_type": "government",
        "area_sq_m": 571.0,
        "restricted": false
      },
      "geometry": {
        "type": "Polygon",
        "coordinates": [
          [
            [
              77.71595919124435,
              12.685194332456405
            ],
            [
              77.7158994567158,
              12.685329140509221
            ],
            [
              77.71568636625754,
              12.685251996459833
            ],
            [
              77.71574714277195,
              12.685107329395
            ],
            [
              77.71585153054505,
              12.685039835789297
            ],
            [
              77.71595919124435,
              12.685194332456405
            ]
          ]
        ]
      }
    },
    {
      "type": "Feature",
      "properties": {
        "parcel_id": "parc_0143",
        "parcel_type": "residential",
        "owner_type": "private",
        "area_sq_m": 411.2,
        "restricted": false
      },
      "geometry": {
        "type": "Polygon",
        "coordinates": [
          [
            [
              77.70813758739818,
              12.683591811334994
            ],
            [
              77.70805831328595,
              12.683725283870043
            ],
            [
              77.70791950679222,
              12.683678888274137
            ],
            [
              77.70792538146618,
              12.683549339844038
            ],
            [
              77.70804575976742,
              12.683494215432138
            ],
            [
              77.70813758739818,
              12.683591811334994
            ]
          ]
        ]
      }
    },
    {
      "type": "Feature",
      "properties": {
        "parcel_id": "parc_0144",
        "parcel_type": "residential",
        "owner_type": "private",
        "area_sq_m": 443.3,
        "restricted": false
      },
      "geometry": {
        "type": "Polygon",
        "coordinates": [
          [
            [
              77.71414101844654,
              12.690341034432132
            ],
            [
              77.71406878248456,
              12.690437664984414
            ],
            [
              77.71390535397022,
              12.690408208117693
            ],
            [
              77.71390089717737,
              12.69027437980238
            ],
            [
              77.71405332558214,
              12.690224215914196
            ],
            [
              77.71414101844654,
              12.690341034432132
            ]
          ]
        ]
      }
    },
    {
      "type": "Feature",
      "properties": {
        "parcel_id": "parc_0145",
        "parcel_type": "residential",
        "owner_type": "private",
        "area_sq_m": 422.5,
        "restricted": false
      },
      "geometry": {
        "type": "Polygon",
        "coordinates": [
          [
            [
              77.70964373573491,
              12.68368603375959
            ],
            [
              77.70954975299261,
              12.683830477321846
            ],
            [
              77.7094154114065,
              12.68378243307833
            ],
            [
              77.70942936305393,
              12.683639932845395
            ],
            [
              77.70954209845924,
              12.683601335781285
            ],
            [
              77.70964373573491,
              12.68368603375959
            ]
          ]
        ]
      }
    },
    {
      "type": "Feature",
      "properties": {
        "parcel_id": "parc_0146",
        "parcel_type": "residential",
        "owner_type": "government",
        "area_sq_m": 627.4,
        "restricted": false
      },
      "geometry": {
        "type": "Polygon",
        "coordinates": [
          [
            [
              77.71506694528759,
              12.685336602134852
            ],
            [
              77.71496641075255,
              12.68548188951234
            ],
            [
              77.7148086706241,
              12.685448151393235
            ],
            [
              77.71478016287026,
              12.685273680613594
            ],
            [
              77.71494840749347,
              12.685215432367121
            ],
            [
              77.71506694528759,
              12.685336602134852
            ]
          ]
        ]
      }
    },
    {
      "type": "Feature",
      "properties": {
        "parcel_id": "parc_0147",
        "parcel_type": "agricultural",
        "owner_type": "private",
        "area_sq_m": 360.4,
        "restricted": false
      },
      "geometry": {
        "type": "Polygon",
        "coordinates": [
          [
            [
              77.72498770982824,
              12.684606074360712
            ],
            [
              77.72491309460491,
              12.684702186930906
            ],
            [
              77.72475503415498,
              12.684684741951614
            ],
            [
              77.72478494823207,
              12.684543257260694
            ],
            [
              77.724901530289,
              12.684522950314955
            ],
            [
              77.72498770982824,
              12.684606074360712
            ]
          ]
        ]
      }
    },
    {
      "type": "Feature",
      "properties": {
        "parcel_id": "parc_0148",
        "parcel_type": "agricultural",
        "owner_type": "private",
        "area_sq_m": 330.2,
        "restricted": false
      },
      "geometry": {
        "type": "Polygon",
        "coordinates": [
          [
            [
              77.71180226253874,
              12.689429478587364
            ],
            [
              77.71170290320434,
              12.689523955940723
            ],
            [
              77.71159207198677,
              12.689476014466917
            ],
            [
              77.71160370599809,
              12.689369680246067
            ],
            [
              77.7116995851979,
              12.689315170034606
            ],
            [
              77.71180226253874,
              12.689429478587364
            ]
          ]
        ]
      }
    },
    {
      "type": "Feature",
      "properties": {
        "parcel_id": "parc_0149",
        "parcel_type": "residential",
        "owner_type": "private",
        "area_sq_m": 353.7,
        "restricted": false
      },
      "geometry": {
        "type": "Polygon",
        "coordinates": [
          [
            [
              77.71199077346856,
              12.681044399474724
            ],
            [
              77.71191465369078,
              12.681142725251462
            ],
            [
              77.71180292105784,
              12.681139834517268
            ],
            [
              77.71180521992994,
              12.680976796154933
            ],
            [
              77.71192393591949,
              12.680934923997656
            ],
            [
              77.71199077346856,
              12.681044399474724
            ]
          ]
        ]
      }
    },
    {
      "type": "Feature",
      "properties": {
        "parcel_id": "parc_0150",
        "parcel_type": "residential",
        "owner_type": "private",
        "area_sq_m": 341.6,
        "restricted": false
      },
      "geometry": {
        "type": "Polygon",
        "coordinates": [
          [
            [
              77.70806643363473,
              12.679923758646048
            ],
            [
              77.70801119582025,
              12.680015701282851
            ],
            [
              77.70787342000996,
              12.679964450974252
            ],
            [
              77.707862861487,
              12.67985468571686
            ],
            [
              77.70800969561346,
              12.67981446013458
            ],
            [
              77.70806643363473,
              12.679923758646048
            ]
          ]
        ]
      }
    },
    {
      "type": "Feature",
      "properties": {
        "parcel_id": "parc_0151",
        "parcel_type": "residential",
        "owner_type": "private",
        "area_sq_m": 480.4,
        "restricted": false
      },
      "geometry": {
        "type": "Polygon",
        "coordinates": [
          [
            [
              77.71250534283107,
              12.67615704853119
            ],
            [
              77.71242618793787,
              12.676281101929344
            ],
            [
              77.7122950944051,
              12.676197274891063
            ],
            [
              77.71229473572694,
              12.676067263570214
            ],
            [
              77.71246337953792,
              12.676007470017133
            ],
            [
              77.71250534283107,
              12.67615704853119
            ]
          ]
        ]
      }
    },
    {
      "type": "Feature",
      "properties": {
        "parcel_id": "parc_0152",
        "parcel_type": "agricultural",
        "owner_type": "private",
        "area_sq_m": 301.0,
        "restricted": false
      },
      "geometry": {
        "type": "Polygon",
        "coordinates": [
          [
            [
              77.71357361137953,
              12.689394516557273
            ],
            [
              77.71352752877979,
              12.689501206558969
            ],
            [
              77.71341044992654,
              12.689457917945873
            ],
            [
              77.7133775481066,
              12.689348663395185
            ],
            [
              77.71351821430913,
              12.689307768994807
            ],
            [
              77.71357361137953,
              12.689394516557273
            ]
          ]
        ]
      }
    },
    {
      "type": "Feature",
      "properties": {
        "parcel_id": "parc_0153",
        "parcel_type": "residential",
        "owner_type": "private",
        "area_sq_m": 409.8,
        "restricted": false
      },
      "geometry": {
        "type": "Polygon",
        "coordinates": [
          [
            [
              77.72008168793657,
              12.688774940620208
            ],
            [
              77.7199717766295,
              12.688879934804087
            ],
            [
              77.71985417493595,
              12.688809793725978
            ],
            [
              77.71987799354932,
              12.688690355234929
            ],
            [
              77.72000207079043,
              12.688643130421244
            ],
            [
              77.72008168793657,
              12.688774940620208
            ]
          ]
        ]
      }
    },
    {
      "type": "Feature",
      "properties": {
        "parcel_id": "parc_0154",
        "parcel_type": "residential",
        "owner_type": "government",
        "area_sq_m": 420.6,
        "restricted": false
      },
      "geometry": {
        "type": "Polygon",
        "coordinates": [
          [
            [
              77.71351031513464,
              12.6727261817603
            ],
            [
              77.71344473565496,
              12.67284837286588
            ],
            [
              77.71329009243149,
              12.672835642805065
            ],
            [
              77.71331427238825,
              12.67268396563838
            ],
            [
              77.71342568227405,
              12.672617230977593
            ],
            [
              77.71351031513464,
              12.6727261817603
            ]
          ]
        ]
      }
    },
    {
      "type": "Feature",
      "properties": {
        "parcel_id": "parc_0155",
        "parcel_type": "residential",
        "owner_type": "common",
        "area_sq_m": 515.4,
        "restricted": false
      },
      "geometry": {
        "type": "Polygon",
        "coordinates": [
          [
            [
              77.71927684076329,
              12.682782682684582
            ],
            [
              77.71919311224221,
              12.682949009772917
            ],
            [
              77.71904234730978,
              12.682860216237414
            ],
            [
              77.71903193536444,
              12.682713983156251
            ],
            [
              77.71919721297029,
              12.68269478616617
            ],
            [
              77.71927684076329,
              12.682782682684582
            ]
          ]
        ]
      }
    },
    {
      "type": "Feature",
      "properties": {
        "parcel_id": "parc_0156",
        "parcel_type": "residential",
        "owner_type": "private",
        "area_sq_m": 494.8,
        "restricted": false
      },
      "geometry": {
        "type": "Polygon",
        "coordinates": [
          [
            [
              77.71891808386796,
              12.675584216287708
            ],
            [
              77.71882071831082,
              12.67569609984088
            ],
            [
              77.71866840998763,
              12.67565967047812
            ],
            [
              77.71866888073238,
              12.675494098280378
            ],
            [
              77.71882681549472,
              12.675477281197777
            ],
            [
              77.71891808386796,
              12.675584216287708
            ]
          ]
        ]
      }
    },
    {
      "type": "Feature",
      "properties": {
        "parcel_id": "parc_0157",
        "parcel_type": "agricultural",
        "owner_type": "private",
        "area_sq_m": 304.2,
        "restricted": false
      },
      "geometry": {
        "type": "Polygon",
        "coordinates": [
          [
            [
              77.71259639120721,
              12.675664709669103
            ],
            [
              77.7125596821964,
              12.675768826660263
            ],
            [
              77.71242857751622,
              12.675745989157852
            ],
            [
              77.71242527373296,
              12.675602027727274
            ],
            [
              77.7125383919377,
              12.675582334278637
            ],
            [
              77.71259639120721,
              12.675664709669103
            ]
          ]
        ]
      }
    },
    {
      "type": "Feature",
      "properties": {
        "parcel_id": "parc_0158",
        "parcel_type": "residential",
        "owner_type": "private",
        "area_sq_m": 397.7,
        "restricted": false
      },
      "geometry": {
        "type": "Polygon",
        "coordinates": [
          [
            [
              77.7088484328827,
              12.687122759680564
            ],
            [
              77.7087608937737,
              12.68724713579283
            ],
            [
              77.70864526887935,
              12.687195209993593
            ],
            [
              77.70864105192837,
              12.687059072598924
            ],
            [
              77.70876277948089,
              12.687011259454312
            ],
            [
              77.7088484328827,
              12.687122759680564
            ]
          ]
        ]
      }
    },
    {
      "type": "Feature",
      "properties": {
        "parcel_id": "parc_0159",
        "parcel_type": "residential",
        "owner_type": "private",
        "area_sq_m": 402.3,
        "restricted": false
      },
      "geometry": {
        "type": "Polygon",
        "coordinates": [
          [
            [
              77.71070708806833,
              12.676724354581674
            ],
            [
              77.71063600962607,
              12.676819907299011
            ],
            [
              77.7104673227218,
              12.676791240501242
            ],
            [
              77.71051840104865,
              12.676645864701639
            ],
            [
              77.71063565916945,
              12.676611401240518
            ],
            [
              77.71070708806833,
              12.676724354581674
            ]
          ]
        ]
      }
    },
    {
      "type": "Feature",
      "properties": {
        "parcel_id": "parc_0160",
        "parcel_type": "agricultural",
        "owner_type": "private",
        "area_sq_m": 364.3,
        "restricted": false
      },
      "geometry": {
        "type": "Polygon",
        "coordinates": [
          [
            [
              77.71013499380607,
              12.682370951992285
            ],
            [
              77.71006297147302,
              12.682457239270448
            ],
            [
              77.70995238526089,
              12.682437883967513
            ],
            [
              77.7099219621197,
              12.68229322468391
            ],
            [
              77.71007302274616,
              12.682255664910466
            ],
            [
              77.71013499380607,
              12.682370951992285
            ]
          ]
        ]
      }
    },
    {
      "type": "Feature",
      "properties": {
        "parcel_id": "parc_0161",
        "parcel_type": "agricultural",
        "owner_type": "government",
        "area_sq_m": 440.1,
        "restricted": false
      },
      "geometry": {
        "type": "Polygon",
        "coordinates": [
          [
            [
              77.71342629407782,
              12.679340112624137
            ],
            [
              77.71337863200303,
              12.679485715151843
            ],
            [
              77.7132241074121,
              12.679438235846575
            ],
            [
              77.71321651168114,
              12.679289374451372
            ],
            [
              77.71338170125985,
              12.679253872471355
            ],
            [
              77.71342629407782,
              12.679340112624137
            ]
          ]
        ]
      }
    },
    {
      "type": "Feature",
      "properties": {
        "parcel_id": "parc_0162",
        "parcel_type": "agricultural",
        "owner_type": "private",
        "area_sq_m": 488.4,
        "restricted": false
      },
      "geometry": {
        "type": "Polygon",
        "coordinates": [
          [
            [
              77.7171877703254,
              12.685116452306422
            ],
            [
              77.71713124930567,
              12.68525473802796
            ],
            [
              77.71698109098878,
              12.685226388817117
            ],
            [
              77.71697869665756,
              12.68505633323827
            ],
            [
              77.71712424582827,
              12.684995360066067
            ],
            [
              77.7171877703254,
              12.685116452306422
            ]
          ]
        ]
      }
    },
    {
      "type": "Feature",
      "properties": {
        "parcel_id": "parc_0163",
        "parcel_type": "residential",
        "owner_type": "private",
        "area_sq_m": 509.3,
        "restricted": false
      },
      "geometry": {
        "type": "Polygon",
        "coordinates": [
          [
            [
              77.71993654941565,
              12.676934985838281
            ],
            [
              77.719823201712,
              12.677027241858243
            ],
            [
              77.71968748786196,
              12.67700902740742
            ],
            [
              77.71967773100559,
              12.676824899019175
            ],
            [
              77.7198005807485,
              12.676794073572477
            ],
            [
              77.71993654941565,
              12.676934985838281
            ]
          ]
        ]
      }
    },
    {
      "type": "Feature",
      "properties": {
        "parcel_id": "parc_0164",
        "parcel_type": "residential",
        "owner_type": "private",
        "area_sq_m": 701.0,
        "restricted": false
      },
      "geometry": {
        "type": "Polygon",
        "coordinates": [
          [
            [
              77.71261052005912,
              12.676089459565084
            ],
            [
              77.71249504628963,
              12.676251796521024
            ],
            [
              77.71232092288238,
              12.676220109191624
            ],
            [
              77.71232250062695,
              12.676042384734444
            ],
            [
              77.71251162502739,
              12.675967060229038
            ],
            [
              77.71261052005912,
              12.676089459565084
            ]
          ]
        ]
      }
    },
    {
      "type": "Feature",
      "properties": {
        "parcel_id": "parc_0165",
        "parcel_type": "commercial",
        "owner_type": "private",
        "area_sq_m": 369.3,
        "restricted": false
      },
      "geometry": {
        "type": "Polygon",
        "coordinates": [
          [
            [
              77.71458790219214,
              12.675408426913076
            ],
            [
              77.71451060089353,
              12.675519997724695
            ],
            [
              77.71438029781771,
              12.675486084770784
            ],
            [
              77.71436899388772,
              12.675375999343734
            ],
            [
              77.71450469491882,
              12.675309055049473
            ],
            [
              77.71458790219214,
              12.675408426913076
            ]
          ]
        ]
      }
    },
    {
      "type": "Feature",
      "properties": {
        "parcel_id": "parc_0166",
        "parcel_type": "residential",
        "owner_type": "private",
        "area_sq_m": 479.0,
        "restricted": false
      },
      "geometry": {
        "type": "Polygon",
        "coordinates": [
          [
            [
              77.7173068314048,
              12.674032771101333
            ],
            [
              77.71724519378121,
              12.674141847505847
            ],
            [
              77.7170773356817,
              12.674117654351866
            ],
            [
              77.71710157767615,
              12.673961221343275
            ],
            [
              77.71723761075536,
              12.673891188799773
            ],
            [
              77.7173068314048,
              12.674032771101333
            ]
          ]
        ]
      }
    },
    {
      "type": "Feature",
      "properties": {
        "parcel_id": "parc_0167",
        "parcel_type": "residential",
        "owner_type": "private",
        "area_sq_m": 536.9,
        "restricted": false
      },
      "geometry": {
        "type": "Polygon",
        "coordinates": [
          [
            [
              77.71415476645235,
              12.672763237855774
            ],
            [
              77.71407500485631,
              12.672857934513868
            ],
            [
              77.71391526130903,
              12.672814308728007
            ],
            [
              77.71390840979348,
              12.672616039943945
            ],
            [
              77.7140650888029,
              12.6726256070026
            ],
            [
              77.71415476645235,
              12.672763237855774
            ]
          ]
        ]
      }
    },
    {
      "type": "Feature",
      "properties": {
        "parcel_id": "parc_0168",
        "parcel_type": "residential",
        "owner_type": "private",
        "area_sq_m": 560.7,
        "restricted": false
      },
      "geometry": {
        "type": "Polygon",
        "coordinates": [
          [
            [
              77.72065994916576,
              12.680054631912677
            ],
            [
              77.72052948388485,
              12.680177990067572
            ],
            [
              77.72040765484822,
              12.680159068351836
            ],
            [
              77.72037190978138,
              12.679999839442786
            ],
            [
              77.72054284409349,
              12.67992955800328
            ],
            [
              77.72065994916576,
              12.680054631912677
            ]
          ]
        ]
      }
    },
    {
      "type": "Feature",
      "properties": {
        "parcel_id": "parc_0169",
        "parcel_type": "residential",
        "owner_type": "private",
        "area_sq_m": 494.7,
        "restricted": false
      },
      "geometry": {
        "type": "Polygon",
        "coordinates": [
          [
            [
              77.7142010374784,
              12.67662786901707
            ],
            [
              77.71412060034265,
              12.676735647118539
            ],
            [
              77.71393671130414,
              12.676701784535902
            ],
            [
              77.71397052554413,
              12.676541516531492
            ],
            [
              77.71411157109148,
              12.676516689321698
            ],
            [
              77.7142010374784,
              12.67662786901707
            ]
          ]
        ]
      }
    },
    {
      "type": "Feature",
      "properties": {
        "parcel_id": "parc_0170",
        "parcel_type": "residential",
        "owner_type": "private",
        "area_sq_m": 666.4,
        "restricted": false
      },
      "geometry": {
        "type": "Polygon",
        "coordinates": [
          [
            [
              77.71549688897737,
              12.67190982006402
            ],
            [
              77.71540305694403,
              12.672063566149333
            ],
            [
              77.71521714766654,
              12.672000938592747
            ],
            [
              77.71521976385807,
              12.67184420769417
            ],
            [
              77.71541409295227,
              12.67178155141033
            ],
            [
              77.71549688897737,
              12.67190982006402
            ]
          ]
        ]
      }
    },
    {
      "type": "Feature",
      "properties": {
        "parcel_id": "parc_0171",
        "parcel_type": "residential",
        "owner_type": "private",
        "area_sq_m": 363.5,
        "restricted": false
      },
      "geometry": {
        "type": "Polygon",
        "coordinates": [
          [
            [
              77.71746911768841,
              12.682654093159147
            ],
            [
              77.71738840075827,
              12.682797143274447
            ],
            [
              77.71727336642874,
              12.682753160836446
            ],
            [
              77.71726985302892,
              12.68261045458124
            ],
            [
              77.717367913174,
              12.682578122531623
            ],
            [
              77.71746911768841,
              12.682654093159147
            ]
          ]
        ]
      }
    },
    {
      "type": "Feature",
      "properties": {
        "parcel_id": "parc_0172",
        "parcel_type": "residential",
        "owner_type": "private",
        "area_sq_m": 534.9,
        "restricted": false
      },
      "geometry": {
        "type": "Polygon",
        "coordinates": [
          [
            [
              77.71101445056316,
              12.685024613081989
            ],
            [
              77.71090072815842,
              12.685185431555746
            ],
            [
              77.71076786202258,
              12.685118864939767
            ],
            [
              77.7107549180078,
              12.68496905559281
            ],
            [
              77.71092148484895,
              12.684928677156137
            ],
            [
              77.71101445056316,
              12.685024613081989
            ]
          ]
        ]
      }
    },
    {
      "type": "Feature",
      "properties": {
        "parcel_id": "parc_0173",
        "parcel_type": "residential",
        "owner_type": "private",
        "area_sq_m": 341.9,
        "restricted": false
      },
      "geometry": {
        "type": "Polygon",
        "coordinates": [
          [
            [
              77.71188139018145,
              12.682811440695506
            ],
            [
              77.71182438458156,
              12.682922313100118
            ],
            [
              77.71168929641776,
              12.68286116278124
            ],
            [
              77.71170400171991,
              12.682754133223819
            ],
            [
              77.71180703662715,
              12.682690379077346
            ],
            [
              77.71188139018145,
              12.682811440695506
            ]
          ]
        ]
      }
    },
    {
      "type": "Feature",
      "properties": {
        "parcel_id": "parc_0174",
        "parcel_type": "residential",
        "owner_type": "private",
        "area_sq_m": 416.2,
        "restricted": false
      },
      "geometry": {
        "type": "Polygon",
        "coordinates": [
          [
            [
              77.71769573551192,
              12.678045344610661
            ],
            [
              77.71760513072662,
              12.678137017459369
            ],
            [
              77.71748252596542,
              12.67813010296097
            ],
            [
              77.71748214189304,
              12.677972647422866
            ],
            [
              77.71760943931817,
              12.677912577640752
            ],
            [
              77.71769573551192,
              12.678045344610661
            ]
          ]
        ]
      }
    },
    {
      "type": "Feature",
      "properties": {
        "parcel_id": "parc_0175",
        "parcel_type": "residential",
        "owner_type": "private",
        "area_sq_m": 363.2,
        "restricted": false
      },
      "geometry": {
        "type": "Polygon",
        "coordinates": [
          [
            [
              77.71260966938527,
              12.68402827344526
            ],
            [
              77.71253565690634,
              12.684137398745829
            ],
            [
              77.71240801366203,
              12.684095378916487
            ],
            [
              77.7124100070527,
              12.683970409719372
            ],
            [
              77.71253679915142,
              12.683922789231447
            ],
            [
              77.71260966938527,
              12.68402827344526
            ]
          ]
        ]
      }
    },
    {
      "type": "Feature",
      "properties": {
        "parcel_id": "parc_0176",
        "parcel_type": "residential",
        "owner_type": "private",
        "area_sq_m": 505.1,
        "restricted": false
      },
      "geometry": {
        "type": "Polygon",
        "coordinates": [
          [
            [
              77.71566350045816,
              12.68449231269642
            ],
            [
              77.71557956896172,
              12.684640894820186
            ],
            [
              77.71542945831825,
              12.684562832085975
            ],
            [
              77.71543072804269,
              12.684425486435574
            ],
            [
              77.7155884530847,
              12.68438019660631
            ],
            [
              77.71566350045816,
              12.68449231269642
            ]
          ]
        ]
      }
    },
    {
      "type": "Feature",
      "properties": {
        "parcel_id": "parc_0177",
        "parcel_type": "residential",
        "owner_type": "private",
        "area_sq_m": 327.2,
        "restricted": false
      },
      "geometry": {
        "type": "Polygon",
        "coordinates": [
          [
            [
              77.71406405402438,
              12.684654903779478
            ],
            [
              77.71402647717034,
              12.684763239104187
            ],
            [
              77.71390184746402,
              12.684722229924189
            ],
            [
              77.71388787165537,
              12.684590141158669
            ],
            [
              77.71400296720833,
              12.684543277466812
            ],
            [
              77.71406405402438,
              12.684654903779478
            ]
          ]
        ]
      }
    },
    {
      "type": "Feature",
      "properties": {
        "parcel_id": "parc_0178",
        "parcel_type": "residential",
        "owner_type": "private",
        "area_sq_m": 382.2,
        "restricted": false
      },
      "geometry": {
        "type": "Polygon",
        "coordinates": [
          [
            [
              77.71946634569807,
              12.679188384040147
            ],
            [
              77.71940349471085,
              12.679288362730786
            ],
            [
              77.7192688650465,
              12.679232365222724
            ],
            [
              77.71927684404247,
              12.679086380487432
            ],
            [
              77.71939597565701,
              12.679063037533165
            ],
            [
              77.71946634569807,
              12.679188384040147
            ]
          ]
        ]
      }
    },
    {
      "type": "Feature",
      "properties": {
        "parcel_id": "parc_0179",
        "parcel_type": "residential",
        "owner_type": "common",
        "area_sq_m": 496.4,
        "restricted": false
      },
      "geometry": {
        "type": "Polygon",
        "coordinates": [
          [
            [
              77.71240930225368,
              12.677182068744633
            ],
            [
              77.71233805227686,
              12.67730901628128
            ],
            [
              77.71220263715881,
              12.677255951081413
            ],
            [
              77.71217847919165,
              12.677108146650347
            ],
            [
              77.71232360416427,
              12.67703646917988
            ],
            [
              77.71240930225368,
              12.677182068744633
            ]
          ]
        ]
      }
    },
    {
      "type": "Feature",
      "properties": {
        "parcel_id": "parc_0180",
        "parcel_type": "residential",
        "owner_type": "private",
        "area_sq_m": 586.9,
        "restricted": false
      },
      "geometry": {
        "type": "Polygon",
        "coordinates": [
          [
            [
              77.71945194522682,
              12.689489989295826
            ],
            [
              77.71937132811308,
              12.689650763062554
            ],
            [
              77.7192064978422,
              12.68958276560781
            ],
            [
              77.71919316797174,
              12.689448215061564
            ],
            [
              77.71936626031288,
              12.689363991145331
            ],
            [
              77.71945194522682,
              12.689489989295826
            ]
          ]
        ]
      }
    },
    {
      "type": "Feature",
      "properties": {
        "parcel_id": "parc_0181",
        "parcel_type": "agricultural",
        "owner_type": "private",
        "area_sq_m": 457.0,
        "restricted": false
      },
      "geometry": {
        "type": "Polygon",
        "coordinates": [
          [
            [
              77.71878525749817,
              12.680496915440704
            ],
            [
              77.71867070994158,
              12.680619976443287
            ],
            [
              77.71854914500817,
              12.68061868127535
            ],
            [
              77.71854328031861,
              12.680460404330248
            ],
            [
              77.71868390446241,
              12.680394859718753
            ],
            [
              77.71878525749817,
              12.680496915440704
            ]
          ]
        ]
      }
    },
    {
      "type": "Feature",
      "properties": {
        "parcel_id": "parc_0182",
        "parcel_type": "residential",
        "owner_type": "private",
        "area_sq_m": 296.8,
        "restricted": false
      },
      "geometry": {
        "type": "Polygon",
        "coordinates": [
          [
            [
              77.71175886747346,
              12.689523797374294
            ],
            [
              77.71168226428621,
              12.68963539884628
            ],
            [
              77.71158391942147,
              12.689579101542353
            ],
            [
              77.7115682914864,
              12.689458081541446
            ],
            [
              77.71167511654082,
              12.689437924232418
            ],
            [
              77.71175886747346,
              12.689523797374294
            ]
          ]
        ]
      }
    },
    {
      "type": "Feature",
      "properties": {
        "parcel_id": "parc_0183",
        "parcel_type": "residential",
        "owner_type": "private",
        "area_sq_m": 417.7,
        "restricted": false
      },
      "geometry": {
        "type": "Polygon",
        "coordinates": [
          [
            [
              77.71302784674126,
              12.684254069087217
            ],
            [
              77.7129522063179,
              12.684377893393004
            ],
            [
              77.7128062904467,
              12.684360919068682
            ],
            [
              77.71281760490565,
              12.684206508770231
            ],
            [
              77.71296415527809,
              12.684166171329718
            ],
            [
              77.71302784674126,
              12.684254069087217
            ]
          ]
        ]
      }
    },
    {
      "type": "Feature",
      "properties": {
        "parcel_id": "parc_0184",
        "parcel_type": "residential",
        "owner_type": "private",
        "area_sq_m": 530.6,
        "restricted": false
      },
      "geometry": {
        "type": "Polygon",
        "coordinates": [
          [
            [
              77.71791621616534,
              12.67815932093678
            ],
            [
              77.71784896175247,
              12.678283441656646
            ],
            [
              77.71766384577373,
              12.67823492542286
            ],
            [
              77.71766172526237,
              12.678092856996505
            ],
            [
              77.71783845962571,
              12.678045203433754
            ],
            [
              77.71791621616534,
              12.67815932093678
            ]
          ]
        ]
      }
    },
    {
      "type": "Feature",
      "properties": {
        "parcel_id": "parc_0185",
        "parcel_type": "residential",
        "owner_type": "private",
        "area_sq_m": 459.9,
        "restricted": false
      },
      "geometry": {
        "type": "Polygon",
        "coordinates": [
          [
            [
              77.71263303939146,
              12.675149480365313
            ],
            [
              77.71250989441698,
              12.675242182254294
            ],
            [
              77.71239740775263,
              12.675213146439518
            ],
            [
              77.7123809896,
              12.675064963831446
            ],
            [
              77.71252811534471,
              12.675016373914735
            ],
            [
              77.71263303939146,
              12.675149480365313
            ]
          ]
        ]
      }
    },
    {
      "type": "Feature",
      "properties": {
        "parcel_id": "parc_0186",
        "parcel_type": "commercial",
        "owner_type": "private",
        "area_sq_m": 534.2,
        "restricted": false
      },
      "geometry": {
        "type": "Polygon",
        "coordinates": [
          [
            [
              77.71725601580174,
              12.682917614203141
            ],
            [
              77.71713330178616,
              12.68306336321716
            ],
            [
              77.71695607535356,
              12.683032819212865
            ],
            [
              77.71699593110083,
              12.68288076454007
            ],
            [
              77.71713688656395,
              12.682838764123916
            ],
            [
              77.71725601580174,
              12.682917614203141
            ]
          ]
        ]
      }
    },
    {
      "type": "Feature",
      "properties": {
        "parcel_id": "parc_0187",
        "parcel_type": "commercial",
        "owner_type": "government",
        "area_sq_m": 321.1,
        "restricted": false
      },
      "geometry": {
        "type": "Polygon",
        "coordinates": [
          [
            [
              77.72082344053933,
              12.681568977066147
            ],
            [
              77.72075494760642,
              12.681668906906248
            ],
            [
              77.72062411429187,
              12.68164702180626
            ],
            [
              77.72062735668713,
              12.681514511987771
            ],
            [
              77.7207412902913,
              12.68148807874433
            ],
            [
              77.72082344053933,
              12.681568977066147
            ]
          ]
        ]
      }
    },
    {
      "type": "Feature",
      "properties": {
        "parcel_id": "parc_0188",
        "parcel_type": "agricultural",
        "owner_type": "private",
        "area_sq_m": 624.1,
        "restricted": false
      },
      "geometry": {
        "type": "Polygon",
        "coordinates": [
          [
            [
              77.70983454451053,
              12.684590413971973
            ],
            [
              77.70972645259057,
              12.684716750200712
            ],
            [
              77.70954878141178,
              12.684646195177526
            ],
            [
              77.70958704541904,
              12.6845118537763
            ],
            [
              77.70973932047208,
              12.684418844304071
            ],
            [
              77.70983454451053,
              12.684590413971973
            ]
          ]
        ]
      }
    },
    {
      "type": "Feature",
      "properties": {
        "parcel_id": "parc_0189",
        "parcel_type": "residential",
        "owner_type": "private",
        "area_sq_m": 395.9,
        "restricted": false
      },
      "geometry": {
        "type": "Polygon",
        "coordinates": [
          [
            [
              77.7242064641551,
              12.681358485397396
            ],
            [
              77.7241426356235,
              12.68145679217439
            ],
            [
              77.72398863109255,
              12.681396293516165
            ],
            [
              77.72399107585352,
              12.681291391996727
            ],
            [
              77.72410607490548,
              12.681222732338803
            ],
            [
              77.7242064641551,
              12.681358485397396
            ]
          ]
        ]
      }
    },
    {
      "type": "Feature",
      "properties": {
        "parcel_id": "parc_0190",
        "parcel_type": "agricultural",
        "owner_type": "private",
        "area_sq_m": 483.9,
        "restricted": false
      },
      "geometry": {
        "type": "Polygon",
        "coordinates": [
          [
            [
              77.71514887193126,
              12.676310377304652
            ],
            [
              77.71508228520091,
              12.676462561917294
            ],
            [
              77.71492803648782,
              12.676389974470576
            ],
            [
              77.71493270461785,
              12.676264206508508
            ],
            [
              77.71505811757739,
              12.676185368757261
            ],
            [
              77.71514887193126,
              12.676310377304652
            ]
          ]
        ]
      }
    },
    {
      "type": "Feature",
      "properties": {
        "parcel_id": "parc_0191",
        "parcel_type": "residential",
        "owner_type": "government",
        "area_sq_m": 271.2,
        "restricted": false
      },
      "geometry": {
        "type": "Polygon",
        "coordinates": [
          [
            [
              77.71325306268174,
              12.676748648143993
            ],
            [
              77.71320132652087,
              12.676815571102795
            ],
            [
              77.71306977154818,
              12.67679483476787
            ],
            [
              77.7130854576639,
              12.676687542874063
            ],
            [
              77.71321467758416,
              12.676643949217322
            ],
            [
              77.71325306268174,
              12.676748648143993
            ]
          ]
        ]
      }
    },
    {
      "type": "Feature",
      "properties": {
        "parcel_id": "parc_0192",
        "parcel_type": "agricultural",
        "owner_type": "common",
        "area_sq_m": 479.3,
        "restricted": false
      },
      "geometry": {
        "type": "Polygon",
        "coordinates": [
          [
            [
              77.71783043842348,
              12.681147991853509
            ],
            [
              77.71777704904275,
              12.681287567363343
            ],
            [
              77.71758887145083,
              12.681243981519914
            ],
            [
              77.7175977318089,
              12.681111506934668
            ],
            [
              77.71776016097485,
              12.681059400868685
            ],
            [
              77.71783043842348,
              12.681147991853509
            ]
          ]
        ]
      }
    },
    {
      "type": "Feature",
      "properties": {
        "parcel_id": "parc_0193",
        "parcel_type": "agricultural",
        "owner_type": "private",
        "area_sq_m": 527.4,
        "restricted": false
      },
      "geometry": {
        "type": "Polygon",
        "coordinates": [
          [
            [
              77.70666721712188,
              12.686220762476383
            ],
            [
              77.70656583201776,
              12.686365746837184
            ],
            [
              77.7064386198427,
              12.686337372778281
            ],
            [
              77.70644432421588,
              12.68613983451127
            ],
            [
              77.70658468098837,
              12.686101944753077
            ],
            [
              77.70666721712188,
              12.686220762476383
            ]
          ]
        ]
      }
    },
    {
      "type": "Feature",
      "properties": {
        "parcel_id": "parc_0194",
        "parcel_type": "residential",
        "owner_type": "private",
        "area_sq_m": 422.7,
        "restricted": false
      },
      "geometry": {
        "type": "Polygon",
        "coordinates": [
          [
            [
              77.72021538930608,
              12.680952780909502
            ],
            [
              77.72013603644484,
              12.6810626815515
            ],
            [
              77.71998703743535,
              12.680999651733213
            ],
            [
              77.72000815525722,
              12.680864858860405
            ],
            [
              77.72013664744243,
              12.680835206460628
            ],
            [
              77.72021538930608,
              12.680952780909502
            ]
          ]
        ]
      }
    },
    {
      "type": "Feature",
      "properties": {
        "parcel_id": "parc_0195",
        "parcel_type": "residential",
        "owner_type": "private",
        "area_sq_m": 293.3,
        "restricted": false
      },
      "geometry": {
        "type": "Polygon",
        "coordinates": [
          [
            [
              77.70825026547655,
              12.68862466224633
            ],
            [
              77.70819162222809,
              12.6887190566698
            ],
            [
              77.70806987098022,
              12.68870609909124
            ],
            [
              77.7080865841375,
              12.688551123424245
            ],
            [
              77.70817703601224,
              12.688538217287292
            ],
            [
              77.70825026547655,
              12.68862466224633
            ]
          ]
        ]
      }
    },
    {
      "type": "Feature",
      "properties": {
        "parcel_id": "parc_0196",
        "parcel_type": "residential",
        "owner_type": "private",
        "area_sq_m": 362.1,
        "restricted": false
      },
      "geometry": {
        "type": "Polygon",
        "coordinates": [
          [
            [
              77.72315358851522,
              12.683014063832372
            ],
            [
              77.72305790098493,
              12.683119002810155
            ],
            [
              77.72294086870222,
              12.683073261962761
            ],
            [
              77.72296055979085,
              12.682937028861035
            ],
            [
              77.72305130373698,
              12.682899092503888
            ],
            [
              77.72315358851522,
              12.683014063832372
            ]
          ]
        ]
      }
    },
    {
      "type": "Feature",
      "properties": {
        "parcel_id": "parc_0197",
        "parcel_type": "residential",
        "owner_type": "common",
        "area_sq_m": 558.1,
        "restricted": false
      },
      "geometry": {
        "type": "Polygon",
        "coordinates": [
          [
            [
              77.71471840370477,
              12.691403647269102
            ],
            [
              77.71460142650285,
              12.691540770473534
            ],
            [
              77.71446416097136,
              12.69153463482352
            ],
            [
              77.71447246765686,
              12.691315659548392
            ],
            [
              77.71461416153534,
              12.691299401416572
            ],
            [
              77.71471840370477,
              12.691403647269102
            ]
          ]
        ]
      }
    },
    {
      "type": "Feature",
      "properties": {
        "parcel_id": "parc_0198",
        "parcel_type": "residential",
        "owner_type": "private",
        "area_sq_m": 309.6,
        "restricted": false
      },
      "geometry": {
        "type": "Polygon",
        "coordinates": [
          [
            [
              77.71793875879686,
              12.686157808615881
            ],
            [
              77.71785269581078,
              12.6862602452951
            ],
            [
              77.71774345986599,
              12.686223058519168
            ],
            [
              77.71773236549029,
              12.68610485986093
            ],
            [
              77.71787644242137,
              12.686083374468174
            ],
            [
              77.71793875879686,
              12.686157808615881
            ]
          ]
        ]
      }
    },
    {
      "type": "Feature",
      "properties": {
        "parcel_id": "parc_0199",
        "parcel_type": "agricultural",
        "owner_type": "common",
        "area_sq_m": 688.0,
        "restricted": false
      },
      "geometry": {
        "type": "Polygon",
        "coordinates": [
          [
            [
              77.72298886737265,
              12.680536245391385
            ],
            [
              77.72289989728077,
              12.680708655608074
            ],
            [
              77.72273537694147,
              12.680644446771788
            ],
            [
              77.72272735737127,
              12.680481889852818
            ],
            [
              77.72287636052404,
              12.680377016346686
            ],
            [
              77.72298886737265,
              12.680536245391385
            ]
          ]
        ]
      }
    },
    {
      "type": "Feature",
      "properties": {
        "parcel_id": "parc_0200",
        "parcel_type": "agricultural",
        "owner_type": "private",
        "area_sq_m": 735.1,
        "restricted": false
      },
      "geometry": {
        "type": "Polygon",
        "coordinates": [
          [
            [
              77.71911946413707,
              12.681826082048532
            ],
            [
              77.71905093776614,
              12.681980559268645
            ],
            [
              77.71885491868674,
              12.681931712363573
            ],
            [
              77.718855982499,
              12.681723414749737
            ],
            [
              77.71903884581398,
              12.681678113981956
            ],
            [
              77.71911946413707,
              12.681826082048532
            ]
          ]
        ]
      }
    },
    {
      "type": "Feature",
      "properties": {
        "parcel_id": "parc_0201",
        "parcel_type": "agricultural",
        "owner_type": "private",
        "area_sq_m": 428.7,
        "restricted": false
      },
      "geometry": {
        "type": "Polygon",
        "coordinates": [
          [
            [
              77.70991210080817,
              12.676071925653954
            ],
            [
              77.70981537640546,
              12.676198509615986
            ],
            [
              77.70969310775554,
              12.676133642222187
            ],
            [
              77.709704453799,
              12.675999997598208
            ],
            [
              77.70980759228922,
              12.675942909286572
            ],
            [
              77.70991210080817,
              12.676071925653954
            ]
          ]
        ]
      }
    },
    {
      "type": "Feature",
      "properties": {
        "parcel_id": "parc_0202",
        "parcel_type": "agricultural",
        "owner_type": "government",
        "area_sq_m": 457.6,
        "restricted": false
      },
      "geometry": {
        "type": "Polygon",
        "coordinates": [
          [
            [
              77.71922691486576,
              12.680494633052609
            ],
            [
              77.7191343548588,
              12.680638835026933
            ],
            [
              77.71901075919008,
              12.680591231169707
            ],
            [
              77.71896854707954,
              12.680447438563084
            ],
            [
              77.71912487480661,
              12.680410642111836
            ],
            [
              77.71922691486576,
              12.680494633052609
            ]
          ]
        ]
      }
    },
    {
      "type": "Feature",
      "properties": {
        "parcel_id": "parc_0203",
        "parcel_type": "residential",
        "owner_type": "private",
        "area_sq_m": 279.4,
        "restricted": false
      },
      "geometry": {
        "type": "Polygon",
        "coordinates": [
          [
            [
              77.71766591217968,
              12.684344384587625
            ],
            [
              77.71760668356407,
              12.684445374817928
            ],
            [
              77.71750457724629,
              12.684375951800156
            ],
            [
              77.71748979947974,
              12.684270546966477
            ],
            [
              77.717605438711,
              12.684242613666129
            ],
            [
              77.71766591217968,
              12.684344384587625
            ]
          ]
        ]
      }
    },
    {
      "type": "Feature",
      "properties": {
        "parcel_id": "parc_0204",
        "parcel_type": "residential",
        "owner_type": "private",
        "area_sq_m": 497.4,
        "restricted": false
      },
      "geometry": {
        "type": "Polygon",
        "coordinates": [
          [
            [
              77.71959847056145,
              12.689620076269133
            ],
            [
              77.7194917652158,
              12.68975076420602
            ],
            [
              77.71938424670141,
              12.689712795362336
            ],
            [
              77.71933759650173,
              12.689574211256396
            ],
            [
              77.71950745440942,
              12.68949436875517
            ],
            [
              77.71959847056145,
              12.689620076269133
            ]
          ]
        ]
      }
    },
    {
      "type": "Feature",
      "properties": {
        "parcel_id": "parc_0205",
        "parcel_type": "agricultural",
        "owner_type": "private",
        "area_sq_m": 541.5,
        "restricted": false
      },
      "geometry": {
        "type": "Polygon",
        "coordinates": [
          [
            [
              77.71206123566886,
              12.690007656889136
            ],
            [
              77.71197302687857,
              12.690141137109457
            ],
            [
              77.71182069244637,
              12.690064670328919
            ],
            [
              77.7117916679725,
              12.689906280883433
            ],
            [
              77.71194980933151,
              12.689887636984547
            ],
            [
              77.71206123566886,
              12.690007656889136
            ]
          ]
        ]
      }
    },
    {
      "type": "Feature",
      "properties": {
        "parcel_id": "parc_0206",
        "parcel_type": "residential",
        "owner_type": "government",
        "area_sq_m": 513.8,
        "restricted": false
      },
      "geometry": {
        "type": "Polygon",
        "coordinates": [
          [
            [
              77.71636509943089,
              12.67460751493036
            ],
            [
              77.71628844941159,
              12.674716923567457
            ],
            [
              77.7161334992251,
              12.67465514976837
            ],
            [
              77.71612513727226,
              12.674482796347023
            ],
            [
              77.71628140018908,
              12.674474823179649
            ],
            [
              77.71636509943089,
              12.67460751493036
            ]
          ]
        ]
      }
    },
    {
      "type": "Feature",
      "properties": {
        "parcel_id": "parc_0207",
        "parcel_type": "agricultural",
        "owner_type": "private",
        "area_sq_m": 640.8,
        "restricted": false
      },
      "geometry": {
        "type": "Polygon",
        "coordinates": [
          [
            [
              77.71597829315806,
              12.680178993818455
            ],
            [
              77.71589084275303,
              12.68027745379299
            ],
            [
              77.71569371252868,
              12.680224216227927
            ],
            [
              77.71569738569362,
              12.680069861530953
            ],
            [
              77.71585118109893,
              12.680000761535064
            ],
            [
              77.71597829315806,
              12.680178993818455
            ]
          ]
        ]
      }
    },
    {
      "type": "Feature",
      "properties": {
        "parcel_id": "parc_0208",
        "parcel_type": "residential",
        "owner_type": "common",
        "area_sq_m": 352.0,
        "restricted": false
      },
      "geometry": {
        "type": "Polygon",
        "coordinates": [
          [
            [
              77.71460402963831,
              12.677271407590965
            ],
            [
              77.7145484437043,
              12.677399198747555
            ],
            [
              77.71442155024386,
              12.67733043954327
            ],
            [
              77.7144033805087,
              12.677234608118278
            ],
            [
              77.71452055769555,
              12.677163677145902
            ],
            [
              77.71460402963831,
              12.677271407590965
            ]
          ]
        ]
      }
    },
    {
      "type": "Feature",
      "properties": {
        "parcel_id": "parc_0209",
        "parcel_type": "residential",
        "owner_type": "private",
        "area_sq_m": 349.5,
        "restricted": false
      },
      "geometry": {
        "type": "Polygon",
        "coordinates": [
          [
            [
              77.7170586530353,
              12.6774287017192
            ],
            [
              77.71697267125786,
              12.677557346638244
            ],
            [
              77.71685180654111,
              12.677504053471445
            ],
            [
              77.71687635930311,
              12.677372787055601
            ],
            [
              77.71697136500894,
              12.6773399824008
            ],
            [
              77.7170586530353,
              12.6774287017192
            ]
          ]
        ]
      }
    },
    {
      "type": "Feature",
      "properties": {
        "parcel_id": "parc_0210",
        "parcel_type": "residential",
        "owner_type": "private",
        "area_sq_m": 341.0,
        "restricted": false
      },
      "geometry": {
        "type": "Polygon",
        "coordinates": [
          [
            [
              77.71804714216745,
              12.683630466807205
            ],
            [
              77.71797902670178,
              12.683722561492248
            ],
            [
              77.71786623456212,
              12.68367680380388
            ],
            [
              77.71785742705636,
              12.683530990481648
            ],
            [
              77.71796785894654,
              12.683509482183958
            ],
            [
              77.71804714216745,
              12.683630466807205
            ]
          ]
        ]
      }
    },
    {
      "type": "Feature",
      "properties": {
        "parcel_id": "parc_0211",
        "parcel_type": "residential",
        "owner_type": "government",
        "area_sq_m": 270.6,
        "restricted": false
      },
      "geometry": {
        "type": "Polygon",
        "coordinates": [
          [
            [
              77.72132677058694,
              12.682372858869751
            ],
            [
              77.72125934989026,
              12.682471669814996
            ],
            [
              77.72113846416423,
              12.682440847268591
            ],
            [
              77.72116789522377,
              12.682311813336606
            ],
            [
              77.72126512156025,
              12.682301267296499
            ],
            [
              77.72132677058694,
              12.682372858869751
            ]
          ]
        ]
      }
    },
    {
      "type": "Feature",
      "properties": {
        "parcel_id": "parc_0212",
        "parcel_type": "residential",
        "owner_type": "private",
        "area_sq_m": 658.6,
        "restricted": false
      },
      "geometry": {
        "type": "Polygon",
        "coordinates": [
          [
            [
              77.72121349425402,
              12.680527041485037
            ],
            [
              77.72110211320472,
              12.68067688724383
            ],
            [
              77.72097404434304,
              12.680636417713936
            ],
            [
              77.72093323062154,
              12.680458072895277
            ],
            [
              77.72109850772343,
              12.680370170805816
            ],
            [
              77.72121349425402,
              12.680527041485037
            ]
          ]
        ]
      }
    },
    {
      "type": "Feature",
      "properties": {
        "parcel_id": "parc_0213",
        "parcel_type": "residential",
        "owner_type": "private",
        "area_sq_m": 423.9,
        "restricted": false
      },
      "geometry": {
        "type": "Polygon",
        "coordinates": [
          [
            [
              77.71202497597785,
              12.675173609575467
            ],
            [
              77.71192511985122,
              12.675300128355941
            ],
            [
              77.71181720194956,
              12.675253832774846
            ],
            [
              77.71181119057744,
              12.675092403179951
            ],
            [
              77.71195696042035,
              12.675070568704482
            ],
            [
              77.71202497597785,
              12.675173609575467
            ]
          ]
        ]
      }
    },
    {
      "type": "Feature",
      "properties": {
        "parcel_id": "parc_0214",
        "parcel_type": "residential",
        "owner_type": "private",
        "area_sq_m": 453.9,
        "restricted": false
      },
      "geometry": {
        "type": "Polygon",
        "coordinates": [
          [
            [
              77.71726036953244,
              12.680877010855648
            ],
            [
              77.71715413638199,
              12.681017552157545
            ],
            [
              77.71703309903123,
              12.680992361849972
            ],
            [
              77.71705200257671,
              12.6808168285014
            ],
            [
              77.71715761111508,
              12.680769220807106
            ],
            [
              77.71726036953244,
              12.680877010855648
            ]
          ]
        ]
      }
    },
    {
      "type": "Feature",
      "properties": {
        "parcel_id": "parc_0215",
        "parcel_type": "agricultural",
        "owner_type": "private",
        "area_sq_m": 391.9,
        "restricted": false
      },
      "geometry": {
        "type": "Polygon",
        "coordinates": [
          [
            [
              77.71824711041266,
              12.674774602793095
            ],
            [
              77.7181676670179,
              12.674890015270064
            ],
            [
              77.71805947695286,
              12.674844965181066
            ],
            [
              77.71803238610113,
              12.674698935907086
            ],
            [
              77.71817217240263,
              12.67466320860327
            ],
            [
              77.71824711041266,
              12.674774602793095
            ]
          ]
        ]
      }
    },
    {
      "type": "Feature",
      "properties": {
        "parcel_id": "parc_0216",
        "parcel_type": "agricultural",
        "owner_type": "private",
        "area_sq_m": 499.9,
        "restricted": false
      },
      "geometry": {
        "type": "Polygon",
        "coordinates": [
          [
            [
              77.72285599387035,
              12.682827962685252
            ],
            [
              77.72278253897846,
              12.682926832916284
            ],
            [
              77.72261320020552,
              12.68291538654212
            ],
            [
              77.72263349950539,
              12.682736775494572
            ],
            [
              77.72278706052693,
              12.682700962234392
            ],
            [
              77.72285599387035,
              12.682827962685252
            ]
          ]
        ]
      }
    },
    {
      "type": "Feature",
      "properties": {
        "parcel_id": "parc_0217",
        "parcel_type": "agricultural",
        "owner_type": "government",
        "area_sq_m": 336.9,
        "restricted": false
      },
      "geometry": {
        "type": "Polygon",
        "coordinates": [
          [
            [
              77.70852219039683,
              12.676762392409872
            ],
            [
              77.7084579243468,
              12.67686746670249
            ],
            [
              77.70834281033778,
              12.676842193836933
            ],
            [
              77.70833486851464,
              12.676703472197229
            ],
            [
              77.70844978436219,
              12.676657176572673
            ],
            [
              77.70852219039683,
              12.676762392409872
            ]
          ]
        ]
      }
    },
    {
      "type": "Feature",
      "properties": {
        "parcel_id": "parc_0218",
        "parcel_type": "residential",
        "owner_type": "private",
        "area_sq_m": 628.0,
        "restricted": false
      },
      "geometry": {
        "type": "Polygon",
        "coordinates": [
          [
            [
              77.7144839833346,
              12.675344861281953
            ],
            [
              77.71442228697404,
              12.675473158279791
            ],
            [
              77.71422989500094,
              12.675416116980267
            ],
            [
              77.71422274842844,
              12.675271233493286
            ],
            [
              77.71439836765036,
              12.675181334040987
            ],
            [
              77.7144839833346,
              12.675344861281953
            ]
          ]
        ]
      }
    },
    {
      "type": "Feature",
      "properties": {
        "parcel_id": "parc_0219",
        "parcel_type": "residential",
        "owner_type": "private",
        "area_sq_m": 374.5,
        "restricted": false
      },
      "geometry": {
        "type": "Polygon",
        "coordinates": [
          [
            [
              77.71106950605211,
              12.681885730833754
            ],
            [
              77.71099655634914,
              12.681997558285385
            ],
            [
              77.71083474105463,
              12.68195220002322
            ],
            [
              77.71087006494056,
              12.681835175082076
            ],
            [
              77.71100842026487,
              12.681798759901342
            ],
            [
              77.71106950605211,
              12.681885730833754
            ]
          ]
        ]
      }
    },
    {
      "type": "Feature",
      "properties": {
        "parcel_id": "parc_0220",
        "parcel_type": "residential",
        "owner_type": "common",
        "area_sq_m": 464.2,
        "restricted": false
      },
      "geometry": {
        "type": "Polygon",
        "coordinates": [
          [
            [
              77.71965188708027,
              12.689936164515322
            ],
            [
              77.71955244530247,
              12.690068367370134
            ],
            [
              77.71942319177379,
              12.690008341103619
            ],
            [
              77.71941077930792,
              12.689856673552235
            ],
            [
              77.71953414349754,
              12.68982799699717
            ],
            [
              77.71965188708027,
              12.689936164515322
            ]
          ]
        ]
      }
    },
    {
      "type": "Feature",
      "properties": {
        "parcel_id": "parc_0221",
        "parcel_type": "residential",
        "owner_type": "private",
        "area_sq_m": 321.1,
        "restricted": false
      },
      "geometry": {
        "type": "Polygon",
        "coordinates": [
          [
            [
              77.72267710401736,
              12.686763033201196
            ],
            [
              77.72259324633572,
              12.686858745449353
            ],
            [
              77.72248383109451,
              12.686852442135411
            ],
            [
              77.72247932586843,
              12.68669067624753
            ],
            [
              77.72259951052256,
              12.686686834585647
            ],
            [
              77.72267710401736,
              12.686763033201196
            ]
          ]
        ]
      }
    },
    {
      "type": "Feature",
      "properties": {
        "parcel_id": "parc_0222",
        "parcel_type": "residential",
        "owner_type": "private",
        "area_sq_m": 529.6,
        "restricted": false
      },
      "geometry": {
        "type": "Polygon",
        "coordinates": [
          [
            [
              77.71625900395459,
              12.688016055613396
            ],
            [
              77.71615259979556,
              12.688138427200542
            ],
            [
              77.71601960341175,
              12.688061915199802
            ],
            [
              77.71601814841374,
              12.6879410868154
            ],
            [
              77.71617195174053,
              12.687853786503656
            ],
            [
              77.71625900395459,
              12.688016055613396
            ]
          ]
        ]
      }
    },
    {
      "type": "Feature",
      "properties": {
        "parcel_id": "parc_0223",
        "parcel_type": "residential",
        "owner_type": "government",
        "area_sq_m": 515.6,
        "restricted": false
      },
      "geometry": {
        "type": "Polygon",
        "coordinates": [
          [
            [
              77.71718809628949,
              12.67496457977482
            ],
            [
              77.71710500648399,
              12.675102336183988
            ],
            [
              77.71695209742474,
              12.675054122305637
            ],
            [
              77.71696540806497,
              12.674872266796545
            ],
            [
              77.71707168757028,
              12.67484046494931
            ],
            [
              77.71718809628949,
              12.67496457977482
            ]
          ]
        ]
      }
    },
    {
      "type": "Feature",
      "properties": {
        "parcel_id": "parc_0224",
        "parcel_type": "residential",
        "owner_type": "private",
        "area_sq_m": 318.3,
        "restricted": false
      },
      "geometry": {
        "type": "Polygon",
        "coordinates": [
          [
            [
              77.72390558517654,
              12.680095797879
            ],
            [
              77.72382013308597,
              12.680205847136497
            ],
            [
              77.72371609163055,
              12.680158547274685
            ],
            [
              77.72369914452081,
              12.680044677776902
            ],
            [
              77.72384180159236,
              12.680014404498776
            ],
            [
              77.72390558517654,
              12.680095797879
            ]
          ]
        ]
      }
    },
    {
      "type": "Feature",
      "properties": {
        "parcel_id": "parc_0225",
        "parcel_type": "residential",
        "owner_type": "private",
        "area_sq_m": 428.8,
        "restricted": false
      },
      "geometry": {
        "type": "Polygon",
        "coordinates": [
          [
            [
              77.71149181267255,
              12.68023583120735
            ],
            [
              77.71138252378748,
              12.680325672273664
            ],
            [
              77.71125718826157,
              12.680296323566937
            ],
            [
              77.71128315312441,
              12.680137225804671
            ],
            [
              77.71139879769784,
              12.680099021982251
            ],
            [
              77.71149181267255,
              12.68023583120735
            ]
          ]
        ]
      }
    },
    {
      "type": "Feature",
      "properties": {
        "parcel_id": "parc_0226",
        "parcel_type": "residential",
        "owner_type": "private",
        "area_sq_m": 473.8,
        "restricted": false
      },
      "geometry": {
        "type": "Polygon",
        "coordinates": [
          [
            [
              77.71086282224384,
              12.679296028168771
            ],
            [
              77.71075430650185,
              12.679417500646856
            ],
            [
              77.7106344815779,
              12.679408755927795
            ],
            [
              77.71061395650244,
              12.6792296250376
            ],
            [
              77.710769591855,
              12.679198034926221
            ],
            [
              77.71086282224384,
              12.679296028168771
            ]
          ]
        ]
      }
    },
    {
      "type": "Feature",
      "properties": {
        "parcel_id": "parc_0227",
        "parcel_type": "agricultural",
        "owner_type": "government",
        "area_sq_m": 302.8,
        "restricted": false
      },
      "geometry": {
        "type": "Polygon",
        "coordinates": [
          [
            [
              77.71654749313379,
              12.690168409628267
            ],
            [
              77.71648422771744,
              12.690301272820154
            ],
            [
              77.71636661375655,
              12.690258385587462
            ],
            [
              77.71637396342989,
              12.69013850590864
            ],
            [
              77.71648739382591,
              12.690101644313543
            ],
            [
              77.71654749313379,
              12.690168409628267
            ]
          ]
        ]
      }
    },
    {
      "type": "Feature",
      "properties": {
        "parcel_id": "parc_0228",
        "parcel_type": "agricultural",
        "owner_type": "common",
        "area_sq_m": 546.9,
        "restricted": false
      },
      "geometry": {
        "type": "Polygon",
        "coordinates": [
          [
            [
              77.71167474438674,
              12.679424735981163
            ],
            [
              77.71153898719501,
              12.679561803996746
            ],
            [
              77.71141022116994,
              12.679518693329069
            ],
            [
              77.71140173842015,
              12.67936330118174
            ],
            [
              77.71157538362428,
              12.679316757730763
            ],
            [
              77.71167474438674,
              12.679424735981163
            ]
          ]
        ]
      }
    },
    {
      "type": "Feature",
      "properties": {
        "parcel_id": "parc_0229",
        "parcel_type": "residential",
        "owner_type": "private",
        "area_sq_m": 339.7,
        "restricted": false
      },
      "geometry": {
        "type": "Polygon",
        "coordinates": [
          [
            [
              77.71280975736643,
              12.674317284594737
            ],
            [
              77.71272884678733,
              12.674428954970049
            ],
            [
              77.7126284441692,
              12.674353320150733
            ],
            [
              77.71263702143784,
              12.674236804734065
            ],
            [
              77.7127488395434,
              12.674190505558249
            ],
            [
              77.71280975736643,
              12.674317284594737
            ]
          ]
        ]
      }
    },
    {
      "type": "Feature",
      "properties": {
        "parcel_id": "parc_0230",
        "parcel_type": "residential",
        "owner_type": "private",
        "area_sq_m": 476.4,
        "restricted": false
      },
      "geometry": {
        "type": "Polygon",
        "coordinates": [
          [
            [
              77.72025142619714,
              12.679770675378037
            ],
            [
              77.72014813725411,
              12.679891509689325
            ],
            [
              77.71999472134871,
              12.679825603419728
            ],
            [
              77.72000839444507,
              12.679683334064537
            ],
            [
              77.7201656975517,
              12.679673174204751
            ],
            [
              77.72025142619714,
              12.679770675378037
            ]
          ]
        ]
      }
    },
    {
      "type": "Feature",
      "properties": {
        "parcel_id": "parc_0231",
        "parcel_type": "commercial",
        "owner_type": "private",
        "area_sq_m": 374.1,
        "restricted": false
      },
      "geometry": {
        "type": "Polygon",
        "coordinates": [
          [
            [
              77.7118878471241,
              12.68452219784347
            ],
            [
              77.71179204529645,
              12.684648340725712
            ],
            [
              77.71165512758675,
              12.684601905755406
            ],
            [
              77.71168181584954,
              12.684494197806698
            ],
            [
              77.71179291235157,
              12.684431306462953
            ],
            [
              77.7118878471241,
              12.68452219784347
            ]
          ]
        ]
      }
    },
    {
      "type": "Feature",
      "properties": {
        "parcel_id": "parc_0232",
        "parcel_type": "residential",
        "owner_type": "private",
        "area_sq_m": 506.5,
        "restricted": false
      },
      "geometry": {
        "type": "Polygon",
        "coordinates": [
          [
            [
              77.7165445034508,
              12.6845386139285
            ],
            [
              77.71648173818656,
              12.684643190799497
            ],
            [
              77.71631132722437,
              12.684633837589127
            ],
            [
              77.71630595902076,
              12.684471289405971
            ],
            [
              77.71644879076548,
              12.68440514668726
            ],
            [
              77.7165445034508,
              12.6845386139285
            ]
          ]
        ]
      }
    },
    {
      "type": "Feature",
      "properties": {
        "parcel_id": "parc_0233",
        "parcel_type": "residential",
        "owner_type": "private",
        "area_sq_m": 390.3,
        "restricted": true
      },
      "geometry": {
        "type": "Polygon",
        "coordinates": [
          [
            [
              77.71302448965528,
              12.683452069725226
            ],
            [
              77.71292500547024,
              12.683571422845288
            ],
            [
              77.71279681014023,
              12.683539112773035
            ],
            [
              77.71282893440151,
              12.683384062440455
            ],
            [
              77.71294265372765,
              12.683360571427139
            ],
            [
              77.71302448965528,
              12.683452069725226
            ]
          ]
        ]
      }
    },
    {
      "type": "Feature",
      "properties": {
        "parcel_id": "parc_0234",
        "parcel_type": "residential",
        "owner_type": "private",
        "area_sq_m": 507.0,
        "restricted": false
      },
      "geometry": {
        "type": "Polygon",
        "coordinates": [
          [
            [
              77.71850423578721,
              12.67463076856563
            ],
            [
              77.71840613258604,
              12.67475786236531
            ],
            [
              77.71826860982792,
              12.674688262543192
            ],
            [
              77.71826124050672,
              12.67455374024119
            ],
            [
              77.71839038469021,
              12.674488210276024
            ],
            [
              77.71850423578721,
              12.67463076856563
            ]
          ]
        ]
      }
    },
    {
      "type": "Feature",
      "properties": {
        "parcel_id": "parc_0235",
        "parcel_type": "residential",
        "owner_type": "private",
        "area_sq_m": 332.1,
        "restricted": false
      },
      "geometry": {
        "type": "Polygon",
        "coordinates": [
          [
            [
              77.71980492073749,
              12.678958883823032
            ],
            [
              77.71972696052747,
              12.679071259604902
            ],
            [
              77.71961760202058,
              12.679014365043177
            ],
            [
              77.71961028162767,
              12.678895068251585
            ],
            [
              77.71975238965318,
              12.678867559817391
            ],
            [
              77.71980492073749,
              12.678958883823032
            ]
          ]
        ]
      }
    },
    {
      "type": "Feature",
      "properties": {
        "parcel_id": "parc_0236",
        "parcel_type": "agricultural",
        "owner_type": "private",
        "area_sq_m": 370.8,
        "restricted": false
      },
      "geometry": {
        "type": "Polygon",
        "coordinates": [
          [
            [
              77.71313620155422,
              12.675526018177436
            ],
            [
              77.71305624177602,
              12.675617188525283
            ],
            [
              77.71290465646607,
              12.675585629905676
            ],
            [
              77.71290416072111,
              12.675476121211446
            ],
            [
              77.71302993121338,
              12.67542359215415
            ],
            [
              77.71313620155422,
              12.675526018177436
            ]
          ]
        ]
      }
    },
    {
      "type": "Feature",
      "properties": {
        "parcel_id": "parc_0237",
        "parcel_type": "residential",
        "owner_type": "private",
        "area_sq_m": 347.4,
        "restricted": false
      },
      "geometry": {
        "type": "Polygon",
        "coordinates": [
          [
            [
              77.71442605184475,
              12.680010378367875
            ],
            [
              77.71430988962315,
              12.680134726576823
            ],
            [
              77.7142156090709,
              12.680092418556427
            ],
            [
              77.71421260451854,
              12.67997406581607
            ],
            [
              77.71433570646614,
              12.67992659124215
            ],
            [
              77.71442605184475,
              12.680010378367875
            ]
          ]
        ]
      }
    },
    {
      "type": "Feature",
      "properties": {
        "parcel_id": "parc_0238",
        "parcel_type": "agricultural",
        "owner_type": "government",
        "area_sq_m": 457.3,
        "restricted": false
      },
      "geometry": {
        "type": "Polygon",
        "coordinates": [
          [
            [
              77.71317612737951,
              12.67917606946937
            ],
            [
              77.71306789475709,
              12.679299322944148
            ],
            [
              77.71293754898839,
              12.679263391575642
            ],
            [
              77.7129450769872,
              12.679108816062834
            ],
            [
              77.71305854028533,
              12.679063661892235
            ],
            [
              77.71317612737951,
              12.67917606946937
            ]
          ]
        ]
      }
    },
    {
      "type": "Feature",
      "properties": {
        "parcel_id": "parc_0239",
        "parcel_type": "residential",
        "owner_type": "private",
        "area_sq_m": 301.5,
        "restricted": false
      },
      "geometry": {
        "type": "Polygon",
        "coordinates": [
          [
            [
              77.71181733359818,
              12.677001433160715
            ],
            [
              77.71177945966154,
              12.677078991719766
            ],
            [
              77.71165674616306,
              12.677059589904207
            ],
            [
              77.71163321183651,
              12.676943482982448
            ],
            [
              77.71175117917981,
              12.676879206978821
            ],
            [
              77.71181733359818,
              12.677001433160715
            ]
          ]
        ]
      }
    },
    {
      "type": "Feature",
      "properties": {
        "parcel_id": "parc_0240",
        "parcel_type": "residential",
        "owner_type": "private",
        "area_sq_m": 527.2,
        "restricted": false
      },
      "geometry": {
        "type": "Polygon",
        "coordinates": [
          [
            [
              77.71096951259614,
              12.681093830481018
            ],
            [
              77.7108834638324,
              12.681213604741226
            ],
            [
              77.71071487618016,
              12.681170640501314
            ],
            [
              77.71070812800596,
              12.681008068724093
            ],
            [
              77.71089444170819,
              12.680993550097282
            ],
            [
              77.71096951259614,
              12.681093830481018
            ]
          ]
        ]
      }
    },
    {
      "type": "Feature",
      "properties": {
        "parcel_id": "parc_0241",
        "parcel_type": "agricultural",
        "owner_type": "private",
        "area_sq_m": 358.4,
        "restricted": false
      },
      "geometry": {
        "type": "Polygon",
        "coordinates": [
          [
            [
              77.70992895896904,
              12.680734678152842
            ],
            [
              77.70985200380059,
              12.680801989973366
            ],
            [
              77.70972541166486,
              12.680803222105757
            ],
            [
              77.70972930899794,
              12.680650448605762
            ],
            [
              77.70983865991748,
              12.680601804536064
            ],
            [
              77.70992895896904,
              12.680734678152842
            ]
          ]
        ]
      }
    },
    {
      "type": "Feature",
      "properties": {
        "parcel_id": "parc_0242",
        "parcel_type": "agricultural",
        "owner_type": "government",
        "area_sq_m": 344.6,
        "restricted": true
      },
      "geometry": {
        "type": "Polygon",
        "coordinates": [
          [
            [
              77.71673788793159,
              12.689541527197902
            ],
            [
              77.71668057460032,
              12.68965342531188
            ],
            [
              77.7165476794949,
              12.689650335788373
            ],
            [
              77.71655161486352,
              12.689497371734955
            ],
            [
              77.71668555264623,
              12.689463506373306
            ],
            [
              77.71673788793159,
              12.689541527197902
            ]
          ]
        ]
      }
    },
    {
      "type": "Feature",
      "properties": {
        "parcel_id": "parc_0243",
        "parcel_type": "residential",
        "owner_type": "private",
        "area_sq_m": 436.7,
        "restricted": false
      },
      "geometry": {
        "type": "Polygon",
        "coordinates": [
          [
            [
              77.71240919282705,
              12.68398610854117
            ],
            [
              77.71234608998303,
              12.68408490519061
            ],
            [
              77.71217959474674,
              12.684025274307562
            ],
            [
              77.71218860326024,
              12.683912753868846
            ],
            [
              77.71235384435059,
              12.683853470189137
            ],
            [
              77.71240919282705,
              12.68398610854117
            ]
          ]
        ]
      }
    },
    {
      "type": "Feature",
      "properties": {
        "parcel_id": "parc_0244",
        "parcel_type": "agricultural",
        "owner_type": "private",
        "area_sq_m": 569.8,
        "restricted": false
      },
      "geometry": {
        "type": "Polygon",
        "coordinates": [
          [
            [
              77.71795582239253,
              12.689436459995655
            ],
            [
              77.71784094740217,
              12.689606609314838
            ],
            [
              77.71769738581256,
              12.689553958185202
            ],
            [
              77.71769906856828,
              12.689394070891272
            ],
            [
              77.71785915087723,
              12.68933910991611
            ],
            [
              77.71795582239253,
              12.689436459995655
            ]
          ]
        ]
      }
    },
    {
      "type": "Feature",
      "properties": {
        "parcel_id": "parc_0245",
        "parcel_type": "residential",
        "owner_type": "government",
        "area_sq_m": 537.2,
        "restricted": true
      },
      "geometry": {
        "type": "Polygon",
        "coordinates": [
          [
            [
              77.71525834997301,
              12.68832792494797
            ],
            [
              77.71513550840452,
              12.688428509586569
            ],
            [
              77.71500709726945,
              12.68840561926343
            ],
            [
              77.7149962573912,
              12.688232752042751
            ],
            [
              77.715131765051,
              12.688178176881408
            ],
            [
              77.71525834997301,
              12.68832792494797
            ]
          ]
        ]
      }
    },
    {
      "type": "Feature",
      "properties": {
        "parcel_id": "parc_0246",
        "parcel_type": "agricultural",
        "owner_type": "private",
        "area_sq_m": 342.6,
        "restricted": false
      },
      "geometry": {
        "type": "Polygon",
        "coordinates": [
          [
            [
              77.71584979599739,
              12.677701310045121
            ],
            [
              77.71581531032763,
              12.677821036372134
            ],
            [
              77.71568260637132,
              12.677783851396526
            ],
            [
              77.71566991113177,
              12.677646556395322
            ],
            [
              77.7157851371249,
              12.677601342363104
            ],
            [
              77.71584979599739,
              12.677701310045121
            ]
          ]
        ]
      }
    },
    {
      "type": "Feature",
      "properties": {
        "parcel_id": "parc_0247",
        "parcel_type": "residential",
        "owner_type": "common",
        "area_sq_m": 409.3,
        "restricted": false
      },
      "geometry": {
        "type": "Polygon",
        "coordinates": [
          [
            [
              77.71635586010463,
              12.67869200767009
            ],
            [
              77.71628867732996,
              12.678776690649606
            ],
            [
              77.71613087892321,
              12.678750995365544
            ],
            [
              77.71613488013458,
              12.67861812760428
            ],
            [
              77.71626990106117,
              12.67856509368967
            ],
            [
              77.71635586010463,
              12.67869200767009
            ]
          ]
        ]
      }
    },
    {
      "type": "Feature",
      "properties": {
        "parcel_id": "parc_0248",
        "parcel_type": "commercial",
        "owner_type": "private",
        "area_sq_m": 439.7,
        "restricted": false
      },
      "geometry": {
        "type": "Polygon",
        "coordinates": [
          [
            [
              77.71737796373596,
              12.683609664144045
            ],
            [
              77.71728663900026,
              12.683706054938884
            ],
            [
              77.71714423251676,
              12.683690017903716
            ],
            [
              77.71717573763442,
              12.68351892868549
            ],
            [
              77.71728012600352,
              12.683473131476221
            ],
            [
              77.71737796373596,
              12.683609664144045
            ]
          ]
        ]
      }
    },
    {
      "type": "Feature",
      "properties": {
        "parcel_id": "parc_0249",
        "parcel_type": "residential",
        "owner_type": "private",
        "area_sq_m": 563.6,
        "restricted": false
      },
      "geometry": {
        "type": "Polygon",
        "coordinates": [
          [
            [
              77.71005991848287,
              12.675904824542483
            ],
            [
              77.70997926995307,
              12.676054703261116
            ],
            [
              77.70978923479404,
              12.675994154912164
            ],
            [
              77.70985292543098,
              12.675837457399156
            ],
            [
              77.71000096176839,
              12.675782293069757
            ],
            [
              77.71005991848287,
              12.675904824542483
            ]
          ]
        ]
      }
    },
    {
      "type": "Feature",
      "properties": {
        "parcel_id": "parc_0250",
        "parcel_type": "agricultural",
        "owner_type": "private",
        "area_sq_m": 471.8,
        "restricted": false
      },
      "geometry": {
        "type": "Polygon",
        "coordinates": [
          [
            [
              77.70799835584889,
              12.684876571762356
            ],
            [
              77.7079102605594,
              12.684995833156183
            ],
            [
              77.70776171147578,
              12.684931423866505
            ],
            [
              77.70779321029359,
              12.684798003510434
            ],
            [
              77.70792498296598,
              12.684734677629756
            ],
            [
              77.70799835584889,
              12.684876571762356
            ]
          ]
        ]
      }
    },
    {
      "type": "Feature",
      "properties": {
        "parcel_id": "parc_0251",
        "parcel_type": "commercial",
        "owner_type": "private",
        "area_sq_m": 349.3,
        "restricted": false
      },
      "geometry": {
        "type": "Polygon",
        "coordinates": [
          [
            [
              77.7231537109304,
              12.679241325351542
            ],
            [
              77.72305656166272,
              12.679327847130237
            ],
            [
              77.72293496311799,
              12.679284769488005
            ],
            [
              77.72293826246516,
              12.679156453966069
            ],
            [
              77.72306686460226,
              12.679141846164153
            ],
            [
              77.7231537109304,
              12.679241325351542
            ]
          ]
        ]
      }
    },
    {
      "type": "Feature",
      "properties": {
        "parcel_id": "parc_0252",
        "parcel_type": "residential",
        "owner_type": "private",
        "area_sq_m": 628.8,
        "restricted": false
      },
      "geometry": {
        "type": "Polygon",
        "coordinates": [
          [
            [
              77.71539796514294,
              12.685468620524228
            ],
            [
              77.71524877723205,
              12.685651860357007
            ],
            [
              77.7151264719375,
              12.685557882236631
            ],
            [
              77.71514554702165,
              12.685397607560486
            ],
            [
              77.71525955218299,
              12.685335259410262
            ],
            [
              77.71539796514294,
              12.685468620524228
            ]
          ]
        ]
      }
    },
    {
      "type": "Feature",
      "properties": {
        "parcel_id": "parc_0253",
        "parcel_type": "agricultural",
        "owner_type": "private",
        "area_sq_m": 508.0,
        "restricted": false
      },
      "geometry": {
        "type": "Polygon",
        "coordinates": [
          [
            [
              77.72365373448672,
              12.679959528945036
            ],
            [
              77.72358634473487,
              12.680045115676029
            ],
            [
              77.72342108337178,
              12.680009055033192
            ],
            [
              77.72343520065616,
              12.679834620122584
            ],
            [
              77.72357844440894,
              12.679797483816504
            ],
            [
              77.72365373448672,
              12.679959528945036
            ]
          ]
        ]
      }
    },
    {
      "type": "Feature",
      "properties": {
        "parcel_id": "parc_0254",
        "parcel_type": "commercial",
        "owner_type": "government",
        "area_sq_m": 309.6,
        "restricted": false
      },
      "geometry": {
        "type": "Polygon",
        "coordinates": [
          [
            [
              77.71234975704701,
              12.673986560287737
            ],
            [
              77.71227256614382,
              12.674073474277725
            ],
            [
              77.71217674181771,
              12.674016741549334
            ],
            [
              77.7121629923026,
              12.673888878004567
            ],
            [
              77.7122783901044,
              12.673868900091994
            ],
            [
              77.71234975704701,
              12.673986560287737
            ]
          ]
        ]
      }
    },
    {
      "type": "Feature",
      "properties": {
        "parcel_id": "parc_0255",
        "parcel_type": "residential",
        "owner_type": "private",
        "area_sq_m": 423.9,
        "restricted": false
      },
      "geometry": {
        "type": "Polygon",
        "coordinates": [
          [
            [
              77.71402781921391,
              12.67955307033852
            ],
            [
              77.71394933880514,
              12.679669740255857
            ],
            [
              77.713824259877,
              12.679604373157519
            ],
            [
              77.71380250389204,
              12.679472083189072
            ],
            [
              77.71395010738382,
              12.679431741274595
            ],
            [
              77.71402781921391,
              12.67955307033852
            ]
          ]
        ]
      }
    },
    {
      "type": "Feature",
      "properties": {
        "parcel_id": "parc_0256",
        "parcel_type": "residential",
        "owner_type": "common",
        "area_sq_m": 534.8,
        "restricted": false
      },
      "geometry": {
        "type": "Polygon",
        "coordinates": [
          [
            [
              77.70962425135177,
              12.681200120552699
            ],
            [
              77.70948154262067,
              12.681297614053573
            ],
            [
              77.70935704284642,
              12.68124501433591
            ],
            [
              77.7093624963995,
              12.681102269882409
            ],
            [
              77.70949343150002,
              12.681039386255309
            ],
            [
              77.70962425135177,
              12.681200120552699
            ]
          ]
        ]
      }
    },
    {
      "type": "Feature",
      "properties": {
        "parcel_id": "parc_0257",
        "parcel_type": "residential",
        "owner_type": "common",
        "area_sq_m": 507.8,
        "restricted": false
      },
      "geometry": {
        "type": "Polygon",
        "coordinates": [
          [
            [
              77.71040870051065,
              12.682125722191005
            ],
            [
              77.7102915054023,
              12.68229164185268
            ],
            [
              77.71016574382752,
              12.682244392488782
            ],
            [
              77.71016227171295,
              12.682068421729635
            ],
            [
              77.71030211740212,
              12.682048780568639
            ],
            [
              77.71040870051065,
              12.682125722191005
            ]
          ]
        ]
      }
    },
    {
      "type": "Feature",
      "properties": {
        "parcel_id": "parc_0258",
        "parcel_type": "residential",
        "owner_type": "private",
        "area_sq_m": 486.5,
        "restricted": false
      },
      "geometry": {
        "type": "Polygon",
        "coordinates": [
          [
            [
              77.71270001658162,
              12.691422727247614
            ],
            [
              77.71261817944385,
              12.691559210362506
            ],
            [
              77.71243472934572,
              12.69151074192403
            ],
            [
              77.71247534231529,
              12.69138273157337
            ],
            [
              77.71262949911403,
              12.691322983116354
            ],
            [
              77.71270001658162,
              12.691422727247614
            ]
          ]
        ]
      }
    },
    {
      "type": "Feature",
      "properties": {
        "parcel_id": "parc_0259",
        "parcel_type": "agricultural",
        "owner_type": "government",
        "area_sq_m": 576.9,
        "restricted": false
      },
      "geometry": {
        "type": "Polygon",
        "coordinates": [
          [
            [
              77.7171025180509,
              12.682704894849497
            ],
            [
              77.7169873382661,
              12.682861180549406
            ],
            [
              77.71684455954345,
              12.682788267376921
            ],
            [
              77.7168306474033,
              12.682635661900955
            ],
            [
              77.71699273711137,
              12.682594503314908
            ],
            [
              77.7171025180509,
              12.682704894849497
            ]
          ]
        ]
      }
    },
    {
      "type": "Feature",
      "properties": {
        "parcel_id": "parc_0260",
        "parcel_type": "residential",
        "owner_type": "private",
        "area_sq_m": 551.6,
        "restricted": false
      },
      "geometry": {
        "type": "Polygon",
        "coordinates": [
          [
            [
              77.71813428224522,
              12.689030614354193
            ],
            [
              77.71804333265706,
              12.689180677591743
            ],
            [
              77.71788215633917,
              12.689108459121002
            ],
            [
              77.71787576858233,
              12.68897415684128
            ],
            [
              77.71802952528913,
              12.688913266586962
            ],
            [
              77.71813428224522,
              12.689030614354193
            ]
          ]
        ]
      }
    },
    {
      "type": "Feature",
      "properties": {
        "parcel_id": "parc_0261",
        "parcel_type": "residential",
        "owner_type": "private",
        "area_sq_m": 293.9,
        "restricted": false
      },
      "geometry": {
        "type": "Polygon",
        "coordinates": [
          [
            [
              77.71509402922247,
              12.691526244283347
            ],
            [
              77.71500109833265,
              12.691627648568968
            ],
            [
              77.714899119903,
              12.691571371483512
            ],
            [
              77.71488579339174,
              12.691479431310873
            ],
            [
              77.71500254506024,
              12.691440280826788
            ],
            [
              77.71509402922247,
              12.691526244283347
            ]
          ]
        ]
      }
    },
    {
      "type": "Feature",
      "properties": {
        "parcel_id": "parc_0262",
        "parcel_type": "residential",
        "owner_type": "private",
        "area_sq_m": 624.6,
        "restricted": false
      },
      "geometry": {
        "type": "Polygon",
        "coordinates": [
          [
            [
              77.72216728050905,
              12.687669339533146
            ],
            [
              77.72206975691219,
              12.687842737821756
            ],
            [
              77.72190346449192,
              12.687777986820455
            ],
            [
              77.7218811466565,
              12.687624538793358
            ],
            [
              77.72207047021601,
              12.687572621906046
            ],
            [
              77.72216728050905,
              12.687669339533146
            ]
          ]
        ]
      }
    },
    {
      "type": "Feature",
      "properties": {
        "parcel_id": "parc_0263",
        "parcel_type": "residential",
        "owner_type": "private",
        "area_sq_m": 661.8,
        "restricted": false
      },
      "geometry": {
        "type": "Polygon",
        "coordinates": [
          [
            [
              77.71675040278123,
              12.686788355395748
            ],
            [
              77.7166273609065,
              12.686934722410612
            ],
            [
              77.71648989883757,
              12.686877627755795
            ],
            [
              77.7164732650009,
              12.686718790628767
            ],
            [
              77.71664569408158,
              12.686627040418141
            ],
            [
              77.71675040278123,
              12.686788355395748
            ]
          ]
        ]
      }
    },
    {
      "type": "Feature",
      "properties": {
        "parcel_id": "parc_0264",
        "parcel_type": "residential",
        "owner_type": "common",
        "area_sq_m": 350.5,
        "restricted": false
      },
      "geometry": {
        "type": "Polygon",
        "coordinates": [
          [
            [
              77.71668777996372,
              12.673769580431955
            ],
            [
              77.71661709279235,
              12.673856852442992
            ],
            [
              77.71650428630021,
              12.673828282749183
            ],
            [
              77.71647936220927,
              12.673701814859314
            ],
            [
              77.71660696737347,
              12.673645620505765
            ],
            [
              77.71668777996372,
              12.673769580431955
            ]
          ]
        ]
      }
    },
    {
      "type": "Feature",
      "properties": {
        "parcel_id": "parc_0265",
        "parcel_type": "residential",
        "owner_type": "private",
        "area_sq_m": 277.4,
        "restricted": false
      },
      "geometry": {
        "type": "Polygon",
        "coordinates": [
          [
            [
              77.7203594099591,
              12.687315357247916
            ],
            [
              77.72030753015274,
              12.687434164970746
            ],
            [
              77.72018244326082,
              12.687387490104483
            ],
            [
              77.72019114635059,
              12.687276295723327
            ],
            [
              77.72029805912797,
              12.687249417715046
            ],
            [
              77.7203594099591,
              12.687315357247916
            ]
          ]
        ]
      }
    },
    {
      "type": "Feature",
      "properties": {
        "parcel_id": "parc_0266",
        "parcel_type": "residential",
        "owner_type": "private",
        "area_sq_m": 674.7,
        "restricted": false
      },
      "geometry": {
        "type": "Polygon",
        "coordinates": [
          [
            [
              77.70910068269531,
              12.684660118887388
            ],
            [
              77.70899482510748,
              12.684771760607264
            ],
            [
              77.70883861845901,
              12.684728114818938
            ],
            [
              77.70879626547418,
              12.68455805063751
            ],
            [
              77.7090014050368,
              12.684495401511011
            ],
            [
              77.70910068269531,
              12.684660118887388
            ]
          ]
        ]
      }
    },
    {
      "type": "Feature",
      "properties": {
        "parcel_id": "parc_0267",
        "parcel_type": "residential",
        "owner_type": "private",
        "area_sq_m": 299.9,
        "restricted": false
      },
      "geometry": {
        "type": "Polygon",
        "coordinates": [
          [
            [
              77.70911119566418,
              12.681587512485532
            ],
            [
              77.70906217220993,
              12.68166055523962
            ],
            [
              77.70893134040261,
              12.681617729869354
            ],
            [
              77.7089158939834,
              12.681498185281539
            ],
            [
              77.70905694156174,
              12.681485604411224
            ],
            [
              77.70911119566418,
              12.681587512485532
            ]
          ]
        ]
      }
    },
    {
      "type": "Feature",
      "properties": {
        "parcel_id": "parc_0268",
        "parcel_type": "agricultural",
        "owner_type": "private",
        "area_sq_m": 363.4,
        "restricted": false
      },
      "geometry": {
        "type": "Polygon",
        "coordinates": [
          [
            [
              77.7173125184847,
              12.677320832273393
            ],
            [
              77.71727106262932,
              12.67744137633188
            ],
            [
              77.71712070549245,
              12.67739076191371
            ],
            [
              77.71712427624819,
              12.677271331423189
            ],
            [
              77.71724973554214,
              12.677218769727041
            ],
            [
              77.7173125184847,
              12.677320832273393
            ]
          ]
        ]
      }
    }
  ]
}